date,CBCE
2008-01-02,103.2974
2008-01-03,103.2915
2008-01-04,103.2912
2008-01-07,103.3342
2008-01-08,103.368
2008-01-09,103.3793
2008-01-10,103.3783
2008-01-11,103.4102
2008-01-14,103.4032
2008-01-15,103.4045
2008-01-16,103.4123
2008-01-17,103.4301
2008-01-18,103.4605
2008-01-21,103.5209
2008-01-22,103.5234
2008-01-23,103.7
2008-01-24,103.844
2008-01-25,103.9136
2008-01-28,104.0127
2008-01-29,104.0247
2008-01-30,104.1155
2008-01-31,104.224
2008-02-01,104.5124
2008-02-02,104.5684
2008-02-03,104.6179
2008-02-04,104.6464
2008-02-05,104.6737
2008-02-13,104.7392
2008-02-14,104.7468
2008-02-15,104.7361
2008-02-18,104.7276
2008-02-19,104.6095
2008-02-20,104.6403
2008-02-21,104.6818
2008-02-22,104.7509
2008-02-25,104.8004
2008-02-26,104.8651
2008-02-27,104.9118
2008-02-28,104.9543
2008-02-29,104.8421
2008-03-03,104.8559
2008-03-04,104.8126
2008-03-05,104.7855
2008-03-06,104.7895
2008-03-07,104.7777
2008-03-10,104.7967
2008-03-11,104.7778
2008-03-12,104.8091
2008-03-13,104.8424
2008-03-14,104.8817
2008-03-17,104.9132
2008-03-18,104.9257
2008-03-19,105.0045
2008-03-20,105.0497
2008-03-21,105.0876
2008-03-24,105.1224
2008-03-25,105.238
2008-03-26,105.2951
2008-03-27,105.3514
2008-03-28,105.3633
2008-03-31,105.3527
2008-04-01,105.3307
2008-04-02,105.3284
2008-04-03,105.3501
2008-04-07,105.376
2008-04-08,105.3875
2008-04-09,105.3976
2008-04-10,105.4128
2008-04-11,105.4137
2008-04-14,105.4452
2008-04-15,105.4735
2008-04-16,105.4717
2008-04-17,105.4767
2008-04-18,105.4988
2008-04-21,105.4858
2008-04-22,105.4974
2008-04-23,105.4896
2008-04-24,105.378
2008-04-25,105.3439
2008-04-28,105.3631
2008-04-29,105.3502
2008-04-30,105.3382
2008-05-04,105.4053
2008-05-05,105.4225
2008-05-06,105.4181
2008-05-07,105.1201
2008-05-08,105.1544
2008-05-09,105.1688
2008-05-12,105.1674
2008-05-13,105.1755
2008-05-14,105.1699
2008-05-15,105.1719
2008-05-16,105.1717
2008-05-19,105.1561
2008-05-20,105.1537
2008-05-21,105.1462
2008-05-22,105.1543
2008-05-23,105.1671
2008-05-26,105.1407
2008-05-27,105.1464
2008-05-28,105.1728
2008-05-29,105.1763
2008-05-30,105.1925
2008-06-02,105.2083
2008-06-03,105.2309
2008-06-04,105.2399
2008-06-05,105.2553
2008-06-06,105.2494
2008-06-10,105.1319
2008-06-11,104.758
2008-06-12,104.7626
2008-06-13,104.7375
2008-06-16,104.7675
2008-06-17,104.7526
2008-06-18,104.7636
2008-06-19,104.7734
2008-06-20,104.6125
2008-06-23,104.542
2008-06-24,104.5588
2008-06-25,104.5496
2008-06-26,104.3866
2008-06-27,104.236
2008-06-30,104.2187
2008-07-01,104.1607
2008-07-02,104.0368
2008-07-03,104.047
2008-07-04,104.0373
2008-07-07,104.0712
2008-07-08,104.1212
2008-07-09,104.1719
2008-07-10,104.2271
2008-07-11,104.2743
2008-07-14,104.3085
2008-07-15,104.3139
2008-07-16,104.3502
2008-07-17,104.3602
2008-07-18,104.375
2008-07-21,104.4034
2008-07-22,104.4083
2008-07-23,104.4154
2008-07-24,104.407
2008-07-25,104.3932
2008-07-28,104.4264
2008-07-29,104.4277
2008-07-30,104.4291
2008-07-31,104.4224
2008-08-01,104.3455
2008-08-04,104.3451
2008-08-05,104.3734
2008-08-06,104.3893
2008-08-07,104.3745
2008-08-08,104.4045
2008-08-11,104.2558
2008-08-12,104.3245
2008-08-13,104.3756
2008-08-14,104.4505
2008-08-15,104.5499
2008-08-18,104.5951
2008-08-19,104.6538
2008-08-20,104.557
2008-08-21,104.6193
2008-08-22,104.6949
2008-08-25,104.7054
2008-08-26,104.7603
2008-08-27,104.8244
2008-08-28,104.9556
2008-08-29,105.0321
2008-09-01,105.2131
2008-09-02,105.3369
2008-09-03,105.3808
2008-09-04,105.3552
2008-09-05,105.3633
2008-09-08,105.3793
2008-09-09,105.4923
2008-09-10,105.6738
2008-09-11,105.8116
2008-09-12,106.1203
2008-09-16,106.9434
2008-09-17,107.4181
2008-09-18,107.3212
2008-09-19,107.2842
2008-09-22,107.2035
2008-09-23,107.2107
2008-09-24,107.3619
2008-09-25,107.3951
2008-09-26,107.3674
2008-09-27,107.3997
2008-09-28,107.3954
2008-10-06,107.5176
2008-10-07,108.1429
2008-10-08,108.9362
2008-10-09,109.9932
2008-10-10,110.1342
2008-10-13,109.8196
2008-10-14,109.6426
2008-10-15,109.7716
2008-10-16,109.7911
2008-10-17,109.6197
2008-10-20,109.4914
2008-10-21,109.5709
2008-10-22,109.5712
2008-10-23,109.5789
2008-10-24,109.6336
2008-10-27,109.7038
2008-10-28,110.0044
2008-10-29,110.1283
2008-10-30,110.296
2008-10-31,110.265
2008-11-03,110.342
2008-11-04,110.3802
2008-11-05,110.4829
2008-11-06,110.6326
2008-11-07,110.7905
2008-11-10,111.1028
2008-11-11,111.1581
2008-11-12,111.3299
2008-11-13,111.6306
2008-11-14,111.3117
2008-11-17,111.1679
2008-11-18,111.2072
2008-11-19,110.8163
2008-11-20,110.9454
2008-11-21,111.0956
2008-11-24,111.001
2008-11-25,110.6783
2008-11-26,110.9117
2008-11-27,111.3644
2008-11-28,111.1858
2008-12-01,111.0303
2008-12-02,111.1723
2008-12-03,111.3474
2008-12-04,111.5317
2008-12-05,111.872
2008-12-08,111.8795
2008-12-09,111.6084
2008-12-10,111.6638
2008-12-11,111.5574
2008-12-12,111.7676
2008-12-15,111.8577
2008-12-16,111.9734
2008-12-17,112.4214
2008-12-18,112.7123
2008-12-19,112.7716
2008-12-22,112.7476
2008-12-23,112.7226
2008-12-24,112.7111
2008-12-25,112.6913
2008-12-26,112.6268
2008-12-29,112.6384
2008-12-30,112.6306
2008-12-31,112.6513
2009-01-04,112.7936
2009-01-05,112.8266
2009-01-06,112.8832
2009-01-07,112.9637
2009-01-08,113.0145
2009-01-09,113.0734
2009-01-12,113.0501
2009-01-13,112.8096
2009-01-14,112.5336
2009-01-15,112.2604
2009-01-16,112.0408
2009-01-19,111.9271
2009-01-20,111.5799
2009-01-21,111.4698
2009-01-22,111.6816
2009-01-23,111.7926
2009-01-24,111.7626
2009-02-01,111.8644
2009-02-02,111.6728
2009-02-03,111.4399
2009-02-04,111.1416
2009-02-05,110.7321
2009-02-06,110.8901
2009-02-09,111.0206
2009-02-10,110.9899
2009-02-11,111.0658
2009-02-12,111.3405
2009-02-13,111.3846
2009-02-16,111.3481
2009-02-17,111.1633
2009-02-18,111.1836
2009-02-19,111.2661
2009-02-20,111.2399
2009-02-23,111.2318
2009-02-24,111.2673
2009-02-25,111.2916
2009-02-26,111.3516
2009-02-27,111.3368
2009-03-02,111.1815
2009-03-03,111.1587
2009-03-04,111.1144
2009-03-05,110.9881
2009-03-06,111.0505
2009-03-09,111.0579
2009-03-10,111.0979
2009-03-11,111.1608
2009-03-12,111.1968
2009-03-13,111.1966
2009-03-16,111.2095
2009-03-17,111.3069
2009-03-18,111.2918
2009-03-19,111.3221
2009-03-20,111.2939
2009-03-23,111.2929
2009-03-24,111.2327
2009-03-25,111.2068
2009-03-26,111.1763
2009-03-27,111.1292
2009-03-30,111.0697
2009-03-31,111.0724
2009-04-01,111.0384
2009-04-02,111.0288
2009-04-03,110.9145
2009-04-07,110.8476
2009-04-08,110.7787
2009-04-09,110.7467
2009-04-10,110.7575
2009-04-13,110.6931
2009-04-14,110.6925
2009-04-15,110.6956
2009-04-16,110.692
2009-04-17,110.7731
2009-04-20,110.764
2009-04-21,110.768
2009-04-22,110.7618
2009-04-23,110.7107
2009-04-24,110.7064
2009-04-27,110.6841
2009-04-28,110.6874
2009-04-29,110.7437
2009-04-30,110.7576
2009-05-04,110.7992
2009-05-05,110.7974
2009-05-06,110.8109
2009-05-07,110.8344
2009-05-08,110.8908
2009-05-11,110.9048
2009-05-12,110.9325
2009-05-13,110.9931
2009-05-14,111.0289
2009-05-15,111.09
2009-05-18,111.1112
2009-05-19,111.1199
2009-05-20,111.159
2009-05-21,111.1467
2009-05-22,111.117
2009-05-25,111.0647
2009-05-26,111.0455
2009-05-27,111.0419
2009-05-31,111.0499
2009-06-01,111.0333
2009-06-02,111.027
2009-06-03,111.0213
2009-06-04,110.9737
2009-06-05,110.9488
2009-06-08,110.9455
2009-06-09,110.9481
2009-06-10,110.9254
2009-06-11,110.765
2009-06-12,110.7232
2009-06-15,110.7509
2009-06-16,110.7543
2009-06-17,110.77
2009-06-18,110.7643
2009-06-19,110.7307
2009-06-22,110.7008
2009-06-23,110.6695
2009-06-24,110.6228
2009-06-25,110.606
2009-06-26,110.5513
2009-06-29,110.5872
2009-06-30,110.5845
2009-07-01,110.5523
2009-07-02,110.5611
2009-07-03,110.5484
2009-07-06,110.5136
2009-07-07,110.4698
2009-07-08,110.4529
2009-07-09,110.2967
2009-07-10,110.2189
2009-07-13,110.1981
2009-07-14,110.1761
2009-07-15,110.0548
2009-07-16,109.8606
2009-07-17,109.7236
2009-07-20,109.6622
2009-07-21,109.7272
2009-07-22,109.8034
2009-07-23,109.83
2009-07-24,109.7971
2009-07-27,109.8009
2009-07-28,109.812
2009-07-29,109.7738
2009-07-30,109.7612
2009-07-31,109.7052
2009-08-03,109.6949
2009-08-04,109.6993
2009-08-05,109.7129
2009-08-06,109.7341
2009-08-07,109.7522
2009-08-10,109.7663
2009-08-11,109.7579
2009-08-12,109.765
2009-08-13,109.7752
2009-08-14,109.7716
2009-08-17,109.7724
2009-08-18,109.7887
2009-08-19,109.7907
2009-08-20,109.6502
2009-08-21,109.6673
2009-08-24,109.6832
2009-08-25,109.6712
2009-08-26,109.6635
2009-08-27,109.6604
2009-08-28,109.6704
2009-08-31,109.589
2009-09-01,109.5888
2009-09-02,109.5879
2009-09-03,109.6051
2009-09-04,109.5819
2009-09-07,109.5961
2009-09-08,109.612
2009-09-09,109.6155
2009-09-10,109.6077
2009-09-11,109.5795
2009-09-14,109.5934
2009-09-15,109.622
2009-09-16,109.6215
2009-09-17,109.602
2009-09-18,109.5508
2009-09-21,109.4916
2009-09-22,109.4281
2009-09-23,109.3842
2009-09-24,109.3556
2009-09-25,109.3217
2009-09-27,109.3484
2009-09-28,109.3637
2009-09-29,109.3554
2009-09-30,109.3531
2009-10-09,109.3408
2009-10-10,109.3057
2009-10-12,109.2234
2009-10-13,109.1079
2009-10-14,109.0436
2009-10-15,109.0071
2009-10-16,108.9784
2009-10-19,108.9785
2009-10-20,109.0112
2009-10-21,109.0376
2009-10-22,109.0286
2009-10-23,108.9949
2009-10-26,109.0003
2009-10-27,109.0067
2009-10-28,108.9826
2009-10-29,108.9791
2009-10-30,108.9966
2009-11-02,109.0053
2009-11-03,109.0147
2009-11-04,109.0151
2009-11-05,108.9958
2009-11-06,109.0038
2009-11-09,109.0074
2009-11-10,109.0085
2009-11-11,109.034
2009-11-12,109.0603
2009-11-13,109.0801
2009-11-16,109.0683
2009-11-17,109.0631
2009-11-18,109.0756
2009-11-19,109.0857
2009-11-20,109.1166
2009-11-23,109.1331
2009-11-24,109.1583
2009-11-25,109.1458
2009-11-26,109.1586
2009-11-27,109.2323
2009-11-30,109.2735
2009-12-01,109.2344
2009-12-02,109.2344
2009-12-03,109.2223
2009-12-04,109.2332
2009-12-07,109.2322
2009-12-08,109.1942
2009-12-09,109.2258
2009-12-10,109.2193
2009-12-11,109.1064
2009-12-14,109.1302
2009-12-15,109.1087
2009-12-16,109.1524
2009-12-17,109.1577
2009-12-18,109.1475
2009-12-21,109.1387
2009-12-22,109.1478
2009-12-23,109.1529
2009-12-24,109.1562
2009-12-25,109.1598
2009-12-28,109.1742
2009-12-29,109.1861
2009-12-30,109.1912
2009-12-31,109.2078
2010-01-04,109.2126
2010-01-05,109.2294
2010-01-06,109.2495
2010-01-07,109.2359
2010-01-08,109.2043
2010-01-11,109.2065
2010-01-12,109.1949
2010-01-13,109.1202
2010-01-14,109.1515
2010-01-15,109.1691
2010-01-18,109.1888
2010-01-19,109.2144
2010-01-20,109.2883
2010-01-21,109.3123
2010-01-22,109.3563
2010-01-25,109.4082
2010-01-26,109.4637
2010-01-27,109.5115
2010-01-28,109.5405
2010-01-29,109.5876
2010-02-01,109.6746
2010-02-02,109.7357
2010-02-03,109.8164
2010-02-04,109.796
2010-02-05,109.852
2010-02-08,109.907
2010-02-09,109.9439
2010-02-10,109.9621
2010-02-11,109.9807
2010-02-12,109.9824
2010-02-20,109.9318
2010-02-21,109.9099
2010-02-22,109.8929
2010-02-23,109.895
2010-02-24,109.9508
2010-02-25,110.0419
2010-02-26,110.2593
2010-03-01,110.205
2010-03-02,110.2735
2010-03-03,110.3784
2010-03-04,110.3211
2010-03-05,110.3602
2010-03-08,110.3974
2010-03-09,110.4041
2010-03-10,110.4416
2010-03-11,110.3894
2010-03-12,110.3946
2010-03-15,110.4045
2010-03-16,110.4367
2010-03-17,110.5321
2010-03-18,110.5725
2010-03-19,110.5854
2010-03-22,110.547
2010-03-23,110.5419
2010-03-24,110.5506
2010-03-25,110.5311
2010-03-26,110.5051
2010-03-29,110.4449
2010-03-30,110.4008
2010-03-31,110.4488
2010-04-01,110.454
2010-04-02,110.4436
2010-04-06,110.4749
2010-04-07,110.3914
2010-04-08,110.3203
2010-04-09,110.3161
2010-04-12,110.3238
2010-04-13,110.3863
2010-04-14,110.3972
2010-04-15,110.4173
2010-04-16,110.429
2010-04-19,110.4969
2010-04-20,110.5574
2010-04-21,110.5768
2010-04-22,110.6102
2010-04-23,110.6464
2010-04-26,110.7197
2010-04-27,110.7408
2010-04-28,110.7822
2010-04-29,110.8046
2010-04-30,110.8079
2010-05-04,110.7885
2010-05-05,110.7629
2010-05-06,110.7979
2010-05-07,110.9451
2010-05-10,110.9323
2010-05-11,110.9444
2010-05-12,111.0
2010-05-13,111.0457
2010-05-14,111.0488
2010-05-17,111.1037
2010-05-18,111.2008
2010-05-19,111.2881
2010-05-20,111.2482
2010-05-21,111.2686
2010-05-24,111.2242
2010-05-25,111.1998
2010-05-26,111.2126
2010-05-27,111.1756
2010-05-28,111.1597
2010-05-31,111.1505
2010-06-01,111.0552
2010-06-02,111.0722
2010-06-03,111.1199
2010-06-04,111.1429
2010-06-07,111.1865
2010-06-08,111.1783
2010-06-09,111.1511
2010-06-10,111.1119
2010-06-11,110.9446
2010-06-12,110.9431
2010-06-13,110.9303
2010-06-17,110.957
2010-06-18,110.7297
2010-06-21,110.7389
2010-06-22,110.761
2010-06-23,110.7374
2010-06-24,110.7434
2010-06-25,110.7462
2010-06-28,110.8382
2010-06-29,110.8941
2010-06-30,110.9374
2010-07-01,110.9758
2010-07-02,111.0039
2010-07-05,111.0348
2010-07-06,111.1692
2010-07-07,111.2214
2010-07-08,111.2183
2010-07-09,111.2339
2010-07-12,111.2874
2010-07-13,111.4048
2010-07-14,111.4463
2010-07-15,111.4578
2010-07-16,111.4947
2010-07-19,111.5326
2010-07-20,111.5196
2010-07-21,111.5179
2010-07-22,111.511
2010-07-23,111.4852
2010-07-26,111.4458
2010-07-27,111.4317
2010-07-28,111.4246
2010-07-29,111.4398
2010-07-30,111.418
2010-08-02,111.4255
2010-08-03,111.4185
2010-08-04,111.4451
2010-08-05,111.4684
2010-08-06,111.4956
2010-08-09,111.5254
2010-08-10,111.5365
2010-08-11,111.5585
2010-08-12,111.6451
2010-08-13,111.6703
2010-08-16,111.6774
2010-08-17,111.6858
2010-08-18,111.6917
2010-08-19,111.6992
2010-08-20,111.579
2010-08-23,111.586
2010-08-24,111.6141
2010-08-25,111.5984
2010-08-26,111.5723
2010-08-27,111.5694
2010-08-30,111.5079
2010-08-31,111.4936
2010-09-01,111.4873
2010-09-02,111.4904
2010-09-03,111.4819
2010-09-06,111.4773
2010-09-07,111.4222
2010-09-08,111.4231
2010-09-09,111.3949
2010-09-10,111.3484
2010-09-13,111.2904
2010-09-14,111.2803
2010-09-15,111.2623
2010-09-16,111.2277
2010-09-17,111.2147
2010-09-19,111.1969
2010-09-20,111.1857
2010-09-21,111.1766
2010-09-25,111.1656
2010-09-26,111.1657
2010-09-27,111.1552
2010-09-28,111.1494
2010-09-29,111.1494
2010-09-30,111.1752
2010-10-08,111.2173
2010-10-09,111.1801
2010-10-11,111.0872
2010-10-12,111.0467
2010-10-13,111.0249
2010-10-14,111.0248
2010-10-15,111.0262
2010-10-18,111.0477
2010-10-19,111.0401
2010-10-20,110.4133
2010-10-21,110.2705
2010-10-22,110.2691
2010-10-25,110.2766
2010-10-26,110.1539
2010-10-27,110.132
2010-10-28,110.1288
2010-10-29,110.1361
2010-11-01,110.1206
2010-11-02,109.9968
2010-11-03,109.7898
2010-11-04,109.6467
2010-11-05,109.5882
2010-11-08,109.5339
2010-11-09,109.4841
2010-11-10,109.2306
2010-11-11,109.0392
2010-11-12,108.9453
2010-11-15,108.8686
2010-11-16,108.9266
2010-11-17,109.0081
2010-11-18,109.0741
2010-11-19,108.9838
2010-11-22,108.7539
2010-11-23,108.6258
2010-11-24,108.4673
2010-11-25,108.3751
2010-11-26,108.2392
2010-11-29,108.2435
2010-11-30,108.2981
2010-12-01,108.4523
2010-12-02,108.5098
2010-12-03,108.5243
2010-12-06,108.6016
2010-12-07,108.6986
2010-12-08,108.7186
2010-12-09,108.687
2010-12-10,108.6852
2010-12-13,108.6574
2010-12-14,108.678
2010-12-15,108.7146
2010-12-16,108.7513
2010-12-17,108.7802
2010-12-20,108.8315
2010-12-21,108.826
2010-12-22,108.7998
2010-12-23,108.7582
2010-12-24,108.7191
2010-12-27,108.5191
2010-12-28,108.464
2010-12-29,108.4997
2010-12-30,108.5755
2010-12-31,108.639
2011-01-04,108.7791
2011-01-05,108.966
2011-01-06,108.9666
2011-01-07,109.0431
2011-01-10,109.0364
2011-01-11,108.9868
2011-01-12,109.0238
2011-01-13,108.9776
2011-01-14,108.8877
2011-01-17,108.7625
2011-01-18,108.6282
2011-01-19,108.6218
2011-01-20,108.5832
2011-01-21,108.5598
2011-01-24,108.5463
2011-01-25,108.4867
2011-01-26,108.486
2011-01-27,108.4926
2011-01-28,108.4861
2011-01-30,108.5061
2011-01-31,108.4969
2011-02-01,108.5312
2011-02-09,108.3193
2011-02-10,108.2678
2011-02-11,108.2426
2011-02-12,108.2043
2011-02-14,108.3439
2011-02-15,108.3821
2011-02-16,108.3716
2011-02-17,108.3778
2011-02-18,108.3889
2011-02-21,108.281
2011-02-22,108.332
2011-02-23,108.4471
2011-02-24,108.655
2011-02-25,108.5839
2011-02-28,108.54
2011-03-01,108.5621
2011-03-02,108.6008
2011-03-03,108.61
2011-03-04,108.5815
2011-03-07,108.6214
2011-03-08,108.7082
2011-03-09,108.7765
2011-03-10,108.7032
2011-03-11,108.6648
2011-03-14,108.7334
2011-03-15,108.8371
2011-03-16,108.8376
2011-03-17,108.9229
2011-03-18,108.8866
2011-03-21,108.8391
2011-03-22,108.809
2011-03-23,108.8298
2011-03-24,108.8666
2011-03-25,108.8743
2011-03-28,108.8611
2011-03-29,108.8322
2011-03-30,108.8368
2011-03-31,108.8181
2011-04-01,108.8328
2011-04-02,108.844
2011-04-06,108.8249
2011-04-07,108.8513
2011-04-08,108.8717
2011-04-11,108.8885
2011-04-12,108.9654
2011-04-13,108.9879
2011-04-14,109.0203
2011-04-15,109.0297
2011-04-18,109.0022
2011-04-19,109.0279
2011-04-20,109.0302
2011-04-21,109.0149
2011-04-22,109.0152
2011-04-25,108.9881
2011-04-26,108.9867
2011-04-27,109.0228
2011-04-28,109.0325
2011-04-29,109.0588
2011-05-03,109.082
2011-05-04,109.1065
2011-05-05,109.1175
2011-05-06,109.2075
2011-05-09,109.2088
2011-05-10,109.2411
2011-05-11,109.2594
2011-05-12,109.297
2011-05-13,109.2475
2011-05-16,109.232
2011-05-17,109.2428
2011-05-18,109.25
2011-05-19,109.2375
2011-05-20,109.1972
2011-05-23,109.1887
2011-05-24,109.1661
2011-05-25,109.1574
2011-05-26,109.1625
2011-05-27,109.1952
2011-05-30,109.2044
2011-05-31,109.1843
2011-06-01,109.1842
2011-06-02,109.1659
2011-06-03,109.1722
2011-06-07,109.1609
2011-06-08,109.1057
2011-06-09,109.0736
2011-06-10,108.9991
2011-06-13,108.854
2011-06-14,108.7371
2011-06-15,108.5357
2011-06-16,108.4585
2011-06-17,108.4302
2011-06-20,108.5106
2011-06-21,108.5779
2011-06-22,108.4276
2011-06-23,108.3516
2011-06-24,108.462
2011-06-27,108.5683
2011-06-28,108.5725
2011-06-29,108.5564
2011-06-30,108.5456
2011-07-01,108.5958
2011-07-04,108.6053
2011-07-05,108.6099
2011-07-06,108.5649
2011-07-07,108.5476
2011-07-08,108.5764
2011-07-11,108.5841
2011-07-12,108.6023
2011-07-13,108.5803
2011-07-14,108.5001
2011-07-15,108.4848
2011-07-18,108.3825
2011-07-19,108.2134
2011-07-20,107.9554
2011-07-21,107.7896
2011-07-22,107.7701
2011-07-25,107.794
2011-07-26,107.7675
2011-07-27,107.7335
2011-07-28,107.6994
2011-07-29,107.7257
2011-08-01,107.7325
2011-08-02,107.7089
2011-08-03,107.5824
2011-08-04,107.5984
2011-08-05,107.7345
2011-08-08,107.8584
2011-08-09,107.9656
2011-08-10,107.9889
2011-08-11,108.102
2011-08-12,108.1233
2011-08-15,108.1893
2011-08-16,108.1532
2011-08-17,108.195
2011-08-18,108.1531
2011-08-19,108.2
2011-08-22,108.1981
2011-08-23,108.1782
2011-08-24,108.1571
2011-08-25,108.0856
2011-08-26,108.051
2011-08-29,107.6015
2011-08-30,107.3935
2011-08-31,107.4085
2011-09-01,107.4934
2011-09-02,107.4945
2011-09-05,107.5642
2011-09-06,107.6097
2011-09-07,107.5021
2011-09-08,107.4526
2011-09-09,107.4882
2011-09-13,107.5567
2011-09-14,107.5545
2011-09-15,107.5127
2011-09-16,107.4414
2011-09-19,107.4166
2011-09-20,107.4115
2011-09-21,107.3988
2011-09-22,107.4612
2011-09-23,107.681
2011-09-26,107.8964
2011-09-27,107.8782
2011-09-28,107.8729
2011-09-29,107.9409
2011-09-30,108.0147
2011-10-08,108.1226
2011-10-09,108.2604
2011-10-10,108.4175
2011-10-11,108.5232
2011-10-12,108.5156
2011-10-13,108.4938
2011-10-14,108.6118
2011-10-17,108.6537
2011-10-18,108.8486
2011-10-19,109.0495
2011-10-20,109.2733
2011-10-21,109.2991
2011-10-24,109.2594
2011-10-25,109.1669
2011-10-26,109.2342
2011-10-27,109.2116
2011-10-28,109.2241
2011-10-31,109.3262
2011-11-01,109.4796
2011-11-02,109.6103
2011-11-03,109.6936
2011-11-04,109.7562
2011-11-07,109.7873
2011-11-08,109.9596
2011-11-09,110.1771
2011-11-10,110.5546
2011-11-11,110.5817
2011-11-14,110.6095
2011-11-15,110.4871
2011-11-16,110.4866
2011-11-17,110.4061
2011-11-18,110.3866
2011-11-21,110.2973
2011-11-22,110.2844
2011-11-23,110.3975
2011-11-24,110.4067
2011-11-25,110.4082
2011-11-28,110.359
2011-11-29,110.2965
2011-11-30,110.3449
2011-12-01,110.9406
2011-12-02,111.1456
2011-12-05,111.2015
2011-12-06,111.1523
2011-12-07,111.1597
2011-12-08,111.1878
2011-12-09,111.21
2011-12-12,111.0792
2011-12-13,111.0528
2011-12-14,111.0528
2011-12-15,111.0291
2011-12-16,111.0639
2011-12-19,111.0743
2011-12-20,111.0882
2011-12-21,111.0708
2011-12-22,111.0694
2011-12-23,111.0529
2011-12-26,111.0932
2011-12-27,111.1092
2011-12-28,111.1164
2011-12-29,111.1644
2011-12-30,111.217
2011-12-31,111.2473
2012-01-04,111.2752
2012-01-05,111.3008
2012-01-06,111.4328
2012-01-09,111.536
2012-01-10,111.6441
2012-01-11,111.6619
2012-01-12,111.6991
2012-01-13,111.6827
2012-01-16,111.6561
2012-01-17,111.6863
2012-01-18,111.6772
2012-01-19,111.7614
2012-01-20,111.7881
2012-01-21,111.8071
2012-01-29,111.8749
2012-01-30,111.8895
2012-01-31,111.93
2012-02-01,111.8481
2012-02-02,111.8161
2012-02-03,111.8338
2012-02-06,111.7422
2012-02-07,111.7269
2012-02-08,111.6122
2012-02-09,111.5268
2012-02-10,111.5622
2012-02-13,111.6437
2012-02-14,111.656
2012-02-15,111.5909
2012-02-16,111.5357
2012-02-17,111.4581
2012-02-20,111.6058
2012-02-21,111.5784
2012-02-22,111.5581
2012-02-23,111.5648
2012-02-24,111.5797
2012-02-27,111.4724
2012-02-28,111.3658
2012-02-29,111.3612
2012-03-01,111.3557
2012-03-02,111.3328
2012-03-05,111.3101
2012-03-06,111.3627
2012-03-07,111.4126
2012-03-08,111.4512
2012-03-09,111.457
2012-03-12,111.4715
2012-03-13,111.4777
2012-03-14,111.4585
2012-03-15,111.43
2012-03-16,111.4597
2012-03-19,111.4322
2012-03-20,111.3913
2012-03-21,111.3578
2012-03-22,111.3404
2012-03-23,111.3835
2012-03-26,111.3797
2012-03-27,111.3687
2012-03-28,111.4135
2012-03-29,111.4545
2012-03-30,111.4673
2012-03-31,111.4934
2012-04-01,111.458
2012-04-05,111.4837
2012-04-06,111.4739
2012-04-09,111.4161
2012-04-10,111.4213
2012-04-11,111.4409
2012-04-12,111.4188
2012-04-13,111.3979
2012-04-16,111.3748
2012-04-17,111.3835
2012-04-18,111.3798
2012-04-19,111.3658
2012-04-20,111.4032
2012-04-23,111.41
2012-04-24,111.4526
2012-04-25,111.4483
2012-04-26,111.4718
2012-04-27,111.4757
2012-04-28,111.4701
2012-05-02,111.4954
2012-05-03,111.5043
2012-05-04,111.5076
2012-05-07,111.4991
2012-05-08,111.4933
2012-05-09,111.5238
2012-05-10,111.5931
2012-05-11,111.7511
2012-05-14,112.0721
2012-05-15,112.3628
2012-05-16,112.5215
2012-05-17,112.4548
2012-05-18,112.5698
2012-05-21,112.4927
2012-05-22,112.5058
2012-05-23,112.529
2012-05-24,112.6925
2012-05-25,112.9483
2012-05-28,112.9332
2012-05-29,112.8678
2012-05-30,112.8426
2012-05-31,112.908
2012-06-01,112.9532
2012-06-04,112.9486
2012-06-05,112.9448
2012-06-06,112.9472
2012-06-07,112.9187
2012-06-08,113.2178
2012-06-11,113.0355
2012-06-12,112.9977
2012-06-13,112.9357
2012-06-14,112.8873
2012-06-15,112.9012
2012-06-18,112.8105
2012-06-19,112.7664
2012-06-20,112.7406
2012-06-21,112.7612
2012-06-25,112.8031
2012-06-26,112.8263
2012-06-27,112.9055
2012-06-28,112.9374
2012-06-29,112.9411
2012-07-02,112.9264
2012-07-03,112.9471
2012-07-04,112.9628
2012-07-05,112.9983
2012-07-06,113.1459
2012-07-09,113.2018
2012-07-10,113.2337
2012-07-11,113.2685
2012-07-12,113.2732
2012-07-13,113.2648
2012-07-16,113.2182
2012-07-17,113.1898
2012-07-18,113.1714
2012-07-19,113.1672
2012-07-20,113.1719
2012-07-23,113.1744
2012-07-24,113.158
2012-07-25,113.1372
2012-07-26,113.1169
2012-07-27,113.1099
2012-07-30,113.0832
2012-07-31,113.0219
2012-08-01,113.0002
2012-08-02,112.98
2012-08-03,112.9588
2012-08-06,112.8871
2012-08-07,112.8028
2012-08-08,112.727
2012-08-09,112.7706
2012-08-10,112.7691
2012-08-13,112.7472
2012-08-14,112.722
2012-08-15,112.6759
2012-08-16,112.6459
2012-08-17,112.6336
2012-08-20,112.5238
2012-08-21,112.4758
2012-08-22,112.3566
2012-08-23,112.3441
2012-08-24,112.3967
2012-08-27,112.3519
2012-08-28,112.3031
2012-08-29,112.2146
2012-08-30,112.1821
2012-08-31,112.1754
2012-09-03,112.1916
2012-09-04,112.2278
2012-09-05,112.226
2012-09-06,112.2168
2012-09-07,112.1365
2012-09-10,112.0085
2012-09-11,111.9638
2012-09-12,111.8441
2012-09-13,111.8252
2012-09-14,111.6285
2012-09-17,111.5309
2012-09-18,111.5896
2012-09-19,111.5844
2012-09-20,111.5909
2012-09-21,111.6407
2012-09-24,111.6231
2012-09-25,111.704
2012-09-26,111.7569
2012-09-27,111.7843
2012-09-28,111.7988
2012-09-29,111.8051
2012-10-08,111.8295
2012-10-09,111.8152
2012-10-10,111.8255
2012-10-11,111.8753
2012-10-12,111.9566
2012-10-15,111.9724
2012-10-16,111.9465
2012-10-17,111.9205
2012-10-18,111.9025
2012-10-19,111.8647
2012-10-22,111.8676
2012-10-23,111.8286
2012-10-24,111.796
2012-10-25,111.746
2012-10-26,111.7065
2012-10-29,111.7035
2012-10-30,111.7388
2012-10-31,111.731
2012-11-01,111.6894
2012-11-02,111.701
2012-11-05,111.7075
2012-11-06,111.7241
2012-11-07,111.7324
2012-11-08,111.7387
2012-11-09,111.7472
2012-11-12,111.7613
2012-11-13,111.7869
2012-11-14,111.817
2012-11-15,111.8246
2012-11-16,111.8686
2012-11-19,111.8958
2012-11-20,111.9035
2012-11-21,111.8913
2012-11-22,111.8556
2012-11-23,111.8332
2012-11-26,111.7886
2012-11-27,111.7738
2012-11-28,111.7539
2012-11-29,111.748
2012-11-30,111.7434
2012-12-03,111.7467
2012-12-04,111.7362
2012-12-05,111.7163
2012-12-06,111.7123
2012-12-07,111.7055
2012-12-10,111.6964
2012-12-11,111.6293
2012-12-12,111.6336
2012-12-13,111.6405
2012-12-14,111.6325
2012-12-17,111.6023
2012-12-18,111.6068
2012-12-19,111.5904
2012-12-20,111.5677
2012-12-21,111.55
2012-12-24,111.5465
2012-12-25,111.5637
2012-12-26,111.5763
2012-12-27,111.6233
2012-12-28,111.6475
2012-12-31,111.6566
2013-01-04,111.6341
2013-01-05,111.6897
2013-01-06,111.7207
2013-01-07,111.7496
2013-01-08,111.7902
2013-01-09,111.8525
2013-01-10,111.8434
2013-01-11,111.8252
2013-01-14,111.8497
2013-01-15,111.8757
2013-01-16,111.8799
2013-01-17,111.9084
2013-01-18,111.9838
2013-01-21,112.0402
2013-01-22,112.0717
2013-01-23,112.1136
2013-01-24,112.1039
2013-01-25,112.1264
2013-01-28,112.11
2013-01-29,112.1118
2013-01-30,112.1271
2013-01-31,112.1472
2013-02-01,112.1696
2013-02-04,112.1873
2013-02-05,112.2298
2013-02-06,112.2517
2013-02-07,112.2798
2013-02-08,112.3188
2013-02-16,112.3753
2013-02-17,112.4087
2013-02-18,112.4044
2013-02-19,112.4419
2013-02-20,112.5168
2013-02-21,112.5498
2013-02-22,112.5513
2013-02-25,112.5194
2013-02-26,112.4667
2013-02-27,112.4793
2013-02-28,112.3863
2013-03-01,112.3957
2013-03-04,112.4373
2013-03-05,112.4542
2013-03-06,112.4653
2013-03-07,112.4643
2013-03-08,112.4433
2013-03-11,112.4066
2013-03-12,112.4106
2013-03-13,112.4059
2013-03-14,112.3833
2013-03-15,112.3758
2013-03-18,112.3652
2013-03-19,112.3643
2013-03-20,112.3722
2013-03-21,112.3643
2013-03-22,112.3615
2013-03-25,112.3668
2013-03-26,112.3585
2013-03-27,112.3721
2013-03-28,112.4224
2013-03-29,112.4408
2013-04-01,112.5144
2013-04-02,112.6177
2013-04-03,112.6977
2013-04-07,112.7856
2013-04-08,112.797
2013-04-09,112.866
2013-04-10,112.9164
2013-04-11,112.9005
2013-04-12,112.9191
2013-04-15,112.9922
2013-04-16,113.1004
2013-04-17,113.0805
2013-04-18,112.9966
2013-04-19,112.9119
2013-04-22,112.7777
2013-04-23,112.7846
2013-04-24,112.8138
2013-04-25,112.857
2013-04-26,112.9053
2013-04-27,112.9303
2013-04-28,112.9266
2013-05-02,113.0104
2013-05-03,113.0421
2013-05-06,113.0175
2013-05-07,113.07
2013-05-08,113.0345
2013-05-09,113.0714
2013-05-10,113.1104
2013-05-13,113.1415
2013-05-14,113.1639
2013-05-15,113.1795
2013-05-16,113.1821
2013-05-17,113.1895
2013-05-20,113.155
2013-05-21,113.1573
2013-05-22,113.1828
2013-05-23,113.2147
2013-05-24,113.2163
2013-05-27,113.257
2013-05-28,113.2867
2013-05-29,113.2655
2013-05-30,113.2705
2013-05-31,113.267
2013-06-03,113.2481
2013-06-04,113.2214
2013-06-05,113.2046
2013-06-06,113.158
2013-06-07,113.0597
2013-06-08,113.0363
2013-06-09,113.1126
2013-06-13,112.9853
2013-06-14,112.9036
2013-06-17,112.86
2013-06-18,112.7992
2013-06-19,112.5719
2013-06-20,111.9112
2013-06-21,111.9321
2013-06-24,111.9
2013-06-25,111.9351
2013-06-26,112.3203
2013-06-27,112.4653
2013-06-28,112.5802
2013-07-01,112.5974
2013-07-02,112.6807
2013-07-03,112.7364
2013-07-04,112.8161
2013-07-05,112.8519
2013-07-08,112.8255
2013-07-09,112.7893
2013-07-10,112.6739
2013-07-11,112.5843
2013-07-12,112.4821
2013-07-15,112.4652
2013-07-16,112.4188
2013-07-17,112.3314
2013-07-18,112.2827
2013-07-19,112.2224
2013-07-22,112.0528
2013-07-23,111.8645
2013-07-24,111.7211
2013-07-25,111.8304
2013-07-26,111.8924
2013-07-29,111.8674
2013-07-30,111.8891
2013-07-31,111.9209
2013-08-01,112.0111
2013-08-02,112.0885
2013-08-05,112.083
2013-08-06,112.0558
2013-08-07,111.9682
2013-08-08,111.7917
2013-08-09,111.7034
2013-08-12,111.6384
2013-08-13,111.3747
2013-08-14,111.2258
2013-08-15,111.1036
2013-08-16,111.0791
2013-08-19,110.9592
2013-08-20,110.7531
2013-08-21,110.7771
2013-08-22,110.7718
2013-08-23,110.8543
2013-08-26,110.9111
2013-08-27,110.9169
2013-08-28,110.8449
2013-08-29,110.7672
2013-08-30,110.7571
2013-09-02,110.7425
2013-09-03,110.7137
2013-09-04,110.6421
2013-09-05,110.6186
2013-09-06,110.6246
2013-09-09,110.6072
2013-09-10,110.5619
2013-09-11,110.4604
2013-09-12,110.4095
2013-09-13,110.3132
2013-09-16,110.2738
2013-09-17,110.2653
2013-09-18,110.263
2013-09-22,110.4246
2013-09-23,110.3674
2013-09-24,110.3058
2013-09-25,110.337
2013-09-26,110.4145
2013-09-27,110.3997
2013-09-29,110.3952
2013-09-30,110.4216
2013-10-08,110.5369
2013-10-09,110.4963
2013-10-10,110.5074
2013-10-11,110.4955
2013-10-12,110.4838
2013-10-14,110.3927
2013-10-15,110.337
2013-10-16,110.2754
2013-10-17,110.2458
2013-10-18,110.2138
2013-10-21,110.1849
2013-10-22,110.1112
2013-10-23,110.0353
2013-10-24,109.8025
2013-10-25,109.6689
2013-10-28,109.6115
2013-10-29,109.525
2013-10-30,109.4442
2013-10-31,109.4899
2013-11-01,109.5744
2013-11-04,109.5748
2013-11-05,109.4876
2013-11-06,109.3706
2013-11-07,109.1804
2013-11-08,109.0455
2013-11-11,108.6561
2013-11-12,108.6348
2013-11-13,108.4771
2013-11-14,108.3373
2013-11-15,108.0611
2013-11-18,107.8846
2013-11-19,107.7284
2013-11-20,107.5736
2013-11-21,107.6073
2013-11-22,107.6821
2013-11-25,107.677
2013-11-26,107.677
2013-11-27,107.7718
2013-11-28,107.9225
2013-11-29,108.1376
2013-12-02,108.011
2013-12-03,108.0759
2013-12-04,108.1373
2013-12-05,108.037
2013-12-06,107.9945
2013-12-09,107.9335
2013-12-10,107.7444
2013-12-11,107.6355
2013-12-12,107.7153
2013-12-13,107.848
2013-12-16,107.8013
2013-12-17,107.7539
2013-12-18,107.6583
2013-12-19,107.5397
2013-12-20,107.4636
2013-12-23,107.4137
2013-12-24,107.4659
2013-12-25,107.4676
2013-12-26,107.4879
2013-12-27,107.5058
2013-12-30,107.4819
2013-12-31,107.467
2014-01-02,107.4429
2014-01-03,107.3712
2014-01-06,107.3412
2014-01-07,107.3552
2014-01-08,107.4579
2014-01-09,107.5208
2014-01-10,107.5266
2014-01-13,107.5576
2014-01-14,107.5533
2014-01-15,107.6308
2014-01-16,107.6486
2014-01-17,107.6552
2014-01-20,107.658
2014-01-21,107.8452
2014-01-22,108.0132
2014-01-23,108.107
2014-01-24,108.1205
2014-01-26,108.2281
2014-01-27,108.3092
2014-01-28,108.2929
2014-01-29,108.2957
2014-01-30,108.3203
2014-02-07,108.4702
2014-02-08,108.51
2014-02-10,108.53
2014-02-11,108.5585
2014-02-12,108.5848
2014-02-13,108.6711
2014-02-14,108.7532
2014-02-17,108.7688
2014-02-18,108.7731
2014-02-19,108.7896
2014-02-20,108.8574
2014-02-21,108.9532
2014-02-24,109.1028
2014-02-25,109.4106
2014-02-26,109.4849
2014-02-27,109.7839
2014-02-28,109.7319
2014-03-03,109.6901
2014-03-04,109.4991
2014-03-05,109.3168
2014-03-06,109.258
2014-03-07,109.2798
2014-03-10,109.3228
2014-03-11,109.34
2014-03-12,109.3722
2014-03-13,109.4065
2014-03-14,109.4643
2014-03-17,109.4719
2014-03-18,109.3905
2014-03-19,109.2822
2014-03-20,109.245
2014-03-21,109.2804
2014-03-24,109.2519
2014-03-25,109.2206
2014-03-26,109.2182
2014-03-27,109.209
2014-03-28,109.1942
2014-03-31,109.2048
2014-04-01,109.1862
2014-04-02,109.1533
2014-04-03,109.0823
2014-04-04,109.0989
2014-04-08,109.166
2014-04-09,109.1032
2014-04-10,109.1516
2014-04-11,109.2193
2014-04-14,109.3483
2014-04-15,109.4292
2014-04-16,109.5142
2014-04-17,109.8348
2014-04-18,109.8227
2014-04-21,109.8669
2014-04-22,109.8951
2014-04-23,109.8171
2014-04-24,109.8071
2014-04-25,109.8186
2014-04-28,109.8229
2014-04-29,109.8731
2014-04-30,109.9812
2014-05-04,110.0765
2014-05-05,110.118
2014-05-06,110.2567
2014-05-07,110.376
2014-05-08,110.6138
2014-05-09,111.0124
2014-05-12,111.0475
2014-05-13,111.0391
2014-05-14,110.9318
2014-05-15,110.8834
2014-05-16,110.8736
2014-05-19,110.9087
2014-05-20,110.8778
2014-05-21,110.8875
2014-05-22,110.9202
2014-05-23,111.0018
2014-05-26,111.0345
2014-05-27,111.0781
2014-05-28,111.1606
2014-05-29,111.2554
2014-05-30,111.3768
2014-06-03,111.6809
2014-06-04,111.7878
2014-06-05,111.7746
2014-06-06,111.7318
2014-06-09,111.6623
2014-06-10,111.7575
2014-06-11,111.7105
2014-06-12,111.7328
2014-06-13,111.6774
2014-06-16,111.7689
2014-06-17,111.7744
2014-06-18,111.746
2014-06-19,111.7459
2014-06-20,111.8009
2014-06-23,111.8273
2014-06-24,111.8542
2014-06-25,111.8435
2014-06-26,111.8736
2014-06-27,111.8817
2014-06-30,111.8447
2014-07-01,111.7249
2014-07-02,111.6119
2014-07-03,111.5294
2014-07-04,111.4207
2014-07-07,111.5325
2014-07-08,111.5218
2014-07-09,111.4953
2014-07-10,111.497
2014-07-11,111.5215
2014-07-14,111.5001
2014-07-15,111.4201
2014-07-16,111.2623
2014-07-17,111.0667
2014-07-18,110.93
2014-07-21,111.0103
2014-07-22,111.1068
2014-07-23,111.1005
2014-07-24,111.1213
2014-07-25,111.21
2014-07-28,111.2532
2014-07-29,111.2385
2014-07-30,111.2469
2014-07-31,111.3245
2014-08-01,111.3632
2014-08-04,111.4154
2014-08-05,111.4214
2014-08-06,111.4681
2014-08-07,111.4783
2014-08-08,111.4879
2014-08-11,111.5167
2014-08-12,111.5089
2014-08-13,111.5391
2014-08-14,111.682
2014-08-15,111.7325
2014-08-18,111.7161
2014-08-19,111.6744
2014-08-20,111.6124
2014-08-21,111.6232
2014-08-22,111.6224
2014-08-25,111.6346
2014-08-26,111.6431
2014-08-27,111.7216
2014-08-28,111.7862
2014-08-29,111.7158
2014-09-01,111.7304
2014-09-02,111.7361
2014-09-03,111.7013
2014-09-04,111.6781
2014-09-05,111.6894
2014-09-09,111.7124
2014-09-10,111.684
2014-09-11,111.6876
2014-09-12,111.7055
2014-09-15,111.8125
2014-09-16,111.7874
2014-09-17,111.9406
2014-09-18,112.1299
2014-09-19,112.3908
2014-09-22,112.4588
2014-09-23,112.5115
2014-09-24,112.4149
2014-09-25,112.4641
2014-09-26,112.4617
2014-09-28,112.4762
2014-09-29,112.57
2014-09-30,112.6232
2014-10-08,112.6937
2014-10-09,112.6543
2014-10-10,112.6627
2014-10-11,112.697
2014-10-13,112.7167
2014-10-14,113.0086
2014-10-15,113.2712
2014-10-16,113.3765
2014-10-17,113.4795
2014-10-20,113.8166
2014-10-21,113.9909
2014-10-22,113.9011
2014-10-23,113.8793
2014-10-24,113.9054
2014-10-27,113.9793
2014-10-28,114.1146
2014-10-29,114.2994
2014-10-30,114.2669
2014-10-31,114.3456
2014-11-03,114.5834
2014-11-04,114.953
2014-11-05,115.1304
2014-11-06,115.1512
2014-11-07,115.3824
2014-11-10,115.6716
2014-11-11,115.8449
2014-11-12,115.692
2014-11-13,115.5514
2014-11-14,115.2887
2014-11-17,115.0972
2014-11-18,115.1394
2014-11-19,115.094
2014-11-20,114.948
2014-11-21,114.8536
2014-11-24,115.603
2014-11-25,115.5003
2014-11-26,115.5006
2014-11-27,115.4772
2014-11-28,115.4849
2014-12-01,115.4851
2014-12-02,115.3367
2014-12-03,114.9751
2014-12-04,114.7105
2014-12-05,114.2823
2014-12-08,114.0826
2014-12-09,113.5996
2014-12-10,113.7984
2014-12-11,113.7964
2014-12-12,113.789
2014-12-15,113.7328
2014-12-16,113.7772
2014-12-17,113.7905
2014-12-18,113.7713
2014-12-19,113.8796
2014-12-22,113.9561
2014-12-23,114.1563
2014-12-24,114.4081
2014-12-25,114.4286
2014-12-26,114.4466
2014-12-29,114.4985
2014-12-30,114.4943
2014-12-31,114.4956
2015-01-04,114.5434
2015-01-05,114.5871
2015-01-06,114.6187
2015-01-07,114.667
2015-01-08,114.6872
2015-01-09,114.7109
2015-01-12,114.729
2015-01-13,114.8957
2015-01-14,115.0465
2015-01-15,115.1
2015-01-16,115.25
2015-01-19,115.3574
2015-01-20,115.3749
2015-01-21,115.4289
2015-01-22,115.5155
2015-01-23,115.5475
2015-01-26,115.6421
2015-01-27,115.6435
2015-01-28,115.5559
2015-01-29,115.4888
2015-01-30,115.4667
2015-02-02,115.5411
2015-02-03,115.5792
2015-02-04,115.5893
2015-02-05,115.7788
2015-02-06,115.734
2015-02-09,115.8188
2015-02-10,115.8332
2015-02-11,115.9564
2015-02-12,116.0357
2015-02-13,116.145
2015-02-15,116.1818
2015-02-16,116.2616
2015-02-17,116.2875
2015-02-25,116.3169
2015-02-26,116.2744
2015-02-27,116.2214
2015-02-28,116.1621
2015-03-02,116.092
2015-03-03,115.9818
2015-03-04,115.9563
2015-03-05,115.7904
2015-03-06,115.6754
2015-03-09,115.5668
2015-03-10,115.5209
2015-03-11,115.7144
2015-03-12,115.7685
2015-03-13,115.6436
2015-03-16,115.5016
2015-03-17,115.4458
2015-03-18,115.389
2015-03-19,115.3565
2015-03-20,115.4127
2015-03-23,115.3715
2015-03-24,115.2678
2015-03-25,115.1848
2015-03-26,114.9208
2015-03-27,114.7815
2015-03-30,114.5904
2015-03-31,114.3287
2015-04-01,114.5103
2015-04-02,114.7253
2015-04-03,114.6724
2015-04-07,114.655
2015-04-08,114.4343
2015-04-09,114.4718
2015-04-10,114.5177
2015-04-13,114.577
2015-04-14,114.7262
2015-04-15,114.9051
2015-04-16,114.9921
2015-04-17,115.0054
2015-04-20,115.4761
2015-04-21,115.695
2015-04-22,115.643
2015-04-23,115.5604
2015-04-24,115.3949
2015-04-27,115.4624
2015-04-28,115.4971
2015-04-29,115.5148
2015-04-30,115.618
2015-05-04,115.6585
2015-05-05,115.6089
2015-05-06,115.5213
2015-05-07,115.581
2015-05-08,115.7352
2015-05-11,115.8023
2015-05-12,115.9361
2015-05-13,116.154
2015-05-14,116.3778
2015-05-15,116.4403
2015-05-18,116.4191
2015-05-19,116.2993
2015-05-20,116.2931
2015-05-21,116.2744
2015-05-22,116.3172
2015-05-25,116.3186
2015-05-26,116.2168
2015-05-27,116.191
2015-05-28,116.0417
2015-05-29,115.9549
2015-06-01,115.8492
2015-06-02,115.9593
2015-06-03,116.006
2015-06-04,116.0667
2015-06-05,116.097
2015-06-08,116.1145
2015-06-09,116.1305
2015-06-10,116.0831
2015-06-11,115.9709
2015-06-12,115.9557
2015-06-15,115.8444
2015-06-16,115.9045
2015-06-17,115.8926
2015-06-18,115.9646
2015-06-19,115.9579
2015-06-23,115.8911
2015-06-24,115.8707
2015-06-25,115.874
2015-06-26,115.8651
2015-06-29,115.877
2015-06-30,115.8677
2015-07-01,115.8526
2015-07-02,115.8306
2015-07-03,115.8913
2015-07-06,116.1821
2015-07-07,116.4452
2015-07-08,116.4937
2015-07-09,116.4404
2015-07-10,116.3363
2015-07-13,116.2934
2015-07-14,116.2309
2015-07-15,116.2281
2015-07-16,116.255
2015-07-17,116.2994
2015-07-20,116.3216
2015-07-21,116.2974
2015-07-22,116.3425
2015-07-23,116.4434
2015-07-24,116.5371
2015-07-27,116.5259
2015-07-28,116.6067
2015-07-29,116.6844
2015-07-30,116.6795
2015-07-31,116.6077
2015-08-03,116.6141
2015-08-04,116.6424
2015-08-05,116.6615
2015-08-06,116.7392
2015-08-07,116.834
2015-08-10,116.8662
2015-08-11,116.6771
2015-08-12,116.6017
2015-08-13,116.6214
2015-08-14,116.6616
2015-08-17,116.6465
2015-08-18,116.6462
2015-08-19,116.6452
2015-08-20,116.6409
2015-08-21,116.665
2015-08-24,116.7003
2015-08-25,116.7543
2015-08-26,116.7637
2015-08-27,116.8548
2015-08-28,116.8943
2015-08-31,116.9765
2015-09-01,117.0257
2015-09-02,117.0368
2015-09-06,117.0191
2015-09-07,116.9509
2015-09-08,116.9359
2015-09-09,116.9228
2015-09-10,116.8884
2015-09-11,116.9007
2015-09-14,116.9309
2015-09-15,117.0024
2015-09-16,117.0226
2015-09-17,117.0159
2015-09-18,117.0209
2015-09-21,116.9977
2015-09-22,116.9698
2015-09-23,116.9438
2015-09-24,116.9578
2015-09-25,116.961
2015-09-28,117.0277
2015-09-29,117.1198
2015-09-30,117.1707
2015-10-08,117.275
2015-10-09,117.434
2015-10-10,117.4724
2015-10-12,117.4765
2015-10-13,117.5798
2015-10-14,117.8044
2015-10-15,117.7488
2015-10-16,117.6501
2015-10-19,117.6568
2015-10-20,117.7836
2015-10-21,117.8251
2015-10-22,117.837
2015-10-23,117.8478
2015-10-26,117.9864
2015-10-27,118.1662
2015-10-28,118.2332
2015-10-29,118.1601
2015-10-30,118.117
2015-11-02,118.1366
2015-11-03,118.0731
2015-11-04,117.9294
2015-11-05,117.9138
2015-11-06,117.9171
2015-11-09,117.5059
2015-11-10,117.4448
2015-11-11,117.5475
2015-11-12,117.5589
2015-11-13,117.6075
2015-11-16,117.5978
2015-11-17,117.6134
2015-11-18,117.5676
2015-11-19,117.5293
2015-11-20,117.5564
2015-11-23,117.5375
2015-11-24,117.608
2015-11-25,117.6692
2015-11-26,117.7412
2015-11-27,117.7729
2015-11-30,117.8492
2015-12-01,117.8769
2015-12-02,117.9033
2015-12-03,118.0037
2015-12-04,118.1241
2015-12-07,118.1837
2015-12-08,118.3023
2015-12-09,118.3571
2015-12-10,118.3812
2015-12-11,118.3744
2015-12-14,118.3079
2015-12-15,118.3222
2015-12-16,118.382
2015-12-17,118.4583
2015-12-18,118.5986
2015-12-21,118.8439
2015-12-22,118.9873
2015-12-23,119.0198
2015-12-24,119.1743
2015-12-25,119.2112
2015-12-28,119.2713
2015-12-29,119.2996
2015-12-30,119.2867
2015-12-31,119.2897
2016-01-04,119.1701
2016-01-05,119.0748
2016-01-06,119.1224
2016-01-07,119.2299
2016-01-08,119.338
2016-01-11,119.4152
2016-01-12,119.6002
2016-01-13,119.836
2016-01-14,119.785
2016-01-15,119.7776
2016-01-18,119.6981
2016-01-19,119.609
2016-01-20,119.4985
2016-01-21,119.4974
2016-01-22,119.5708
2016-01-25,119.3748
2016-01-26,119.3171
2016-01-27,119.141
2016-01-28,119.1178
2016-01-29,119.2462
2016-02-01,119.3102
2016-02-02,119.2062
2016-02-03,119.1266
2016-02-04,119.209
2016-02-05,119.2149
2016-02-06,119.2254
2016-02-14,119.4577
2016-02-15,119.422
2016-02-16,119.3662
2016-02-17,119.3603
2016-02-18,119.3753
2016-02-19,119.4376
2016-02-22,119.4198
2016-02-23,119.4314
2016-02-24,119.4178
2016-02-25,119.353
2016-02-26,119.3438
2016-02-29,119.3037
2016-03-01,119.3459
2016-03-02,119.3446
2016-03-03,119.3084
2016-03-04,119.3468
2016-03-07,119.2768
2016-03-08,119.2581
2016-03-09,119.3675
2016-03-10,119.4555
2016-03-11,119.4928
2016-03-14,119.4933
2016-03-15,119.529
2016-03-16,119.6282
2016-03-17,119.6799
2016-03-18,119.6842
2016-03-21,119.6634
2016-03-22,119.6405
2016-03-23,119.6805
2016-03-24,119.6967
2016-03-25,119.7193
2016-03-28,119.6207
2016-03-29,119.5947
2016-03-30,119.6336
2016-03-31,119.6566
2016-04-01,119.6825
2016-04-05,119.667
2016-04-06,119.6454
2016-04-07,119.5807
2016-04-08,119.5179
2016-04-11,119.4686
2016-04-12,119.4029
2016-04-13,119.2145
2016-04-14,119.0738
2016-04-15,119.0939
2016-04-18,119.1104
2016-04-19,119.0713
2016-04-20,118.8894
2016-04-21,118.7507
2016-04-22,118.5722
2016-04-25,118.2093
2016-04-26,118.2595
2016-04-27,118.3522
2016-04-28,118.4185
2016-04-29,118.4158
2016-05-03,118.5229
2016-05-04,118.5177
2016-05-05,118.5258
2016-05-06,118.5357
2016-05-09,118.6761
2016-05-10,118.7501
2016-05-11,118.7824
2016-05-12,118.8558
2016-05-13,118.878
2016-05-16,118.8192
2016-05-17,118.7984
2016-05-18,118.7101
2016-05-19,118.6604
2016-05-20,118.6526
2016-05-23,118.6341
2016-05-24,118.6619
2016-05-25,118.6816
2016-05-26,118.6699
2016-05-27,118.6472
2016-05-30,118.6111
2016-05-31,118.6097
2016-06-01,118.5926
2016-06-02,118.5674
2016-06-03,118.5591
2016-06-06,118.6142
2016-06-07,118.603
2016-06-08,118.5857
2016-06-12,118.5266
2016-06-13,118.5441
2016-06-14,118.6326
2016-06-15,118.6773
2016-06-16,118.7252
2016-06-17,118.7555
2016-06-20,118.7455
2016-06-21,118.7372
2016-06-22,118.7989
2016-06-23,118.8048
2016-06-24,118.8713
2016-06-27,118.9997
2016-06-28,119.0096
2016-06-29,118.9856
2016-06-30,119.0392
2016-07-01,119.1465
2016-07-04,119.1694
2016-07-05,119.1559
2016-07-06,119.2032
2016-07-07,119.315
2016-07-08,119.3516
2016-07-11,119.3414
2016-07-12,119.3168
2016-07-13,119.274
2016-07-14,119.2815
2016-07-15,119.3038
2016-07-18,119.3161
2016-07-19,119.3657
2016-07-20,119.4959
2016-07-21,119.6405
2016-07-22,119.6276
2016-07-25,119.577
2016-07-26,119.6051
2016-07-27,119.6441
2016-07-28,119.684
2016-07-29,119.7451
2016-08-01,119.7766
2016-08-02,119.8097
2016-08-03,119.8454
2016-08-04,119.8797
2016-08-05,119.9441
2016-08-08,120.0115
2016-08-09,120.1297
2016-08-10,120.2283
2016-08-11,120.2521
2016-08-12,120.345
2016-08-15,120.466
2016-08-16,120.4462
2016-08-17,120.4001
2016-08-18,120.3753
2016-08-19,120.3115
2016-08-22,120.2936
2016-08-23,120.1855
2016-08-24,120.1065
2016-08-25,120.1068
2016-08-26,120.1408
2016-08-29,120.0828
2016-08-30,119.9651
2016-08-31,119.9947
2016-09-01,119.9898
2016-09-02,119.9984
2016-09-05,119.9962
2016-09-06,119.9761
2016-09-07,119.9536
2016-09-08,119.9876
2016-09-09,120.0243
2016-09-12,119.9424
2016-09-13,119.9774
2016-09-14,120.0149
2016-09-18,119.9762
2016-09-19,119.9859
2016-09-20,119.9992
2016-09-21,119.9942
2016-09-22,120.02
2016-09-23,120.0792
2016-09-26,120.0949
2016-09-27,120.0931
2016-09-28,120.0912
2016-09-29,120.0996
2016-09-30,120.128
2016-10-08,120.2592
2016-10-09,120.3436
2016-10-10,120.3808
2016-10-11,120.3793
2016-10-12,120.3451
2016-10-13,120.358
2016-10-14,120.4222
2016-10-17,120.4046
2016-10-18,120.4215
2016-10-19,120.4908
2016-10-20,120.5606
2016-10-21,120.62
2016-10-24,120.5417
2016-10-25,120.5187
2016-10-26,120.3741
2016-10-27,120.3354
2016-10-28,120.3276
2016-10-31,120.2937
2016-11-01,120.2527
2016-11-02,120.2557
2016-11-03,120.2939
2016-11-04,120.2764
2016-11-07,120.1971
2016-11-08,120.1466
2016-11-09,120.1405
2016-11-10,120.062
2016-11-11,119.9656
2016-11-14,119.8111
2016-11-15,119.6998
2016-11-16,119.6386
2016-11-17,119.4948
2016-11-18,119.4566
2016-11-21,119.4289
2016-11-22,119.4414
2016-11-23,119.477
2016-11-24,119.4756
2016-11-25,119.4098
2016-11-28,119.4167
2016-11-29,119.1882
2016-11-30,118.9402
2016-12-01,118.6165
2016-12-02,118.5226
2016-12-05,118.4359
2016-12-06,118.0099
2016-12-07,118.0405
2016-12-08,118.1089
2016-12-09,118.0818
2016-12-12,117.766
2016-12-13,117.5024
2016-12-14,117.2818
2016-12-15,116.4643
2016-12-16,116.4714
2016-12-19,116.1871
2016-12-20,115.9682
2016-12-21,116.1896
2016-12-22,116.4702
2016-12-23,116.7271
2016-12-26,116.8417
2016-12-27,116.8835
2016-12-28,116.9287
2016-12-29,117.1845
2016-12-30,117.3365
2016-12-31,117.3463
2017-01-03,117.3011
2017-01-04,117.222
2017-01-05,117.1351
2017-01-06,117.1255
2017-01-09,117.224
2017-01-10,117.3036
2017-01-11,117.2325
2017-01-12,117.2724
2017-01-13,117.2903
2017-01-16,117.1995
2017-01-17,117.0264
2017-01-18,116.9641
2017-01-19,116.911
2017-01-20,116.9868
2017-01-22,117.0086
2017-01-23,117.0189
2017-01-24,116.9164
2017-01-25,116.6964
2017-01-26,116.6725
2017-02-03,116.4214
2017-02-04,116.3705
2017-02-06,116.1475
2017-02-07,115.9593
2017-02-08,115.9748
2017-02-09,116.1241
2017-02-10,116.1201
2017-02-13,116.1796
2017-02-14,116.1923
2017-02-15,116.1926
2017-02-16,116.2598
2017-02-17,116.3387
2017-02-20,116.4361
2017-02-21,116.384
2017-02-22,116.3627
2017-02-23,116.4002
2017-02-24,116.3967
2017-02-27,116.3695
2017-02-28,116.3212
2017-03-01,116.2465
2017-03-02,116.2022
2017-03-03,116.1567
2017-03-06,116.1006
2017-03-07,116.0606
2017-03-08,115.9666
2017-03-09,115.8974
2017-03-10,115.8482
2017-03-13,115.7802
2017-03-14,115.7841
2017-03-15,115.8105
2017-03-16,115.932
2017-03-17,115.8921
2017-03-20,115.8246
2017-03-21,115.7068
2017-03-22,115.709
2017-03-23,115.6971
2017-03-24,115.8419
2017-03-27,115.8851
2017-03-28,115.9184
2017-03-29,115.8863
2017-03-30,115.8794
2017-03-31,115.8862
2017-04-01,115.9117
2017-04-05,115.8869
2017-04-06,115.8756
2017-04-07,115.9009
2017-04-10,115.8734
2017-04-11,115.8436
2017-04-12,115.8209
2017-04-13,115.7887
2017-04-14,115.6612
2017-04-17,115.4177
2017-04-18,115.3126
2017-04-19,115.2926
2017-04-20,115.1914
2017-04-21,115.0421
2017-04-24,114.7978
2017-04-25,114.8206
2017-04-26,114.8231
2017-04-27,114.8634
2017-04-28,114.8228
2017-05-02,114.7586
2017-05-03,114.6338
2017-05-04,114.4928
2017-05-05,114.4644
2017-05-08,114.318
2017-05-09,114.1753
2017-05-10,113.9701
2017-05-11,114.0231
2017-05-12,113.9447
2017-05-15,113.9682
2017-05-16,113.9222
2017-05-17,113.8439
2017-05-18,113.8685
2017-05-19,113.8152
2017-05-22,113.7269
2017-05-23,113.7125
2017-05-24,113.7185
2017-05-25,113.7575
2017-05-26,113.7417
2017-05-27,113.7723
2017-05-31,113.8438
2017-06-01,113.8525
2017-06-02,113.8579
2017-06-05,113.9208
2017-06-06,113.9202
2017-06-07,113.9164
2017-06-08,113.9313
2017-06-09,114.0055
2017-06-12,114.1946
2017-06-13,114.283
2017-06-14,114.3746
2017-06-15,114.4396
2017-06-16,114.4056
2017-06-19,114.622
2017-06-20,114.7213
2017-06-21,114.6876
2017-06-22,114.6207
2017-06-23,114.6491
2017-06-26,114.7623
2017-06-27,114.8857
2017-06-28,114.9096
2017-06-29,114.9249
2017-06-30,114.8685
2017-07-03,114.8252
2017-07-04,114.812
2017-07-05,114.8717
2017-07-06,114.9483
2017-07-07,114.9422
2017-07-10,114.918
2017-07-11,114.9263
2017-07-12,114.9389
2017-07-13,114.9842
2017-07-14,115.0069
2017-07-17,115.0452
2017-07-18,114.968
2017-07-19,114.992
2017-07-20,115.0195
2017-07-21,114.9957
2017-07-24,114.9892
2017-07-25,114.9674
2017-07-26,114.9195
2017-07-27,114.9197
2017-07-28,114.9135
2017-07-31,114.8909
2017-08-01,114.8548
2017-08-02,114.8711
2017-08-03,114.8772
2017-08-04,114.903
2017-08-07,114.8213
2017-08-08,114.7891
2017-08-09,114.7715
2017-08-10,114.8028
2017-08-11,114.8536
2017-08-14,114.8987
2017-08-15,114.9161
2017-08-16,114.8888
2017-08-17,114.8566
2017-08-18,114.8305
2017-08-21,114.7471
2017-08-22,114.6984
2017-08-23,114.674
2017-08-24,114.6106
2017-08-25,114.5591
2017-08-28,114.4944
2017-08-29,114.4953
2017-08-30,114.4761
2017-08-31,114.4911
2017-09-01,114.5063
2017-09-04,114.4794
2017-09-05,114.4343
2017-09-06,114.4445
2017-09-07,114.547
2017-09-08,114.6305
2017-09-11,114.5993
2017-09-12,114.596
2017-09-13,114.579
2017-09-14,114.646
2017-09-15,114.6497
2017-09-18,114.59
2017-09-19,114.5941
2017-09-20,114.5884
2017-09-21,114.5806
2017-09-22,114.6187
2017-09-25,114.6596
2017-09-26,114.6582
2017-09-27,114.6429
2017-09-28,114.6612
2017-09-29,114.686
2017-09-30,114.6943
2017-10-09,114.747
2017-10-10,114.734
2017-10-11,114.7455
2017-10-12,114.6956
2017-10-13,114.6919
2017-10-16,114.566
2017-10-17,114.4614
2017-10-18,114.4715
2017-10-19,114.545
2017-10-20,114.5458
2017-10-23,114.5068
2017-10-24,114.4749
2017-10-25,114.3635
2017-10-26,114.3563
2017-10-27,114.2318
2017-10-30,113.9313
2017-10-31,113.9513
2017-11-01,114.0439
2017-11-02,114.0263
2017-11-03,114.0187
2017-11-06,113.9962
2017-11-07,113.9246
2017-11-08,113.9203
2017-11-09,113.9044
2017-11-10,113.8446
2017-11-13,113.686
2017-11-14,113.6193
2017-11-15,113.6156
2017-11-16,113.6603
2017-11-17,113.6492
2017-11-20,113.6044
2017-11-21,113.5283
2017-11-22,113.2842
2017-11-23,113.2458
2017-11-24,113.3154
2017-11-27,113.3163
2017-11-28,113.2852
2017-11-29,113.3224
2017-11-30,113.3556
2017-12-01,113.3834
2017-12-04,113.4375
2017-12-05,113.4496
2017-12-06,113.4683
2017-12-07,113.4572
2017-12-08,113.4268
2017-12-11,113.3461
2017-12-12,113.2994
2017-12-13,113.2867
2017-12-14,113.3145
2017-12-15,113.3729
2017-12-18,113.3968
2017-12-19,113.385
2017-12-20,113.3615
2017-12-21,113.338
2017-12-22,113.3505
2017-12-25,113.3677
2017-12-26,113.339
2017-12-27,113.3037
2017-12-28,113.3103
2017-12-29,113.3542
2017-12-30,113.3615
2017-12-31,113.3744
2018-01-02,113.4396
2018-01-03,113.4585
2018-01-04,113.435
2018-01-05,113.5153
2018-01-08,113.5314
2018-01-09,113.5598
2018-01-10,113.4841
2018-01-11,113.4203
2018-01-12,113.4363
2018-01-15,113.3739
2018-01-16,113.3735
2018-01-17,113.3455
2018-01-18,113.2956
2018-01-19,113.3094
2018-01-22,113.3354
2018-01-23,113.3579
2018-01-24,113.3723
2018-01-25,113.3765
2018-01-26,113.3907
2018-01-29,113.4122
2018-01-30,113.4153
2018-01-31,113.4709
2018-02-01,113.5126
2018-02-02,113.5388
2018-02-05,113.5252
2018-02-06,113.6456
2018-02-07,113.6902
2018-02-08,113.7045
2018-02-09,113.7157
2018-02-11,113.7578
2018-02-12,113.7801
2018-02-13,113.8034
2018-02-14,113.8276
2018-02-22,113.847
2018-02-23,113.8745
2018-02-24,113.8997
2018-02-26,114.0066
2018-02-27,114.0712
2018-02-28,114.1201
2018-03-01,114.1365
2018-03-02,114.1161
2018-03-05,114.0939
2018-03-06,114.1107
2018-03-07,114.1491
2018-03-08,114.1707
2018-03-09,114.1868
2018-03-12,114.2115
2018-03-13,114.1767
2018-03-14,114.1739
2018-03-15,114.1868
2018-03-16,114.2055
2018-03-19,114.1983
2018-03-20,114.2362
2018-03-21,114.2851
2018-03-22,114.3692
2018-03-23,114.6039
2018-03-26,114.631
2018-03-27,114.5868
2018-03-28,114.6205
2018-03-29,114.6127
2018-03-30,114.6607
2018-04-02,114.7322
2018-04-03,114.7772
2018-04-04,114.8649
2018-04-08,114.9227
2018-04-09,115.0446
2018-04-10,115.0234
2018-04-11,115.0573
2018-04-12,115.0913
2018-04-13,115.1049
2018-04-16,115.2037
2018-04-17,115.2498
2018-04-18,115.9786
2018-04-19,115.8796
2018-04-20,115.8857
2018-04-23,115.7051
2018-04-24,115.7193
2018-04-25,115.6709
2018-04-26,115.5998
2018-04-27,115.5318
2018-04-28,115.5312
2018-05-02,115.4517
2018-05-03,115.4897
2018-05-04,115.5329
2018-05-07,115.5121
2018-05-08,115.419
2018-05-09,115.331
2018-05-10,115.3362
2018-05-11,115.356
2018-05-14,115.3465
2018-05-15,115.2686
2018-05-16,115.2342
2018-05-17,115.1969
2018-05-18,115.2049
2018-05-21,115.2426
2018-05-22,115.3017
2018-05-23,115.3614
2018-05-24,115.3822
2018-05-25,115.4677
2018-05-28,115.4725
2018-05-29,115.4672
2018-05-30,115.4921
2018-05-31,115.4204
2018-06-01,115.3882
2018-06-04,115.329
2018-06-05,115.2841
2018-06-06,115.2632
2018-06-07,115.2224
2018-06-08,115.2774
2018-06-11,115.2571
2018-06-12,115.1858
2018-06-13,115.217
2018-06-14,115.2709
2018-06-15,115.3272
2018-06-19,115.4101
2018-06-20,115.361
2018-06-21,115.4154
2018-06-22,115.4494
2018-06-25,115.4366
2018-06-26,115.4571
2018-06-27,115.4952
2018-06-28,115.6173
2018-06-29,115.8185
2018-07-02,115.9389
2018-07-03,115.9959
2018-07-04,116.0148
2018-07-05,116.1109
2018-07-06,116.1192
2018-07-09,116.0934
2018-07-10,116.0648
2018-07-11,116.1163
2018-07-12,116.1234
2018-07-13,116.1878
2018-07-16,116.2591
2018-07-17,116.2593
2018-07-18,116.3103
2018-07-19,116.44
2018-07-20,116.4325
2018-07-23,116.4562
2018-07-24,116.3497
2018-07-25,116.3454
2018-07-26,116.4225
2018-07-27,116.4835
2018-07-30,116.5633
2018-07-31,116.7237
2018-08-01,116.8057
2018-08-02,116.8785
2018-08-03,116.9877
2018-08-06,117.098
2018-08-07,117.1666
2018-08-08,117.0568
2018-08-09,116.8411
2018-08-10,116.7661
2018-08-13,116.5905
2018-08-14,116.631
2018-08-15,116.6241
2018-08-16,116.5397
2018-08-17,116.3458
2018-08-20,116.2947
2018-08-21,116.1966
2018-08-22,116.2661
2018-08-23,116.3572
2018-08-24,116.3623
2018-08-27,116.3174
2018-08-28,116.3067
2018-08-29,116.3173
2018-08-30,116.3896
2018-08-31,116.4438
2018-09-03,116.3832
2018-09-04,116.3535
2018-09-05,116.3526
2018-09-06,116.3392
2018-09-07,116.325
2018-09-10,116.2193
2018-09-11,116.1433
2018-09-12,116.1803
2018-09-13,116.2264
2018-09-14,116.2601
2018-09-17,116.2997
2018-09-18,116.3044
2018-09-19,116.2774
2018-09-20,116.2275
2018-09-21,116.2632
2018-09-25,116.2861
2018-09-26,116.3352
2018-09-27,116.4057
2018-09-28,116.4529
2018-09-29,116.4669
2018-09-30,116.4785
2018-10-08,116.5907
2018-10-09,116.6135
2018-10-10,116.6581
2018-10-11,116.781
2018-10-12,116.8235
2018-10-15,116.8311
2018-10-16,116.8565
2018-10-17,116.8647
2018-10-18,116.9496
2018-10-19,116.9672
2018-10-22,116.9295
2018-10-23,116.9453
2018-10-24,117.0074
2018-10-25,117.0633
2018-10-26,117.0804
2018-10-29,117.184
2018-10-30,117.2272
2018-10-31,117.2311
2018-11-01,117.2724
2018-11-02,117.2069
2018-11-05,117.2173
2018-11-06,117.2728
2018-11-07,117.3552
2018-11-08,117.3969
2018-11-09,117.4138
2018-11-12,117.4451
2018-11-13,117.4893
2018-11-14,117.6821
2018-11-15,117.7678
2018-11-16,117.9164
2018-11-19,117.9574
2018-11-20,117.9269
2018-11-21,117.9623
2018-11-22,117.931
2018-11-23,117.9054
2018-11-26,117.9031
2018-11-27,117.8977
2018-11-28,117.9381
2018-11-29,118.0182
2018-11-30,118.0354
2018-12-03,118.0743
2018-12-04,118.2081
2018-12-05,118.3001
2018-12-06,118.3632
2018-12-07,118.4101
2018-12-10,118.49
2018-12-11,118.5212
2018-12-12,118.5383
2018-12-13,118.3838
2018-12-14,118.3464
2018-12-17,118.2781
2018-12-18,118.2751
2018-12-19,118.301
2018-12-20,118.417
2018-12-21,118.4344
2018-12-24,118.4203
2018-12-25,118.4391
2018-12-26,118.4681
2018-12-27,118.5564
2018-12-28,118.7587
2018-12-29,118.7855
2018-12-30,118.7886
2018-12-31,118.8006
2019-01-02,118.9973
2019-01-03,119.117
2019-01-04,119.183
2019-01-07,119.2315
2019-01-08,119.4208
2019-01-09,119.4492
2019-01-10,119.4648
2019-01-11,119.4801
2019-01-14,119.4282
2019-01-15,119.4092
2019-01-16,119.562
2019-01-17,119.6098
2019-01-18,119.5621
2019-01-21,119.5238
2019-01-22,119.49
2019-01-23,119.4746
2019-01-24,119.4149
2019-01-25,119.3276
2019-01-28,119.3082
2019-01-29,119.365
2019-01-30,119.431
2019-01-31,119.4821
2019-02-01,119.5046
2019-02-02,119.5288
2019-02-03,119.5492
2019-02-11,119.6136
2019-02-12,119.6453
2019-02-13,119.6593
2019-02-14,119.6514
2019-02-15,119.6656
2019-02-18,119.608
2019-02-19,119.5994
2019-02-20,119.623
2019-02-21,119.6061
2019-02-22,119.5773
2019-02-25,119.4522
2019-02-26,119.3209
2019-02-27,119.3481
2019-02-28,119.3233
2019-03-01,119.2617
2019-03-04,119.2291
2019-03-05,119.1892
2019-03-06,119.1728
2019-03-07,119.2601
2019-03-08,119.3177
2019-03-11,119.3185
2019-03-12,119.2926
2019-03-13,119.2818
2019-03-14,119.2387
2019-03-15,119.2449
2019-03-18,119.214
2019-03-19,119.2049
2019-03-20,119.1816
2019-03-21,119.2051
2019-03-22,119.2425
2019-03-25,119.2999
2019-03-26,119.3293
2019-03-27,119.3149
2019-03-28,119.3472
2019-03-29,119.3635
2019-04-01,119.2237
2019-04-02,119.1371
2019-04-03,118.9469
2019-04-04,118.8674
2019-04-08,118.8553
2019-04-09,118.7315
2019-04-10,118.6934
2019-04-11,118.7242
2019-04-12,118.6551
2019-04-15,118.4185
2019-04-16,118.3137
2019-04-17,118.28
2019-04-18,118.3443
2019-04-19,118.3181
2019-04-22,118.2292
2019-04-23,118.1811
2019-04-24,118.0962
2019-04-25,118.1285
2019-04-26,118.1618
2019-04-28,118.1473
2019-04-29,118.1283
2019-04-30,118.1908
2019-05-05,118.2334
2019-05-06,118.3781
2019-05-07,118.3938
2019-05-08,118.469
2019-05-09,118.5823
2019-05-10,118.5981
2019-05-13,118.7017
2019-05-14,118.6805
2019-05-15,118.7026
2019-05-16,118.7578
2019-05-17,118.7468
2019-05-20,118.7494
2019-05-21,118.707
2019-05-22,118.6489
2019-05-23,118.6744
2019-05-24,118.6779
2019-05-27,118.572
2019-05-28,118.6147
2019-05-29,118.7139
2019-05-30,118.7426
2019-05-31,118.7459
2019-06-03,118.8245
2019-06-04,118.9059
2019-06-05,118.9308
2019-06-06,118.9615
2019-06-10,118.9276
2019-06-11,118.8434
2019-06-12,118.8499
2019-06-13,118.8711
2019-06-14,118.9066
2019-06-17,118.9335
2019-06-18,118.9448
2019-06-19,118.9224
2019-06-20,118.9633
2019-06-21,118.9842
2019-06-24,118.9706
2019-06-25,119.0001
2019-06-26,119.0093
2019-06-27,119.02
2019-06-28,119.0798
2019-07-01,119.1295
2019-07-02,119.2918
2019-07-03,119.3788
2019-07-04,119.414
2019-07-05,119.3853
2019-07-08,119.346
2019-07-09,119.3521
2019-07-10,119.3384
2019-07-11,119.3563
2019-07-12,119.3744
2019-07-15,119.3407
2019-07-16,119.3392
2019-07-17,119.3227
2019-07-18,119.3425
2019-07-19,119.3431
2019-07-22,119.377
2019-07-23,119.4046
2019-07-24,119.387
2019-07-25,119.3946
2019-07-26,119.4
2019-07-29,119.3808
2019-07-30,119.3834
2019-07-31,119.4388
2019-08-01,119.4445
2019-08-02,119.5904
2019-08-05,119.7146
2019-08-06,119.7357
2019-08-07,119.7775
2019-08-08,119.798
2019-08-09,119.8562
2019-08-12,119.8515
2019-08-13,119.9352
2019-08-14,119.9485
2019-08-15,119.9893
2019-08-16,119.9645
2019-08-19,119.9913
2019-08-20,119.9734
2019-08-21,119.9092
2019-08-22,119.8908
2019-08-23,119.8437
2019-08-26,119.8638
2019-08-27,119.8439
2019-08-28,119.8338
2019-08-29,119.852
2019-08-30,119.7953
2019-09-02,119.7605
2019-09-03,119.753
2019-09-04,119.7923
2019-09-05,119.9112
2019-09-06,119.929
2019-09-09,119.9207
2019-09-10,119.8876
2019-09-11,119.8661
2019-09-12,119.8059
2019-09-16,119.7985
2019-09-17,119.7788
2019-09-18,119.7114
2019-09-19,119.7138
2019-09-20,119.7102
2019-09-23,119.7049
2019-09-24,119.6792
2019-09-25,119.6669
2019-09-26,119.615
2019-09-27,119.6045
2019-09-29,119.6272
2019-09-30,119.6238
2019-10-08,119.77
2019-10-09,119.8
2019-10-10,119.7792
2019-10-11,119.7243
2019-10-12,119.676
2019-10-14,119.6957
2019-10-15,119.6791
2019-10-16,119.6822
2019-10-17,119.6861
2019-10-18,119.6365
2019-10-21,119.5428
2019-10-22,119.5072
2019-10-23,119.4982
2019-10-24,119.4705
2019-10-25,119.4414
2019-10-28,119.3055
2019-10-29,119.2655
2019-10-30,119.1552
2019-10-31,119.2026
2019-11-01,119.2406
2019-11-04,119.1864
2019-11-05,119.2913
2019-11-06,119.3213
2019-11-07,119.3179
2019-11-08,119.3296
2019-11-11,119.3952
2019-11-12,119.4116
2019-11-13,119.4497
2019-11-14,119.446
2019-11-15,119.4985
2019-11-18,119.6196
2019-11-19,119.7152
2019-11-20,119.7286
2019-11-21,119.7674
2019-11-22,119.7722
2019-11-25,119.699
2019-11-26,119.7242
2019-11-27,119.722
2019-11-28,119.7466
2019-11-29,119.772
2019-12-02,119.7308
2019-12-03,119.7628
2019-12-04,119.8105
2019-12-05,119.8203
2019-12-06,119.8265
2019-12-09,119.8233
2019-12-10,119.8391
2019-12-11,119.8832
2019-12-12,119.9135
2019-12-13,119.908
2019-12-16,119.9268
2019-12-17,119.8789
2019-12-18,119.8654
2019-12-19,119.8909
2019-12-20,119.9907
2019-12-23,120.0859
2019-12-24,120.1519
2019-12-25,120.1979
2019-12-26,120.2916
2019-12-27,120.3002
2019-12-30,120.3166
2019-12-31,120.3568
2020-01-02,120.3399
2020-01-03,120.3506
2020-01-06,120.4014
2020-01-07,120.4226
2020-01-08,120.4609
2020-01-09,120.4884
2020-01-10,120.5788
2020-01-13,120.5998
2020-01-14,120.5494
2020-01-15,120.5321
2020-01-16,120.5327
2020-01-17,120.5651
2020-01-19,120.5872
2020-01-20,120.6337
2020-01-21,120.7276
2020-01-22,120.7557
2020-01-23,120.8756
2020-02-03,121.5677
2020-02-04,121.5312
2020-02-05,121.5262
2020-02-06,121.5485
2020-02-07,121.6734
2020-02-10,121.7643
2020-02-11,121.7156
2020-02-12,121.7243
2020-02-13,121.759
2020-02-14,121.7513
2020-02-17,121.7011
2020-02-18,121.7299
2020-02-19,121.7421
2020-02-20,121.7078
2020-02-21,121.7583
2020-02-24,121.8112
2020-02-25,121.8147
2020-02-26,121.8388
2020-02-27,121.91
2020-02-28,122.0137
2020-03-02,122.0159
2020-03-03,121.9946
2020-03-04,122.1193
2020-03-05,122.1268
2020-03-06,122.2621
2020-03-09,122.6606
2020-03-10,122.493
2020-03-11,122.4703
2020-03-12,122.4377
2020-03-13,122.3034
2020-03-16,122.2885
2020-03-17,122.1638
2020-03-18,122.1565
2020-03-19,122.1192
2020-03-20,122.1516
2020-03-23,122.2386
2020-03-24,122.3116
2020-03-25,122.3489
2020-03-26,122.472
2020-03-27,122.4824
2020-03-30,122.4872
2020-03-31,122.5831
2020-04-01,122.7287
2020-04-02,122.7279
2020-04-03,122.725
2020-04-07,123.2703
2020-04-08,123.5301
2020-04-09,123.5671
2020-04-10,123.4897
2020-04-13,123.414
2020-04-14,123.4566
2020-04-15,123.5124
2020-04-16,123.588
2020-04-17,123.5602
2020-04-20,123.4909
2020-04-21,123.5399
2020-04-22,123.6166
2020-04-23,123.7468
2020-04-24,123.7909
2020-04-26,123.7848
2020-04-27,123.7423
2020-04-28,123.7603
2020-04-29,123.8494
2020-04-30,123.7952
2020-05-06,123.7259
2020-05-07,123.529
2020-05-08,123.4602
2020-05-09,123.3992
2020-05-11,123.1579
2020-05-12,123.1357
2020-05-13,123.0876
2020-05-14,123.0865
2020-05-15,123.1405
2020-05-18,122.9885
2020-05-19,122.9232
2020-05-20,122.9
2020-05-21,122.8775
2020-05-22,123.0292
2020-05-25,122.8267
2020-05-26,122.588
2020-05-27,122.4123
2020-05-28,122.4425
2020-05-29,122.4602
2020-06-01,122.4021
2020-06-02,122.0323
2020-06-03,121.7427
2020-06-04,121.5451
2020-06-05,121.3562
2020-06-08,121.35
2020-06-09,121.3759
2020-06-10,121.3786
2020-06-11,121.4872
2020-06-12,121.5979
2020-06-15,121.5859
2020-06-16,121.3373
2020-06-17,121.2131
2020-06-18,121.2726
2020-06-19,121.1982
2020-06-22,121.035
2020-06-23,120.9556
2020-06-24,121.1343
2020-06-28,121.2245
2020-06-29,121.2278
2020-06-30,121.3123
2020-07-01,121.3231
2020-07-02,121.347
2020-07-03,121.2661
2020-07-06,120.7999
2020-07-07,120.6397
2020-07-08,120.4735
2020-07-09,120.2216
2020-07-10,120.2728
2020-07-13,120.0771
2020-07-14,120.1054
2020-07-15,120.1846
2020-07-16,120.2866
2020-07-17,120.3112
2020-07-20,120.3604
2020-07-21,120.5638
2020-07-22,120.6609
2020-07-23,120.6556
2020-07-24,120.8059
2020-07-27,120.8
2020-07-28,120.6729
2020-07-29,120.5961
2020-07-30,120.5805
2020-07-31,120.502
2020-08-03,120.5063
2020-08-04,120.4993
2020-08-05,120.4827
2020-08-06,120.4257
2020-08-07,120.3713
2020-08-10,120.4323
2020-08-11,120.4294
2020-08-12,120.3997
2020-08-13,120.4079
2020-08-14,120.4438
2020-08-17,120.4754
2020-08-18,120.4166
2020-08-19,120.3269
2020-08-20,120.2328
2020-08-21,120.2318
2020-08-24,120.1348
2020-08-25,119.9813
2020-08-26,119.9409
2020-08-27,119.8631
2020-08-28,119.804
2020-08-31,119.8824
2020-09-01,119.8365
2020-09-02,119.7197
2020-09-03,119.673
2020-09-04,119.6266
2020-09-07,119.545
2020-09-08,119.563
2020-09-09,119.6914
2020-09-10,119.7108
2020-09-11,119.6162
2020-09-14,119.5672
2020-09-15,119.6095
2020-09-16,119.6262
2020-09-17,119.6024
2020-09-18,119.6014
2020-09-21,119.6359
2020-09-22,119.6827
2020-09-23,119.6723
2020-09-24,119.6909
2020-09-25,119.5944
2020-09-27,119.5834
2020-09-28,119.5929
2020-09-29,119.5713
2020-09-30,119.5184
2020-10-09,119.4819
2020-10-10,119.4706
2020-10-12,119.4737
2020-10-13,119.4674
2020-10-14,119.4459
2020-10-15,119.4315
2020-10-16,119.424
2020-10-19,119.4767
2020-10-20,119.5104
2020-10-21,119.5812
2020-10-22,119.658
2020-10-23,119.6443
2020-10-26,119.631
2020-10-27,119.681
2020-10-28,119.6653
2020-10-29,119.683
2020-10-30,119.6957
2020-11-02,119.7438
2020-11-03,119.7988
2020-11-04,119.8371
2020-11-05,119.8318
2020-11-06,119.7991
2020-11-09,119.7326
2020-11-10,119.7286
2020-11-11,119.7269
2020-11-12,119.6531
2020-11-13,119.5637
2020-11-16,119.5611
2020-11-17,119.5146
2020-11-18,119.4316
2020-11-19,119.3437
2020-11-20,119.3126
2020-11-23,119.372
2020-11-24,119.3671
2020-11-25,119.4292
2020-11-26,119.4336
2020-11-27,119.4148
2020-11-30,119.5906
2020-12-01,119.5859
2020-12-02,119.5463
2020-12-03,119.5494
2020-12-04,119.591
2020-12-07,119.5905
2020-12-08,119.6497
2020-12-09,119.6583
2020-12-10,119.701
2020-12-11,119.6338
2020-12-14,119.6543
2020-12-15,119.7106
2020-12-16,119.7615
2020-12-17,119.7668
2020-12-18,119.7853
2020-12-21,119.871
2020-12-22,119.9975
2020-12-23,120.0343
2020-12-24,119.9921
2020-12-25,120.0637
2020-12-28,120.1288
2020-12-29,120.1648
2020-12-30,120.2598
2020-12-31,120.2792
2021-01-04,120.2416
2021-01-05,120.3246
2021-01-06,120.382
2021-01-07,120.4636
2021-01-08,120.4734
2021-01-11,120.4669
2021-01-12,120.5198
2021-01-13,120.6222
2021-01-14,120.6793
2021-01-15,120.5864
2021-01-18,120.4782
2021-01-19,120.4791
2021-01-20,120.5019
2021-01-21,120.5811
2021-01-22,120.5984
2021-01-25,120.5782
2021-01-26,120.4585
2021-01-27,120.4393
2021-01-28,120.3163
2021-01-29,120.2872
2021-02-01,120.3423
2021-02-02,120.3667
2021-02-03,120.2751
2021-02-04,120.2181
2021-02-05,120.2081
2021-02-07,120.2355
2021-02-08,120.1917
2021-02-09,120.222
2021-02-10,120.1976
2021-02-18,120.0926
2021-02-19,120.1648
2021-02-20,120.1802
2021-02-22,120.1601
2021-02-23,120.1834
2021-02-24,120.2206
2021-02-25,120.1974
2021-02-26,120.1545
2021-03-01,120.2158
2021-03-02,120.227
2021-03-03,120.2205
2021-03-04,120.2114
2021-03-05,120.2563
2021-03-08,120.2805
2021-03-09,120.2796
2021-03-10,120.3095
2021-03-11,120.3188
2021-03-12,120.3036
2021-03-15,120.28
2021-03-16,120.2834
2021-03-17,120.3164
2021-03-18,120.3153
2021-03-19,120.3573
2021-03-22,120.3886
2021-03-23,120.4025
2021-03-24,120.4832
2021-03-25,120.4937
2021-03-26,120.4772
2021-03-29,120.4837
2021-03-30,120.4836
2021-03-31,120.5219
2021-04-01,120.5216
2021-04-02,120.547
2021-04-06,120.5488
2021-04-07,120.5299
2021-04-08,120.5258
2021-04-09,120.5408
2021-04-12,120.5628
2021-04-13,120.6615
2021-04-14,120.6901
2021-04-15,120.7269
2021-04-16,120.7455
2021-04-19,120.7666
2021-04-20,120.8098
2021-04-21,120.8482
2021-04-22,120.829
2021-04-23,120.799
2021-04-25,120.7574
2021-04-26,120.704
2021-04-27,120.6736
2021-04-28,120.6639
2021-04-29,120.6861
2021-04-30,120.7244
2021-05-06,120.8065
2021-05-07,120.8564
2021-05-08,120.8573
2021-05-10,120.8792
2021-05-11,120.9261
2021-05-12,120.9672
2021-05-13,120.9469
2021-05-14,120.9584
2021-05-17,120.9399
2021-05-18,120.9522
2021-05-19,121.0043
2021-05-20,121.0767
2021-05-21,121.1363
2021-05-24,121.1283
2021-05-25,121.1172
2021-05-26,121.1554
2021-05-27,121.128
2021-05-28,121.0957
2021-05-31,121.1159
2021-06-01,121.1394
2021-06-02,121.1141
2021-06-03,121.14
2021-06-04,121.0599
2021-06-07,120.9557
2021-06-08,120.9632
2021-06-09,120.9561
2021-06-10,120.9819
2021-06-11,120.9374
2021-06-15,120.9293
2021-06-16,120.9025
2021-06-17,120.8351
2021-06-18,120.8263
2021-06-21,120.8765
2021-06-22,120.8761
2021-06-23,120.913
2021-06-24,120.9409
2021-06-25,120.9657
2021-06-28,120.9998
2021-06-29,121.028
2021-06-30,121.0638
2021-07-01,121.0751
2021-07-02,121.0851
2021-07-05,121.145
2021-07-06,121.1434
2021-07-07,121.2298
2021-07-08,121.5165
2021-07-09,121.497
2021-07-12,121.6549
2021-07-13,121.7333
2021-07-14,121.7817
2021-07-15,121.7317
2021-07-16,121.7564
2021-07-19,121.7653
2021-07-20,121.8421
2021-07-21,121.9157
2021-07-22,121.9379
2021-07-23,122.0095
2021-07-26,122.1334
2021-07-27,122.0922
2021-07-28,122.0387
2021-07-29,122.1138
2021-07-30,122.275
2021-08-02,122.4326
2021-08-03,122.4003
2021-08-04,122.3698
2021-08-05,122.4575
2021-08-06,122.4483
2021-08-09,122.2904
2021-08-10,122.2449
2021-08-11,122.2212
2021-08-12,122.2796
2021-08-13,122.2339
2021-08-16,122.207
2021-08-17,122.2179
2021-08-18,122.3104
2021-08-19,122.3684
2021-08-20,122.3654
2021-08-23,122.2996
2021-08-24,122.302
2021-08-25,122.3165
2021-08-26,122.2241
2021-08-27,122.233
2021-08-30,122.2667
2021-08-31,122.2956
2021-09-01,122.3484
2021-09-02,122.348
2021-09-03,122.338
2021-09-06,122.338
2021-09-07,122.3046
2021-09-08,122.2677
2021-09-09,122.2423
2021-09-10,122.2158
2021-09-13,122.1957
2021-09-14,122.137
2021-09-15,122.1294
2021-09-16,122.0978
2021-09-17,122.1263
2021-09-18,122.1295
2021-09-22,122.1284
2021-09-23,122.1285
2021-09-24,122.103
2021-09-26,122.085
2021-09-27,122.071
2021-09-28,122.0218
2021-09-29,122.0446
2021-09-30,122.0696
2021-10-08,122.0692
2021-10-09,122.0433
2021-10-11,121.9347
2021-10-12,121.8885
2021-10-13,121.8652
2021-10-14,121.8669
2021-10-15,121.8194
2021-10-18,121.5688
2021-10-19,121.5889
2021-10-20,121.6281
2021-10-21,121.6857
2021-10-22,121.671
2021-10-25,121.6607
2021-10-26,121.6865
2021-10-27,121.704
2021-10-28,121.7405
2021-10-29,121.7673
2021-11-01,121.8444
2021-11-02,121.9421
2021-11-03,121.9757
2021-11-04,121.9997
2021-11-05,122.1346
2021-11-08,122.1433
2021-11-09,122.108
2021-11-10,122.1136
2021-11-11,122.0642
2021-11-12,122.0676
2021-11-15,122.1161
2021-11-16,122.1243
2021-11-17,122.1222
2021-11-18,122.1454
2021-11-19,122.1314
2021-11-22,122.1487
2021-11-23,122.1524
2021-11-24,122.224
2021-11-25,122.2575
2021-11-26,122.3286
2021-11-29,122.3284
2021-11-30,122.3212
2021-12-01,122.3102
2021-12-02,122.2877
2021-12-03,122.257
2021-12-06,122.4381
2021-12-07,122.4147
2021-12-08,122.3772
2021-12-09,122.3566
2021-12-10,122.3796
2021-12-13,122.3772
2021-12-14,122.4172
2021-12-15,122.4346
2021-12-16,122.4387
2021-12-17,122.4543
2021-12-20,122.4429
2021-12-21,122.4154
2021-12-22,122.4389
2021-12-23,122.5027
2021-12-24,122.5233
2021-12-27,122.5814
2021-12-28,122.6139
2021-12-29,122.6786
2021-12-30,122.7768
2021-12-31,122.8066
2022-01-04,122.853
2022-01-05,122.8856
2022-01-06,122.8324
2022-01-07,122.8334
2022-01-10,122.8699
2022-01-11,122.9203
2022-01-12,122.982
2022-01-13,123.0099
2022-01-14,123.0411
2022-01-17,123.113
2022-01-18,123.2703
2022-01-19,123.4557
2022-01-20,123.4802
2022-01-21,123.5713
2022-01-24,123.7156
2022-01-25,123.6931
2022-01-26,123.6004
2022-01-27,123.5565
2022-01-28,123.6166
2022-01-29,123.6512
2022-01-30,123.6904
2022-02-07,123.6649
2022-02-08,123.6777
2022-02-09,123.6405
2022-02-10,123.6491
2022-02-11,123.3671
2022-02-14,123.3372
2022-02-15,123.3368
2022-02-16,123.3326
2022-02-17,123.3786
2022-02-18,123.362
2022-02-21,123.2305
2022-02-22,123.1301
2022-02-23,123.1461
2022-02-24,123.1614
2022-02-25,123.1597
2022-02-28,123.1685
2022-03-01,123.1058
2022-03-02,123.0277
2022-03-03,122.9015
2022-03-04,122.8899
2022-03-07,122.9125
2022-03-08,122.9297
2022-03-09,122.8538
2022-03-10,122.8117
2022-03-11,122.8884
2022-03-14,123.0577
2022-03-15,122.893
2022-03-16,122.835
2022-03-17,122.8255
2022-03-18,122.8623
2022-03-21,122.8475
2022-03-22,122.7748
2022-03-23,122.7678
2022-03-24,122.7793
2022-03-25,122.8068
2022-03-28,122.8368
2022-03-29,122.8336
2022-03-30,122.8982
2022-03-31,122.9165
2022-04-01,122.9756
2022-04-02,123.0189
2022-04-06,123.0999
2022-04-07,123.1896
2022-04-08,123.2104
2022-04-11,123.1616
2022-04-12,123.1559
2022-04-13,123.1797
2022-04-14,123.2467
2022-04-15,123.2692
2022-04-18,123.1683
2022-04-19,123.159
2022-04-20,123.1293
2022-04-21,123.1479
2022-04-22,123.1286
2022-04-24,123.1316
2022-04-25,123.1758
2022-04-26,123.1866
2022-04-27,123.1676
2022-04-28,123.1203
2022-04-29,123.154
2022-05-05,123.2206
2022-05-06,123.2318
2022-05-07,123.2477
2022-05-09,123.2911
2022-05-10,123.356
2022-05-11,123.3542
2022-05-12,123.3918
2022-05-13,123.4111
2022-05-16,123.4196
2022-05-17,123.4656
2022-05-18,123.5154
2022-05-19,123.5339
2022-05-20,123.5111
2022-05-23,123.5464
2022-05-24,123.5582
2022-05-25,123.5756
2022-05-26,123.7025
2022-05-27,123.718
2022-05-30,123.6741
2022-05-31,123.5702
2022-06-01,123.5304
2022-06-02,123.4981
2022-06-06,123.4136
2022-06-07,123.3739
2022-06-08,123.3851
2022-06-09,123.4146
2022-06-10,123.4289
2022-06-13,123.4201
2022-06-14,123.4136
2022-06-15,123.3987
2022-06-16,123.4067
2022-06-17,123.4244
2022-06-20,123.3586
2022-06-21,123.3519
2022-06-22,123.3552
2022-06-23,123.3736
2022-06-24,123.3367
2022-06-27,123.264
2022-06-28,123.2255
2022-06-29,123.2375
2022-06-30,123.2779
2022-07-01,123.3092
2022-07-04,123.2601
2022-07-05,123.232
2022-07-06,123.2502
2022-07-07,123.2589
2022-07-08,123.2612
2022-07-11,123.3126
2022-07-12,123.3659
2022-07-13,123.413
2022-07-14,123.4676
2022-07-15,123.5185
2022-07-18,123.5567
2022-07-19,123.567
2022-07-20,123.6143
2022-07-21,123.674
2022-07-22,123.6659
2022-07-25,123.6941
2022-07-26,123.7477
2022-07-27,123.7826
2022-07-28,123.7601
2022-07-29,123.8588
2022-08-01,123.9865
2022-08-02,124.062
2022-08-03,124.1128
2022-08-04,124.1945
2022-08-05,124.1592
2022-08-08,124.1439
2022-08-09,124.094
2022-08-10,124.0953
2022-08-11,124.0812
2022-08-12,124.0713
2022-08-15,124.3302
2022-08-16,124.4678
2022-08-17,124.4708
2022-08-18,124.5611
2022-08-19,124.61
2022-08-22,124.6053
2022-08-23,124.55
2022-08-24,124.5273
2022-08-25,124.4114
2022-08-26,124.3744
2022-08-29,124.4228
2022-08-30,124.4757
2022-08-31,124.4829
2022-09-01,124.5334
2022-09-02,124.5401
2022-09-05,124.6016
2022-09-06,124.6461
2022-09-07,124.6464
2022-09-08,124.631
2022-09-09,124.6138
2022-09-13,124.5802
2022-09-14,124.5335
2022-09-15,124.5445
2022-09-16,124.4934
2022-09-19,124.4835
2022-09-20,124.5021
2022-09-21,124.5346
2022-09-22,124.5381
2022-09-23,124.5058
2022-09-26,124.3961
2022-09-27,124.3734
2022-09-28,124.3022
2022-09-29,124.2475
2022-09-30,124.177
2022-10-08,124.215
2022-10-09,124.2833
2022-10-10,124.3309
2022-10-11,124.3759
2022-10-12,124.3767
2022-10-13,124.422
2022-10-14,124.498
2022-10-17,124.5221
2022-10-18,124.5294
2022-10-19,124.5453
2022-10-20,124.505
2022-10-21,124.4888
2022-10-24,124.4971
2022-10-25,124.4654
2022-10-26,124.4744
2022-10-27,124.5219
2022-10-28,124.5604
2022-10-31,124.6363
2022-11-01,124.5709
2022-11-02,124.5182
2022-11-03,124.5277
2022-11-04,124.4597
2022-11-07,124.4424
2022-11-08,124.408
2022-11-09,124.3904
2022-11-10,124.3575
2022-11-11,124.2244
2022-11-14,123.6856
2022-11-15,123.6342
2022-11-16,123.4988
2022-11-17,123.5182
2022-11-18,123.5341
2022-11-21,123.5904
2022-11-22,123.5806
2022-11-23,123.6618
2022-11-24,123.7858
2022-11-25,123.6931
2022-11-28,123.6041
2022-11-29,123.3953
2022-11-30,123.347
2022-12-01,123.3506
2022-12-02,123.3755
2022-12-05,123.3305
2022-12-06,123.2275
2022-12-07,123.1774
2022-12-08,123.2027
2022-12-09,123.1426
2022-12-12,123.1117
2022-12-13,122.9764
2022-12-14,123.0607
2022-12-15,123.0639
2022-12-16,123.0426
2022-12-19,123.141
2022-12-20,123.1491
2022-12-21,123.1339
2022-12-22,123.1964
2022-12-23,123.2881
2022-12-26,123.2971
2022-12-27,123.2649
2022-12-28,123.2664
2022-12-29,123.3636
2022-12-30,123.4172
2022-12-31,123.43
2023-01-03,123.5305
2023-01-04,123.6435
2023-01-05,123.7017
2023-01-06,123.6538
2023-01-09,123.6433
2023-01-10,123.5421
2023-01-11,123.514
2023-01-12,123.5336
2023-01-13,123.4926
2023-01-16,123.3913
2023-01-17,123.3713
2023-01-18,123.3296
2023-01-19,123.3416
2023-01-20,123.2964
2023-01-28,123.2846
2023-01-29,123.3302
2023-01-30,123.3412
2023-01-31,123.379
2023-02-01,123.3573
2023-02-02,123.355
2023-02-03,123.4015
2023-02-06,123.41
2023-02-07,123.4227
2023-02-08,123.4394
2023-02-09,123.4466
2023-02-10,123.4704
2023-02-13,123.4986
2023-02-14,123.5181
2023-02-15,123.5302
2023-02-16,123.5571
2023-02-17,123.5648
2023-02-20,123.535
2023-02-21,123.4928
2023-02-22,123.4941
2023-02-23,123.4749
2023-02-24,123.46
2023-02-27,123.4432
2023-02-28,123.4355
2023-03-01,123.4259
2023-03-02,123.4203
2023-03-03,123.398
2023-03-06,123.5093
2023-03-07,123.5333
2023-03-08,123.5567
2023-03-09,123.5802
2023-03-10,123.6048
2023-03-13,123.6031
2023-03-14,123.6145
2023-03-15,123.616
2023-03-16,123.6441
2023-03-17,123.6703
2023-03-20,123.7245
2023-03-21,123.7373
2023-03-22,123.7333
2023-03-23,123.7253
2023-03-24,123.6938
2023-03-27,123.7215
2023-03-28,123.7299
2023-03-29,123.7399
2023-03-30,123.7523
2023-03-31,123.779
2023-04-03,123.785
2023-04-04,123.7911
2023-04-06,123.8002
2023-04-07,123.8115
2023-04-10,123.8232
2023-04-11,123.8793
2023-04-12,123.9278
2023-04-13,123.9261
2023-04-14,123.9297
2023-04-17,123.9128
2023-04-18,123.9464
2023-04-19,123.9894
2023-04-20,124.0082
2023-04-21,124.0314
2023-04-23,124.0385
2023-04-24,124.0758
2023-04-25,124.0836
2023-04-26,124.1075
2023-04-27,124.2075
2023-04-28,124.2189
2023-05-04,124.35
2023-05-05,124.4628
2023-05-06,124.5107
2023-05-08,124.4811
2023-05-09,124.5066
2023-05-10,124.5932
2023-05-11,124.6966
2023-05-12,124.689
2023-05-15,124.6572
2023-05-16,124.6482
2023-05-17,124.6293
2023-05-18,124.6016
2023-05-19,124.6202
2023-05-22,124.6279
2023-05-23,124.6988
2023-05-24,124.7041
2023-05-25,124.6857
2023-05-26,124.6577
2023-05-29,124.6615
2023-05-30,124.6897
2023-05-31,124.7194
2023-06-01,124.7614
2023-06-02,124.7365
2023-06-05,124.7562
2023-06-06,124.7903
2023-06-07,124.8183
2023-06-08,124.8324
2023-06-09,124.8837
2023-06-12,124.9263
2023-06-13,125.0545
2023-06-14,125.1288
2023-06-15,125.0522
2023-06-16,124.9348
2023-06-19,124.816
2023-06-20,124.8155
2023-06-21,124.847
2023-06-25,124.8685
2023-06-26,124.8694
2023-06-27,124.8389
2023-06-28,124.8527
2023-06-29,124.8799
2023-06-30,124.9389
2023-07-03,124.9657
2023-07-04,124.9878
2023-07-05,125.0066
2023-07-06,125.0235
2023-07-07,125.0421
2023-07-10,125.0732
2023-07-11,125.1151
2023-07-12,125.1214
2023-07-13,125.1281
2023-07-14,125.1042
2023-07-17,125.1287
2023-07-18,125.162
2023-07-19,125.1872
2023-07-20,125.2
2023-07-21,125.2485
2023-07-24,125.3057
2023-07-25,125.138
2023-07-26,125.1378
2023-07-27,125.1985
2023-07-28,125.1992
2023-07-31,125.1604
2023-08-01,125.186
2023-08-02,125.2226
2023-08-03,125.2727
2023-08-04,125.2867
2023-08-07,125.3218
2023-08-08,125.3376
2023-08-09,125.3471
2023-08-10,125.3438
2023-08-11,125.3609
2023-08-14,125.4193
2023-08-15,125.5887
2023-08-16,125.6607
2023-08-17,125.6774
2023-08-18,125.7168
2023-08-21,125.8138
2023-08-22,125.8223
2023-08-23,125.8274
2023-08-24,125.8227
2023-08-25,125.7684
2023-08-28,125.6866
2023-08-29,125.6531
2023-08-30,125.6489
2023-08-31,125.6781
2023-09-01,125.6087
2023-09-04,125.4409
2023-09-05,125.4109
2023-09-06,125.3072
2023-09-07,125.2145
2023-09-08,125.1608
2023-09-11,125.0993
2023-09-12,125.1359
2023-09-13,125.1734
2023-09-14,125.2134
2023-09-15,125.1693
2023-09-18,125.0869
2023-09-19,125.061
2023-09-20,125.0389
2023-09-21,125.057
2023-09-22,125.0283
2023-09-25,124.9508
2023-09-26,124.8854
2023-09-27,124.8805
2023-09-28,124.9491
2023-10-07,125.0743
2023-10-08,125.0991
2023-10-09,125.0532
2023-10-10,124.9898
2023-10-11,124.8953
2023-10-12,124.849
2023-10-13,124.9016
2023-10-16,124.8883
2023-10-17,124.8352
2023-10-18,124.781
2023-10-19,124.6746
2023-10-20,124.6426
2023-10-23,124.6593
2023-10-24,124.5868
2023-10-25,124.61
2023-10-26,124.6217
2023-10-27,124.6047
2023-10-30,124.6302
2023-10-31,124.6715
2023-11-01,124.6823
2023-11-02,124.7574
2023-11-03,124.7582
2023-11-06,124.7735
2023-11-07,124.7717
2023-11-08,124.7703
2023-11-09,124.7966
2023-11-10,124.8291
2023-11-13,124.8694
2023-11-14,124.8864
2023-11-15,124.9001
2023-11-16,124.9689
2023-11-17,125.0163
2023-11-20,125.0238
2023-11-21,125.0296
2023-11-22,124.9975
2023-11-23,124.9163
2023-11-24,124.9051
2023-11-27,124.8435
2023-11-28,124.8673
2023-11-29,124.866
2023-11-30,124.9128
2023-12-01,124.901
2023-12-04,124.8918
2023-12-05,124.8723
2023-12-06,124.8493
2023-12-07,124.8677
2023-12-08,124.8934
2023-12-11,124.965
2023-12-12,124.9834
2023-12-13,125.0773
2023-12-14,125.1336
2023-12-15,125.2311
2023-12-18,125.325
2023-12-19,125.3686
2023-12-20,125.4179
2023-12-21,125.5001
2023-12-22,125.612
2023-12-25,125.7194
2023-12-26,125.7936
2023-12-27,125.8607
2023-12-28,125.9168
2023-12-29,125.9493
2023-12-31,125.9761
2024-01-02,125.9646
2024-01-03,125.9338
2024-01-04,125.9853
2024-01-05,126.0728
2024-01-08,126.0915
2024-01-09,126.213
2024-01-10,126.2148
2024-01-11,126.2074
2024-01-12,126.1774
2024-01-15,126.1819
2024-01-16,126.1782
2024-01-17,126.2049
2024-01-18,126.2775
2024-01-19,126.3324
2024-01-22,126.4475
2024-01-23,126.4753
2024-01-24,126.5068
2024-01-25,126.5599
2024-01-26,126.5822
2024-01-29,126.638
2024-01-30,126.8597
2024-01-31,127.0648
2024-02-01,127.0877
2024-02-02,127.0839
2024-02-04,127.1881
2024-02-05,127.208
2024-02-06,127.0752
2024-02-07,127.1075
2024-02-08,127.0944
2024-02-09,127.0939
2024-02-18,127.1258
2024-02-19,127.1556
2024-02-20,127.23
2024-02-21,127.2502
2024-02-22,127.2924
2024-02-23,127.3766
2024-02-26,127.4192
2024-02-27,127.5156
2024-02-28,127.5937
2024-02-29,127.7621
2024-03-01,127.5886
2024-03-04,127.6276
2024-03-05,127.6613
2024-03-06,127.8552
2024-03-07,127.9297
2024-03-08,127.9144
2024-03-11,127.7984
2024-03-12,127.5614
2024-03-13,127.4974
2024-03-14,127.4424
2024-03-15,127.4831
2024-03-18,127.555
2024-03-19,127.6526
2024-03-20,127.6322
2024-03-21,127.6405
2024-03-22,127.6302
2024-03-25,127.5352
2024-03-26,127.5163
2024-03-27,127.5813
2024-03-28,127.6237
2024-03-29,127.6763
2024-04-01,127.6262
2024-04-02,127.6862
2024-04-03,127.7748
2024-04-07,127.795
2024-04-08,127.8506
2024-04-09,127.9037
2024-04-10,127.8771
2024-04-11,127.8956
2024-04-12,128.0073
2024-04-15,128.0306
2024-04-16,128.056
2024-04-17,128.111
2024-04-18,128.232
2024-04-19,128.3394
2024-04-22,128.4495
2024-04-23,128.6061
2024-04-24,128.4105
2024-04-25,128.3205
2024-04-26,128.1227
2024-04-28,127.9594
2024-04-29,127.7354
2024-04-30,127.8968
2024-05-06,127.9331
2024-05-07,128.0589
2024-05-08,128.099
2024-05-09,128.0407
2024-05-10,128.0087
2024-05-11,127.8655
2024-05-13,128.0626
2024-05-14,128.1459
2024-05-15,128.1368
2024-05-16,128.0807
2024-05-17,128.0263
2024-05-20,128.0534
2024-05-21,128.0301
2024-05-22,128.05
2024-05-23,128.1193
2024-05-24,128.1117
2024-05-27,128.073
2024-05-28,128.1408
2024-05-29,128.2258
2024-05-30,128.2502
2024-05-31,128.1892
2024-06-03,128.2626
2024-06-04,128.3018
2024-06-05,128.3823
2024-06-06,128.4258
2024-06-07,128.4458
2024-06-11,128.5068
2024-06-12,128.5179
2024-06-13,128.5634
2024-06-14,128.6417
2024-06-17,128.6362
2024-06-18,128.6984
2024-06-19,128.7448
2024-06-20,128.8013
2024-06-21,128.7317
2024-06-24,128.7666
2024-06-25,128.8441
2024-06-26,128.881
2024-06-27,128.9651
2024-06-28,129.0263
2024-07-01,128.8786
2024-07-02,128.9366
2024-07-03,129.0229
2024-07-04,129.0354
2024-07-05,128.94
2024-07-08,128.7761
2024-07-09,128.877
2024-07-10,128.893
2024-07-11,128.9209
2024-07-12,128.9772
2024-07-15,129.0272
2024-07-16,129.0266
2024-07-17,129.0315
2024-07-18,128.9934
2024-07-19,129.0021
2024-07-22,129.141
2024-07-23,129.2456
2024-07-24,129.2842
2024-07-25,129.3837
2024-07-26,129.4672
2024-07-29,129.5779
2024-07-30,129.6857
2024-07-31,129.7543
2024-08-01,129.8547
2024-08-02,129.9484
2024-08-05,130.0477
2024-08-06,129.9669
2024-08-07,130.0508
2024-08-08,129.9309
2024-08-09,129.7709
2024-08-12,129.4155
2024-08-13,129.5031
2024-08-14,129.7191
2024-08-15,129.6228
2024-08-16,129.6264
2024-08-19,129.6549
2024-08-20,129.6907
2024-08-21,129.6374
2024-08-22,129.6985
2024-08-23,129.7014
2024-08-26,129.6512
2024-08-27,129.5108
2024-08-28,129.546
2024-08-29,129.5495
2024-08-30,129.5268
2024-09-02,129.6812
2024-09-03,129.7435
2024-09-04,129.8303
2024-09-05,129.9308
2024-09-06,129.9533
2024-09-09,130.04
2024-09-10,130.1169
2024-09-11,130.2033
2024-09-12,130.2561
2024-09-13,130.3359
2024-09-14,130.481
2024-09-18,130.5264
2024-09-19,130.5103
2024-09-20,130.4842
2024-09-23,130.5108
2024-09-24,130.3785
2024-09-25,130.4555
2024-09-26,130.3491
2024-09-27,129.7057
2024-09-29,129.0751
2024-09-30,129.3591
2024-10-08,129.2413
2024-10-09,129.2313
2024-10-10,129.514
2024-10-11,129.6606
2024-10-12,129.6735
2024-10-14,129.6875
2024-10-15,129.6867
2024-10-16,129.6984
2024-10-17,129.7905
2024-10-18,129.7845
2024-10-21,129.7299
2024-10-22,129.6053
2024-10-23,129.457
2024-10-24,129.4521
2024-10-25,129.3781
2024-10-28,129.2636
2024-10-29,129.2865
2024-10-30,129.2996
2024-10-31,129.34
2024-11-01,129.4571
2024-11-04,129.5219
2024-11-05,129.5674
2024-11-06,129.6047
2024-11-07,129.6669
2024-11-08,129.7136
2024-11-11,129.7591
2024-11-12,129.8424
2024-11-13,129.8386
2024-11-14,129.8281
2024-11-15,129.8087
2024-11-18,129.6974
2024-11-19,129.7018
2024-11-20,129.6942
2024-11-21,129.749
2024-11-22,129.7905
2024-11-25,129.8952
2024-11-26,129.9643
2024-11-27,130.0087
2024-11-28,130.1122
2024-11-29,130.2394
2024-12-02,130.5584
2024-12-03,130.5544
2024-12-04,130.7242
2024-12-05,130.7776
2024-12-06,130.772
2024-12-09,130.8608
2024-12-10,131.3001
2024-12-11,131.3421
2024-12-12,131.4392
2024-12-13,131.7447
2024-12-16,132.0214
2024-12-17,131.938
2024-12-18,131.7844
2024-12-19,131.7049
2024-12-20,131.9772
2024-12-23,132.0654
2024-12-24,131.9277
2024-12-25,131.8235
2024-12-26,131.8413
2024-12-27,132.0693
2024-12-30,132.0426
2024-12-31,132.2479
2025-01-02,132.6661
2025-01-03,132.8309
2025-01-06,132.8564
2025-01-07,132.7391
2025-01-08,132.6764
2025-01-09,132.4876
2025-01-10,132.4982
2025-01-13,132.377
2025-01-14,132.4617
2025-01-15,132.5393
2025-01-16,132.4744
2025-01-17,132.4103
2025-01-20,132.3238
2025-01-21,132.3998
2025-01-22,132.4336
2025-01-23,132.3674
2025-01-24,132.3054
2025-01-26,132.3133
2025-01-27,132.5112
2025-02-05,132.616
2025-02-06,132.7551
2025-02-07,132.7764
2025-02-08,132.7703
2025-02-10,132.6524
2025-02-11,132.6569
2025-02-12,132.6585
2025-02-13,132.6383
2025-02-14,132.5075
2025-02-17,132.289
2025-02-18,132.1491
2025-02-19,132.1713
2025-02-20,132.0275
2025-02-21,131.7954
2025-02-24,131.4374
2025-02-25,131.3891
2025-02-26,131.4012
2025-02-27,131.2289
2025-02-28,131.2568
2025-03-03,131.345
2025-03-04,131.3584
2025-03-05,131.3808
2025-03-06,131.2182
2025-03-07,130.8602
2025-03-10,130.7484
2025-03-11,130.3606
2025-03-12,130.4885
2025-03-13,130.5094
2025-03-14,130.5135
2025-03-17,130.1302
2025-03-18,130.1457
2025-03-19,130.1758
2025-03-20,130.4392
2025-03-21,130.4535
2025-03-24,130.4262
2025-03-25,130.5578
2025-03-26,130.6329
2025-03-27,130.6591
2025-03-28,130.6448
2025-03-31,130.6766
2025-04-01,130.7217
2025-04-02,130.9025
2025-04-03,131.4507
2025-04-07,132.0177
2025-04-08,131.7734
2025-04-09,131.804
2025-04-10,131.7522
2025-04-11,131.7819
2025-04-14,131.7377
2025-04-15,131.7242
2025-04-16,131.7859
2025-04-17,131.7207
2025-04-18,131.7026
2025-04-21,131.6411
2025-04-22,131.6755
2025-04-23,131.5967
2025-04-24,131.601
2025-04-25,131.6186
2025-04-27,131.6218
2025-04-28,131.697
2025-04-29,131.8468
2025-04-30,131.9156
2025-05-06,131.9718
2025-05-07,131.9164
2025-05-08,132.0201
2025-05-09,132.0705
2025-05-12,131.8036
2025-05-13,131.8493
2025-05-14,131.8286
2025-05-15,131.7988
2025-05-16,131.7415
2025-05-19,131.7969
2025-05-20,131.8121
2025-05-21,131.7784
2025-05-22,131.7808
2025-05-23,131.7618
2025-05-26,131.7578
2025-05-27,131.7197
2025-05-28,131.6825
2025-05-29,131.5485
2025-05-30,131.6621
2025-06-03,131.6673
2025-06-04,131.6797
2025-06-05,131.7064
2025-06-06,131.7778
2025-06-09,131.831
2025-06-10,131.854
2025-06-11,131.9373
2025-06-12,131.9639
2025-06-13,131.9696
2025-06-16,131.9751
2025-06-17,132.0362
2025-06-18,132.0752
2025-06-19,132.1643
2025-06-20,132.2212
2025-06-23,132.2409
2025-06-24,132.1601
2025-06-25,132.0822
2025-06-26,132.0774
2025-06-27,132.107
2025-06-30,132.0666
2025-07-01,132.124
2025-07-02,132.2409
2025-07-03,132.2636
2025-07-04,132.2929
2025-07-07,132.3091
2025-07-08,132.2641
2025-07-09,132.2598
2025-07-10,132.178
2025-07-11,132.1399
2025-07-14,132.0708
2025-07-15,132.1737
2025-07-16,132.1861
2025-07-17,132.1985
2025-07-18,132.1758
2025-07-21,132.0624
2025-07-22,131.9796
2025-07-23,131.8574
2025-07-24,131.6295
2025-07-25,131.5933
2025-07-28,131.7015
2025-07-29,131.4734
2025-07-30,131.5649
2025-07-31,131.7278
2025-08-01,131.7412
2025-08-04,131.7718
2025-08-05,131.7647
2025-08-06,131.7842
2025-08-07,131.816
2025-08-08,131.8118
2025-08-11,131.6485
2025-08-12,131.5053
2025-08-13,131.4846
2025-08-14,131.4141
2025-08-15,131.3102
2025-08-18,130.9151
2025-08-19,130.9267
2025-08-20,130.8707
2025-08-21,130.8793
2025-08-22,130.8512
2025-08-25,130.8983
2025-08-26,130.9731
2025-08-27,130.9952
2025-08-28,130.8667
2025-08-29,130.8821
2025-09-01,130.9141
2025-09-02,130.9461
2025-09-03,131.0513
2025-09-04,131.0995
2025-09-05,130.9636
2025-09-08,130.815
2025-09-09,130.7104
2025-09-10,130.5134
2025-09-11,130.4768
2025-09-12,130.5212
2025-09-15,130.5213
2025-09-16,130.545
2025-09-17,130.6247
2025-09-18,130.5756
2025-09-19,130.4546
2025-09-22,130.4549
2025-09-23,130.3309
2025-09-24,130.1466
2025-09-25,130.058
2025-09-26,130.0656
2025-09-28,130.0694
2025-09-29,130.0267
2025-09-30,130.0904
2025-10-09,130.2151
2025-10-10,130.1927
2025-10-11,130.3886
2025-10-13,130.3098
2025-10-14,130.2809
2025-10-15,130.2455
2025-10-16,130.3032
2025-10-17,130.4403
2025-10-20,130.3582
2025-10-21,130.3868
2025-10-22,130.4058
2025-10-23,130.3869
2025-10-24,130.334
2025-10-27,130.3283
2025-10-28,130.5109
2025-10-29,130.5337
2025-10-30,130.5841
2025-10-31,130.7027
2025-11-03,130.7284
2025-11-04,130.726
2025-11-05,130.7656
2025-11-06,130.699
2025-11-07,130.6684
2025-11-10,130.6789
2025-11-11,130.6976
2025-11-12,130.7415
2025-11-13,130.7198
2025-11-14,130.7191
2025-11-17,130.7311
2025-11-18,130.7473
2025-11-19,130.717
2025-11-20,130.7176
2025-11-21,130.6858
2025-11-24,130.6751
2025-11-25,130.5907
2025-11-26,130.4423
2025-11-27,130.3549
2025-11-28,130.3626
2025-12-01,130.3589
2025-12-02,130.2888
2025-12-03,130.1998
2025-12-04,130.0069
2025-12-05,130.0288
2025-12-08,130.0065
2025-12-09,130.0728
2025-12-10,130.112
2025-12-11,130.2051
2025-12-12,130.1627
2025-12-15,130.0386
2025-12-16,130.0241
2025-12-17,130.1188
2025-12-18,130.1437
2025-12-19,130.1965
2025-12-22,130.1707
2025-12-23,130.2445
2025-12-24,130.2806
2025-12-25,130.2883
2025-12-26,130.3313
2025-12-29,130.1707
2025-12-30,130.1537
2025-12-31,130.1457
2026-01-04,130.2166
2026-01-05,130.0914
2026-01-06,129.9796
2026-01-07,129.8973
2026-01-08,129.9356
2026-01-09,129.9751
2026-01-12,130.0335
2026-01-13,130.0776
2026-01-14,130.0902
2026-01-15,130.1225
2026-01-16,130.1553
2026-01-19,130.1716
2026-01-20,130.2482
2026-01-21,130.3519
2026-01-22,130.3745
2026-01-23,130.4362
2026-01-26,130.4436
2026-01-27,130.4061
2026-01-28,130.4356
2026-01-29,130.451
2026-01-30,130.4335
2026-02-02,130.4397
2026-02-03,130.4088
2026-02-04,130.3968
2026-02-05,130.4243
2026-02-06,130.5039
2026-02-09,130.5531
2026-02-10,130.5696
2026-02-11,130.6012
2026-02-12,130.6348
2026-02-13,130.6415
2026-02-14,130.6368
2026-02-24,130.6592
2026-02-25,130.5766
2026-02-26,130.4518
2026-02-27,130.4504
2026-02-28,130.4987
2026-03-02,130.5159
2026-03-03,130.5293
2026-03-04,130.5545
2026-03-05,130.5752
2026-03-06,130.5741
2026-03-09,130.4245
2026-03-10,130.4212
2026-03-11,130.3917
2026-03-12,130.4132
2026-03-13,130.4056
2026-03-16,130.2972
2026-03-17,130.3143
2026-03-18,130.3704
2026-03-19,130.3767
2026-03-20,130.3664
2026-03-23,130.3467
2026-03-24,130.3833
2026-03-25,130.3836
2026-03-26,130.4132
2026-03-27,130.4164
2026-03-30,130.4951
2026-03-31,130.5189
2026-04-01,130.4911
2026-04-02,130.4836
2026-04-03,130.5312
2026-04-07,130.6228
2026-04-08,130.6892
2026-04-09,130.7023
2026-04-10,130.7578
2026-04-13,130.834
2026-04-14,130.8781
2026-04-15,130.8778
2026-04-16,130.885
2026-04-17,130.9755
2026-04-20,131.0228
2026-04-21,131.0938
2026-04-22,131.1625
2026-04-23,131.1059
2026-04-24,131.0353
2026-04-27,130.9271
2026-04-28,130.9455
2026-04-29,130.9979
2026-04-30,130.9597
