,农林牧渔,采掘,化工,钢铁,有色金属,电子,汽车,家用电器,食品饮料,纺织服装,轻工制造,医药生物,公用事业,交通运输,房地产,商业贸易,休闲服务,银行,非银金融,建筑材料,建筑装饰,电气设备,国防军工,计算机,传媒,通信,机械设备
2011-01-31,-0.032508392774656704,0.059154676235462014,-0.05898453971962805,-0.004358048761115289,-0.10850841089431836,-0.10351989919305805,-0.011899685707463642,-0.02121429250397609,-0.026261761779892617,0.039404993745215416,-0.13545471806019432,0.04437149175769976,-0.03900634517947896,-0.05632999580516933,0.020907743606378714,0.09399054708615881,-0.03580296654049331,0.08335566655986197,0.04899022192536705,-0.04522870676961937,0.017843652528163747,0.07298312860273261,0.04639574738799788,0.025891040926019286,-0.049398552073821614,0.017611695409135535,-0.04152416728314309
2011-02-28,-0.023014611456961393,-0.07574804349028334,0.033006224827616386,0.027078544894013366,-0.09303374925213513,-0.11556700614648967,0.03285752056054228,0.054110181887277876,-0.07002330601340145,0.03398019522166423,0.000372143843042844,-0.004533755766439727,0.04510437718294616,0.0674480364246355,0.056755958888488625,-0.08077142155417068,0.1629144673393742,0.09240999820787327,0.02424890934861037,0.07745197235228254,0.03207082799476146,-0.02428752064204497,-0.016306788300936965,0.016564980910473967,-0.013144617508007796,-0.01723707073360726,0.016030234038446858
2011-03-31,-0.008372458537206081,0.055206734443206285,-0.07119879062808578,0.0548581244441731,0.10919584660237214,0.042850386450596724,-0.005900162191259123,-0.020384211032440522,-0.09714764722076911,-0.029418079754095147,-0.03646638383922945,0.014261125143668587,-0.05074311330188074,-0.006889239850788949,-0.029962292598078106,0.01460978840810463,0.007472693050463102,0.04475074514551959,-0.079798793235167,-0.04826339953375351,0.044509975866768865,0.01352928648837387,-0.009517786245374395,-0.011976361846558984,0.0037845311798931514,0.040508689530397365,0.00831214865228171
2011-04-30,0.02692638304499064,0.0156148110833905,-0.07764703712369879,-0.007168028454007578,0.04177499865964946,-0.003712880259827837,0.04165264303410542,0.08646692670243984,0.03745313897049799,-0.037970868246210085,-0.0625597982541925,-0.009236561184224487,0.02325323237389303,-0.05056428845938754,-0.03129898218684539,-0.06943555351397364,0.08445459571618467,0.0717792350404362,0.025150693024297826,-0.0372735871123131,-0.004446739340854214,0.04942790012050248,-0.011123771239533488,0.045853268984287474,0.012219880108763563,-0.021660288803329028,-0.035740891617845064
2011-05-31,-0.0008442920455171972,0.0025086084883325054,0.010144759447898714,-0.0054100569676789854,0.08592258791884176,0.04188087258267374,0.00021443215938014154,-0.04537700946677337,-0.019740209892446507,0.10391617658451227,0.20510752544700248,-0.04922377438772065,-0.002356083275640253,-0.07056659845663975,-0.15802722013762135,0.027740702632519574,0.04631261188651445,0.07347914902554069,-0.02344322386246519,-0.0396707636804672,0.0007436479100336275,0.03100498678061134,-0.019867642469881475,0.013930774960843622,-0.08834855700769087,0.021379870181403478,0.008660600680584395
2011-06-30,-0.02652932799055389,-0.01921504757658498,0.07789669678010161,0.048344497359224484,0.09543099890900576,0.02995936648794869,0.011748898229952863,-0.005988006246565255,0.12876457824885096,0.08304358202442966,-0.06728375051630014,-0.018312299202082858,0.012704560461343793,-0.019581394505814906,0.10314806052490477,0.03727372092042468,-0.007035677493600356,-0.11676137557518196,0.0031081527408307434,0.017579543751489075,0.04932348326989328,-0.06731697676246257,0.06487764943009992,-0.003241617388012874,-0.004935271821707922,0.03029804304061408,0.007844456504015659
2011-07-31,0.008599558060808485,0.03415871264830917,-0.006165417059308799,-0.03934321003825475,0.04014343408217522,-0.041350141903837755,-0.005191555273257754,0.04123912497359405,-0.028515798348325613,-0.023743125304992105,0.1144119943797017,-0.03481736804202167,-0.0481804303160072,-0.05169537734097402,0.024890548173358257,-0.028315633699518054,-0.027538218712513957,0.0054800105706084914,0.035191787378423836,-0.017496393375384653,0.05333514026814759,-0.06959449627988042,0.02215326890062128,0.025080233716469415,-0.05109563292994897,0.011925411147362897,0.029707920023317
2011-08-31,-0.020188276936715533,-0.05842728138949781,-0.042380577941231706,0.02202211743591745,0.011247155275072444,-0.06466718614476512,-0.0050347736152186835,0.07802743029083363,0.04747228777788166,0.03523269665257661,0.008926277738947034,0.028861824323226634,0.031192670033082043,-0.0220341242268635,-0.0059724938269737765,-0.04518157114873553,-0.06558838902097514,0.18051668988548358,-0.0050315210912660726,0.004265097822730286,0.0614114929014398,-0.06398200774266162,0.03130948558828831,0.049704755289040045,-0.045893459834454406,0.046767632913329235,-0.04046661011427685
2011-09-30,0.04397306745461178,0.030798897138896268,-0.02359776501700943,-0.03969878845160928,-0.0551905954831147,-0.03092913330726104,-0.019318434405681782,0.030813362874890254,0.003734176095245013,-0.028933434799695235,-0.005137146818622963,-0.00766796403296225,-0.009088005739641185,0.05610525382287853,-0.003853492977645756,-0.045557465299579006,-0.01880619301195355,0.03039498107112147,0.06248859731379112,0.04502060719642749,0.044322398054007464,0.007262247382029124,0.02484817570723918,0.0132628407353089,-0.024931282126883395,-0.0016597723697614544,0.003738509037487585
2011-10-31,-0.016406675073939867,0.032884163495747055,0.03589081243241573,0.037133400686742105,0.05396061460091663,-0.01924701332461784,-0.036674625872989884,-0.006669978178325128,-0.006039496587620887,-0.012130874303358123,0.026353075469872984,0.08354135630700568,-0.020817981685522912,0.09724777997665353,0.015049945529018819,-0.03939845949088917,0.017681506842478927,0.023460727311790573,0.0031628341908582045,0.006157599482975092,0.04676699311711826,-0.023693915472062125,-0.01723634725186294,0.014293656092221349,-0.010825228870890581,-0.02545824207412027,-0.028947010915608085
2011-11-30,0.022515100709266458,-0.006778458815280159,-0.014863601522415344,0.037019489410779996,-0.07234898322147905,-0.05807002945959562,-0.02315979326166357,0.026494928012735466,0.03573577484657016,0.058624297108139364,0.04107229297220044,-0.005199492404063145,0.048920521441764106,0.05479335512639786,0.09996840839929576,-0.0626129823077091,0.00654098435043198,-0.012963338145474256,0.004473687571993006,-0.04950853282021488,-0.02787542351991695,0.014966347140243391,-0.013163228020657593,0.06950675682277081,0.07134682509718526,-0.07049826927249853,-0.12216684081224427
2011-12-31,-0.008649542979733565,-0.05637046797361839,-0.000360190996592163,0.05990229373261247,0.01627076030192872,-0.039575882902828076,-0.08071485179212452,0.036020766293149084,-0.03185519508900614,-0.04869055099450214,0.004657095464975148,-0.003366317743148108,-0.07129954978969848,0.017913004039089214,-0.08169950411596924,-0.009630319547913494,0.042064036366850716,-0.09054714146822417,0.017915716709495804,-0.01007192146544577,0.012865889372496987,0.043294181830546695,-0.053298959393396295,-0.009479916672721352,0.0011570521740203663,0.08176303678425964,-0.012926703438347988
2012-01-31,-0.027493157770252966,0.16976625937753814,-0.05566963808485275,-0.07749763636463931,-0.03707492467301941,-0.07343572395300456,-0.0049324216750365685,-0.00595454118910626,0.09886988673458105,0.024602429359632846,0.06478839726234482,-0.021822810689692267,0.03089371146559403,0.02224787642844324,0.01728510311208747,-0.08296809492520443,0.0307091725297379,0.012353805605349232,0.06855209505434252,-0.01354268884126142,-0.045745072215914326,-0.0016038335118867715,0.038930240145880195,0.033079576395002766,0.0015306951615475222,0.044149147944976194,0.12933357947428922
2012-02-29,0.021838138416043373,-0.034264567258958954,-0.1086297098915972,0.035562876217548375,0.03157191170905689,0.10363120912006514,-0.023319369759131618,0.03811743910597586,-0.10726268741292556,0.033333959184169065,0.0535935070495828,-0.009921510050454628,0.027474271317568154,0.12242849891384505,-0.0034363338621930806,0.025470542365282938,0.1057227045942032,0.029391063521090104,-0.05503161813053566,-0.009288764460184569,0.05940659414027732,-0.025195627433594357,0.025379129318907755,-0.041226592053626554,-0.0358466464722661,-0.02113380083959008,0.03888361713761508
2012-03-31,0.027604961070303146,-0.014211687636927612,-0.07794543164679824,0.025894964431676243,-0.056728357889208395,0.05554074880594274,0.07716073147177903,0.022798434637391413,0.037581810334427514,0.05238668276381663,-0.06697276189643689,0.026247577483752428,-0.031642240022265594,0.034297582526320314,-0.01783219414705876,-0.11561309164800398,0.005647267704308154,-0.010263090535984433,0.006833705517076398,0.0916885585760155,-0.06997929397883183,0.055118461330371925,0.00957781675159329,0.023033568389317704,0.07792684044454493,0.018491967461240426,0.02077367105335675
2012-04-30,0.0019594326292047414,-0.029045513231019143,0.03777278379889866,0.060001734363842735,0.05650823991077698,-0.0662512015061592,-0.06461104725263525,0.001131651354935884,0.0722033722933294,0.05606525249368424,-0.1068741249869288,-0.018212081984969496,0.02454201258007386,0.04508441595945005,0.005114889589151054,-0.009782341988137133,-0.06799146370736955,-0.03713410649140032,-0.001942109328290427,-0.05419319731688359,0.05652199279178598,-0.029799321266562956,0.014019821486995026,0.07284091263269937,0.10449051858655803,0.036660906989277084,-0.025363356363114917
2012-05-31,0.04886933865524469,0.06372437777815676,-0.023658500277507776,0.0774502711188077,0.021587465500658327,-0.12776500529277313,-0.03067977354040239,-0.007892301772881435,-0.05360635034269075,0.04657932108760799,0.016770707412646288,-0.007525303337394257,0.0065901683775190355,-0.09809576384360878,-0.01743282533592693,0.0013793574554269471,0.05781646786778602,0.14106009959162683,-0.001174117563425327,-0.002381911132824284,-0.006805016129911042,0.009698803347332488,0.015510848811571509,0.03630134224614752,-0.025061415750456704,-0.006513715294266951,0.050218968830583424
2012-06-30,0.007333679856940839,0.024551121721690224,-0.09009335612755592,0.08349760032131169,0.0007203667406066683,-0.040622535497040424,0.08858175007561543,-0.006433720332716738,0.0470383845727212,0.018846930014483308,0.13660892418885182,0.044561103539560644,0.022964334397160554,-0.0015663145203398616,0.003573476337710533,0.02225539105348388,-0.01319497460503994,0.01946906897249222,0.031798912077314945,-0.012997379087719996,0.02724528706323646,-0.03113595119956604,0.05816180440965217,0.022770047699784565,-0.037519475886150164,0.0287442320419313,0.030344588149813778
2012-07-31,0.022150141097328418,0.04212819416546988,-0.005270265530173204,0.005970035467213624,0.003721885894458996,-0.018285716522473013,-0.0009711656018940237,-0.021474592668004455,-0.05391206619584385,0.04144205797751135,-0.1424479824573129,-0.010976542431331913,-0.07398130706334956,-0.05111131733624141,-0.1374670812268514,-0.01032306375429697,0.05742933467489039,0.01591041337129168,0.011364131066634465,0.04498222338451739,0.03567392659608752,0.059570002015431806,-0.001192859916598211,-0.010326018352177967,0.014115447775291955,-0.029111386675027412,-0.023028185416361445
2012-08-31,-0.019632300901186527,-0.006828319080218103,-0.04359590639182709,0.09169584140720505,-0.08404357795519217,-0.07813851438865611,-0.025389057377223287,0.01787749522484303,-0.04081235412007511,0.014589281220161286,0.01823326946079315,-0.025246041420363928,0.03488268701187425,-0.015445954102275887,-0.06862323770452664,-0.05921631748766011,-0.048901709571457355,-0.030033917273597603,0.011939911952151473,-0.00041457061662584626,0.016812206070038624,0.004958792262303074,-0.0022928052811035564,0.047829023797617415,-0.007059094482284752,-0.011183939694397328,0.050662702578505296
2012-09-30,-0.0007307531731964361,0.06700016961888101,-0.06753893907140913,-0.03543923814895738,-0.08237237158736503,-0.08812624476354478,0.04119305059634828,0.02818061461033638,0.06804750198680004,-0.005612943924278374,0.02451233681708806,0.05817133917109799,-0.03130430993916091,-0.07410796016761384,0.03967186119179373,-0.024062438298182276,-0.0767089382744441,-0.020993650860337325,0.03571064462127265,-0.03819248876894865,-0.028653459708165335,-0.02776763628694437,-0.0032742343386240646,0.031208728681769077,0.05860515267530671,0.0228743923034081,-0.1213220303102828
2012-10-31,-1.772766068249801e-05,-0.046332206430747855,-0.07224842864022146,0.044509113545677464,-0.11352958954582992,0.03586930953366444,0.05913470971364777,-0.008512854541286956,-0.009306002851907852,-0.0038216350537215982,0.06655334929976181,-0.04360755542722527,-0.1092620358737664,-0.016803123425162,-0.0029348204923898176,-0.06537871839504726,-0.012294541189091967,-0.02606878104301274,0.047423927149101854,-0.051417478064671784,0.025499532121743784,0.03048602283194483,-0.0006139279094063625,0.03476407095824653,-0.06246208334058502,-0.03170334101134143,0.04239029907411935
2012-11-30,-0.0020671440158329074,-0.00334204867432197,0.08721547641225165,0.02942832123641721,-0.06214415522609319,0.03251359604112099,0.01080419311428225,0.018037780102224666,0.012371225543256873,-0.13370081785679505,-0.05077332963204723,-0.030473796155247094,-0.004064029350720328,-0.04817920991917124,0.04335110279553986,-0.05062938738249635,0.016673083829726192,-0.138276991654321,0.020485309186556364,-0.07725027405933922,0.028033881989105506,-0.046526982361868016,0.0014802086700281486,-0.04279409566520741,-0.03966498559624643,0.06531892983141549,0.0881384265982462
2012-12-31,0.054644049478407244,-0.027049867755080698,-0.07913891615603534,0.0622023664043994,0.023385404375806024,0.01751212641227365,-0.03891942740443244,0.03639342558806058,-0.010623984483720069,0.01575020135038334,-0.0661841898065271,0.04130862975761852,0.04211090357927279,0.06925106041725052,-0.02965966544157619,-0.0031068981488935037,0.026382532891639287,0.030124274410299016,0.04499253645875251,-0.04697884908765843,0.00014192536201349318,-0.04331063557925534,0.0021256278332335795,-0.028118553733275858,0.019139594124718953,-0.06507618270522478,0.05347338430630114
2013-01-31,0.010659404875224153,-0.007687228734329212,-0.060441919446108945,0.024893620025657995,0.04412800759549273,-0.06110610077234849,-0.022778185745552126,-0.01813037297878566,-0.04633106929206358,0.01756289918196987,-0.10000509168943728,0.0799460449116775,-0.018490764770294994,-0.045314217978605784,-0.024708140498019473,-0.005089229787608402,0.09194597023544511,0.11198874250030354,-0.049078573021125366,0.026505823601643306,7.410920194401028e-05,0.0035804018964163014,0.07251857976486997,-0.02163227900228384,0.012246681161464703,0.08196582157935545,0.09709229669176989
2013-02-28,-0.04916703381929166,-0.05023080482192268,-0.04717650721439165,0.07507924753619123,0.04686183508712374,-0.10971630870171237,-0.009154536868330976,0.011018745356775815,-0.06744285244040514,0.11819798994022271,0.010229829566037293,-0.02252824223933079,-0.01480902452445058,0.054623671618412105,-0.09909028147706912,0.02984857841265882,0.02145370591115787,0.04703641144859361,0.006230272802852302,0.009904063143081777,-0.0010483212781540975,0.09483349210227003,-0.015661118543377452,0.0034958319612798695,0.043328337239661466,0.034643184651074146,0.046317972439321196
2013-03-31,-0.01870902380615404,-0.030648762702931785,0.05985621829626328,-0.009697434458583485,0.07600544315278579,0.0777570885639324,0.0033165337390721394,-0.03781310349588085,0.054974372665214384,-0.1071716664109213,0.0001641028406777524,-0.020973998560174904,0.028098069707952745,0.01647338624739603,0.07939990654416207,0.056511828657948696,0.06138676498562351,0.04063991544052263,-0.023437940824116956,-0.03602216624326769,0.027800702929277617,-0.041878960320268895,0.013368240822361266,0.09917064450086195,-0.024333141837428327,0.03312651295187696,-0.01934032636867207
2013-04-30,0.012856444285938125,0.05447710029996225,0.1017061371129858,-0.06341128945737648,-0.006947559294677733,-0.02733348025656622,-0.0675732887745842,0.036306213645961295,0.07176782942762888,0.06134234826803704,-0.09563467337520284,0.015331343879395852,0.014362770903961854,-0.05566114863449279,0.014340146504448571,-0.025570308302793995,-0.052231665164352514,-0.06256601738317824,0.03601724560069785,-0.030072429080145433,0.044872806211922724,-0.0947607069343832,-0.04794827102141495,0.010226830903520796,-0.00411646482757008,-0.047305218906125615,-0.06837283423447829
2013-05-31,-0.016577723107324527,0.06516014816778495,-0.0021147275520653113,-0.08132816064290448,0.0211829525653309,-0.05863753140747449,0.06078291043436397,-0.019438643667141417,0.1344131443989294,-0.050099108504631035,0.12083528144018277,-0.022744238952136925,-0.020007689982001045,0.05827292534395773,-0.025195935859666948,-0.0025872623770861122,0.03561568775277689,-0.03472502260079749,0.10045926458024851,-0.10925353700793682,0.025555938113407787,0.02617675404083522,0.013781264656878532,-0.06205240820073736,0.017240833478344948,0.04706412949116066,0.0001668056713561069
2013-06-30,0.014754371186204129,-0.014657717794761141,-0.025976659138677857,0.019586415412502688,0.09937624377715007,-0.03933611748055128,2.9617021748502316e-05,-0.026488446688548387,-0.011951863589536819,-0.04886640951888855,-0.06432488667688505,0.03056814111864848,0.03450016251519488,0.0033925577647579155,0.014710891446666327,-0.030371279753565936,0.04340496291019533,0.10528543026390652,0.023750070819587986,-0.012978744457076353,0.026934926840053528,0.02222019225914371,0.05580782690815724,-0.008266248496899428,0.015606685138028485,-0.011014579726094518,0.11948326850842408
2013-07-31,0.024125605926137616,0.015232641582183312,-0.09345333490609213,0.16283912674042778,0.03058353511904515,-0.016084154039010725,0.022374008030776937,0.020677335667763617,-0.02677492732862951,-0.08730124789689606,0.05781754609630916,-0.019833245487842814,0.019410588905727427,-0.022268773196937236,0.13045194738725527,0.035433202437586866,0.0003839905829655637,0.08471062619124954,-0.016889611233841233,0.018306109726278996,0.04431521805852797,-0.01162747199430644,-0.05065967499289318,0.008883625884473962,0.0037607769933099043,0.050719870398362774,-0.02255276559930576
2013-08-31,-0.06187511091040352,-0.04524471604465916,-0.0078022476457593306,-0.011346394949646326,-0.02328765968762114,0.07258562447279422,0.039385503695909325,-0.03444344143655427,0.010471917714303587,0.05240728118624116,-0.06718402528451187,0.040250210494847644,0.0021556818601404203,-0.0107386918852026,0.06594886239102749,0.032877164097815645,0.042503521870079226,0.061059806680093476,0.03732942310678188,0.023373718406854625,-0.039055489360608285,-0.016591259538077077,-0.020562022648907115,0.03266876554399311,0.03899644684052975,0.04460894297354068,-0.015424378844133071
2013-09-30,0.013901462589282916,0.07559771963035154,-0.03182897828812138,0.013254094416442649,-0.013971733255590844,-0.04236666982626366,-0.01678558155935922,-0.028533022544497525,0.04938265066842286,-0.06556556971331383,0.03066640642129591,0.004587320528739785,-0.027318987586698016,0.008206866653668016,-0.05265923920178754,-0.12781050104315467,0.09732996792432579,-0.013297421600157826,-0.04387155392562348,-0.05006319959731,0.027507444470946166,-0.07171645031289035,0.05520644060407183,-0.02908252978590369,0.06127548248093495,-0.00805314114736546,0.013001236699198568
2013-10-31,0.001522063782609994,-0.0543668267038647,0.05557467608581205,0.04659518863684671,0.048673947507487485,0.08650970592262584,-0.002784343276796301,-0.040787837567758306,0.18910495911843037,0.0485273673468015,0.13678094170962726,0.08488244300893497,-0.10296280730351354,0.024085421636517904,-0.02142002375910609,-0.03404795626905635,0.05139696458212019,-0.0580432005092168,-0.0784883833715259,0.11234275133261917,-0.04960670131388065,0.07022664360898154,-0.01795438150027333,0.10372666862147446,0.07914410993883403,0.01976835560357182,0.03399546815600338
2013-11-30,-0.037013296815082176,-0.04033005215285905,0.03500409863819293,0.09447757805066616,-0.05651776598580984,0.0339209182391242,-0.04058989559873417,-0.025169107376346377,-0.0437819895560971,-0.008353136910554816,0.01604531438883907,-0.0146812378270838,-0.018809240596629497,-0.05998170781813561,-0.02932753657844962,-0.08779876290001502,-0.027816446100707114,0.07389025400591931,-0.02109877208072712,-0.05554574856485032,-0.018438010753506148,0.04295167475635218,-0.017093634922002974,0.005788559938596081,0.0462703800985793,0.07665798054304968,0.05375433341503032
2013-12-31,0.020019366813298013,0.1015926561933087,-0.030212540860451557,-0.028648794349620338,-0.0023294771532975283,0.12640147623233608,0.0634336890160726,0.03622647784994047,0.07934976965153089,0.05443422705453053,0.10849493451918643,0.037806651189438656,0.021387766700038943,-0.01651412199710503,0.07171348645544796,-0.06982559532374459,0.07127634086260737,0.03778712480243618,0.07504611395354774,-0.013830032338202458,-0.010137470706566464,-0.006523492348454576,0.02241696196564468,0.04528125584910636,0.05140823652281633,-0.001579724897165482,0.014990597934339281
2014-01-31,-0.03064208931421778,0.03130830768769077,-0.06072340413920071,0.1324992565166795,-0.04028070848479193,-0.02199416747638333,0.06386726459939536,0.003105510026504224,0.06204204164142738,0.022930239823983456,0.043814730969726434,-0.07607876308438027,-0.00017056397512248307,0.004476719147750006,-0.10813228680663166,-0.07912058659568331,0.07096580341376711,0.02551222763562392,-0.01781005403028366,-0.03344535215956327,-0.020715465873542813,-0.005433334716951327,0.05407415191731682,0.017810070701422792,0.050096780944703156,0.061733714867366944,0.08870638835287173
2014-02-28,0.04934433439968221,-0.09670319634684035,-0.02580831311838279,0.10645118446768752,0.011510950686421752,0.04684004800923996,0.021157348924902272,0.037710320673784166,0.08992555876270375,-0.05146779751531246,-0.10281319745702594,0.004594142040106001,-0.011083591923015546,0.1181511715313457,-0.028384162375851184,0.0312990891050625,-0.00899711177117735,0.043601036034980736,0.05496438683512029,-0.09649009382148752,0.05975756542292943,0.00041311417888782774,-0.01804732316319486,-0.039467814505630916,0.04951061278732641,-0.024912041637997782,-0.0010194775279038816
2014-03-31,0.015540374140702655,0.04672725943649169,-0.04851728414098548,0.03623902291122767,-0.06553474181386174,0.0777263407735284,-0.028152093542600447,0.015707797548739418,-0.11091497320916738,-0.00636522389226416,0.009303102873415299,-0.1219066004540845,-0.04404284398255204,-0.03229347188717179,0.04597399236179886,-0.02277418104644409,-0.05001754898093283,-0.07474845529132393,-0.046071635247640325,-0.020571707826967878,0.043558883183763525,0.023712789400553748,-0.005313526881150332,0.00988766971622653,0.012405900379706594,0.10698160072630905,-0.04622220660546079
2014-04-30,0.004476285445188187,0.07858353029345098,0.01229035274063068,0.0067924961485575095,0.029832524077123775,0.0020161347423754677,0.0023055467731553834,-0.03471238052040604,-0.10965833762750898,0.019430609143584562,0.00020542444508068157,0.03085543130303192,-0.013841458270247225,0.029859246771731705,-0.0699835054040443,0.0005236144341900333,0.011037962423039897,-0.01530394885210358,-0.013298160351719084,0.018036925570035493,0.037106120508377936,-0.022694611614168508,-0.011009620357995843,-0.00856147629045511,0.01867879310979014,-0.020143246586370622,0.008417988187845973
2014-05-31,-0.022515869077497957,0.07967986785103878,0.0023115793819658845,-0.020569504517005385,-0.08026181216779961,0.04606425637036442,-0.036201013523807495,0.0014105329729601477,-0.048087920809434935,0.0002163456363442045,-0.01929953541462817,0.03405086116618434,-0.08014271408137849,-0.012048291902689238,0.0590245464541351,0.018956914382015064,0.05088706989815414,0.030316955405245014,-0.011990690481025652,0.01736813923443057,0.02693296749270601,-0.007500107727095588,-0.055359242992644345,0.027983219061460098,0.05471684822035787,0.058805338028700214,-0.111001058754508
2014-06-30,0.006005578570472051,0.04316518839270024,-0.05567311273635354,-0.010411984630909185,-0.03339393415916635,0.06858979336140614,0.0015251814272918029,0.009609072894127681,0.018697790451957463,-0.004316021146182843,0.03035475043848428,0.017012930549576505,0.024924733286336747,-0.01571305182320238,0.023996898464810207,-0.0965629947460088,0.034551519773631245,-0.08429556026214384,0.04807510182510145,0.02343992003882948,-0.02256312429989369,-0.002347250466437685,0.004103846833438878,-0.114447681601852,0.0022110458879905197,0.08077014388339815,-0.016585628923156886
2014-07-31,-0.03483002528096671,0.04267739541584839,-0.0014398044459626538,-0.09471937053252971,0.03948933627504619,0.034918179801415955,0.007511440160829699,-0.042103934809207044,0.006637938433535445,-0.020952143975070676,0.030324171066602946,-0.017394787638260814,0.07417035917864818,-0.04397907664931995,0.025541069366669358,-0.04497637511404044,0.1283354636676266,-0.04435174876931777,-0.01733946998625642,-0.09288890629610264,-0.0037102355765202015,0.12392758718433271,-0.001425439766517096,0.030732471719520843,-0.07200618796050218,0.040429771460414585,0.0367880937578942
2014-08-31,-0.03258047649865791,-0.04463045767636579,-0.04640084690400314,0.08513391824196466,-0.09758515003231512,-0.04296916455835416,0.013465559478931998,0.013836414873310582,-0.0523696707322738,-0.01859598725554997,0.07380443741665452,-0.0014150174782033395,-0.034132847202053854,-0.08268803180590346,0.026328473515741843,0.026918810281735026,0.01374763873148232,0.08643949129672598,0.0002488771648354155,-0.09167850618693091,-0.00022226575541902781,0.009387866458070951,0.012924417330189519,0.030733997965122484,-0.012821891439088157,0.012358103337866128,0.05367026158431947
2014-09-30,-0.021353179163495512,0.03687984367126195,0.10169160700948987,0.05649099086386843,0.03421269013842216,-0.008351205289691868,-0.017987160960603973,0.027932777545439418,0.021695313525717012,0.0036863204604427793,-0.04732772795081249,-0.031759100485346886,0.029568592435583546,0.001370722911544295,-0.06504432167428113,-0.07568298533188163,0.04788033263784729,0.023355604201766987,0.009286514817792723,-0.023896957515173015,-0.034181383309712994,0.0024775290189012434,-0.005297375339176982,0.04924131973791056,-0.0256965226026007,-0.026281371884110054,0.08282318685020088
2014-10-31,-0.0143816455249842,0.10037216327719194,0.003217128762733579,-0.0457946768906527,0.013968024441986936,0.0016951193286423114,-0.030253159094723293,0.0010500156209669203,-0.0025583737430662076,0.01988308346895893,0.04159531710924153,-0.007734330438512734,-0.08654416432664058,-0.05123230041036137,0.039777629271435674,-0.04166704386987752,0.04035993114491472,-0.021184360937972747,-0.025288789828567318,-0.029177996169873346,-0.045756045935516576,-0.07980211229143008,0.058954151212920684,-0.01008145837122832,0.08725236974420561,-0.0065600161624519045,-0.04015339818090555
2014-11-30,-0.003095092557966927,0.02521174222724737,-0.06465802138942744,-0.048374101115049646,-0.01597003549891666,0.12616405716860374,-0.03741119624267874,0.023088200434858337,-0.033656047507111785,0.079841265220459,-0.027503844801305348,-0.0509395666633721,-0.04301750097203503,0.010163308223383382,-0.04731271521770028,0.05604602083317281,-0.003826724180316595,-0.017740831143754784,-0.000574815576283829,0.013483906738415275,-0.007610629454715938,-0.049594191556543765,-0.016518782903252194,0.04086218831563189,-0.03197908920891475,0.03672780239481416,0.03261727172129485
2014-12-31,-0.02161066550462696,-0.012497444164497593,0.04733497824266156,-0.016983006461765728,0.036725496599701875,-0.055606845252164805,-0.01807912999779105,0.012033025960486238,0.014650769942207464,-0.012021503209555782,0.03270798421172534,0.0028495478353042277,0.03689570883945598,-0.06114052305466611,0.006480129874997705,0.019190370196165134,0.08188683421238487,-0.03723836690631339,-0.014639523373339,-0.08306938913828549,0.013960737924620872,0.03406748155941571,0.03331983005864746,0.013143499979208237,-0.03865956657304781,-0.07996783608004154,0.06450630963528947
2015-01-31,-0.051162325005467364,-0.09609128402567282,0.06918708542988872,-0.018783891839400078,-0.05325173594629225,0.01570688097549168,-0.010042923936928254,-0.04700258999210468,-0.12087050928997632,0.08071218081068511,-0.039866374987791955,-0.007954692088052162,-0.07048021958960182,-0.04443514903986738,-0.005062023534797752,-0.010690106769561922,0.051041333018339866,0.021893395034683925,-0.04592633821489018,-0.03411553818098622,0.015025272228243432,0.008723782976415993,0.014951304692392177,0.028682024978131132,0.021450137843941456,-0.003842242920165863,-0.001865734562380563
2015-02-28,0.014196858983591855,0.0023545361317919124,-0.09133647540689806,0.03929340026585818,-0.05735341393238062,0.04774777604131224,0.05198111370671178,-0.027751407500403714,0.05849581724515627,0.021321858058548526,-0.11933274385147327,-0.005559980037119783,0.04846599684461345,0.013691493949536174,0.12319434093188089,0.004171217648395069,0.06004923284528886,-0.06770606702606624,0.030502702804714555,-0.046795879969519005,-0.01212387720680519,-0.042145605833740434,0.016665314221349595,0.02761353798877763,0.0016844094030544331,-0.03145684067987373,0.005084692655321953
2015-03-31,-0.05923676953109363,0.09386922056766848,0.0031295017206879406,0.029321885434003988,-0.021682422674499685,0.03109617821604148,0.017805483956003676,0.0024851636957115243,0.06711736165797973,-0.03506199939343513,-0.08165719966129453,-0.04208262993414155,-0.019619476569379336,0.03992876802772453,-0.07332019857570082,0.06573132542332377,0.05731635803446168,0.05660692849017105,0.0733169833927357,0.0004883553290875231,-0.0046546640598928825,0.0059605619487024634,0.06052961290233467,0.031111212488939426,-0.023533953068663595,-0.04571170304331436,-0.031215535811954354
2015-04-30,-0.046589462584740886,-0.09855722770573924,-0.03829293451520074,-0.0242581020853775,0.0683003443726043,-0.03682482990257662,-0.030719374692173382,0.0270214709037848,-0.05786012267471624,0.09308452845362723,-0.013659348245091848,-0.003072687845352805,0.036994839853303686,0.043921975305124886,-0.09985826431001689,-0.0011426644134261547,-0.028486754709488093,0.010890445305096183,-0.00021028410596896216,0.009282359445883839,-0.13536761657032376,0.013977182600776402,0.041202030996295255,0.06573855863989032,0.005148992976144097,0.014164418864028238,0.03284426336340874
2015-05-31,-0.009646601005881507,0.07761157442545766,0.0572102749585933,0.007622173336874779,0.012776674853365914,0.031017581926484128,0.016156902641562096,-0.10967078351158176,-0.02373292403347567,-0.09012963923208764,0.012538808573559697,-0.03402711387687226,-0.0049667021139598025,-0.008777250189851423,0.03485494720360416,-0.011533463489539927,-0.09829181638110805,0.03634445929171677,0.007958751737163811,-0.028712371045347705,0.0789071354170521,-0.03789559675662323,-0.009346481003896925,0.0063965500423026865,0.045897290297474094,0.016492074592736664,-0.010778749000762509
2015-06-30,-0.010635366851466363,-0.1160888517072688,-0.04183206220491905,-0.0812984474815554,-0.008477101643629295,0.0927934826145772,-0.02552658266395412,-0.029651212241160987,-0.00505193157148722,-0.12905081837667046,0.04410569027772913,0.02231988832802612,0.034321148935813735,0.04022017222944203,-0.049563469297959434,0.03829815957726124,0.017169596840509685,0.043803719180905476,0.04495297918430505,0.05066205910467167,0.07313192120904691,-0.02248590214488158,0.022308332483310524,0.04028642686676364,0.007630875534438366,-0.045377259007894806,0.0387813130958739
2015-07-31,-0.05559624282874103,0.010150218669428389,-0.08806556994753795,-0.04005521784732921,-0.11890794582054762,0.12690532297501128,-0.01762640457619915,0.003989286944204926,-0.06146413616376772,0.05120256261564763,-0.015438014468794902,0.046869650416293575,-0.05668825661868982,0.047454322061202925,-0.025694291159312353,0.012539292893340517,-0.010251657420360705,-0.04343924779830344,0.0037404035100484134,-0.010919047680909412,0.06476790231830581,0.004643484449269355,0.0822681689404908,0.043474940964304286,-0.02212802644833976,0.055802947438155906,0.026269516981681215
2015-08-31,-0.04905183890086553,-0.09121193958612359,-0.01551518951601899,-0.01362447875757812,0.13568748816389123,0.07444217967340074,0.04661332579044583,0.008956382746424098,0.039890588620808215,-0.004993278951774818,0.04956633056950391,0.017569646740064764,-0.007634433017671956,0.038149077081139654,0.046891294562911204,0.06208824357395554,0.04760466048407269,0.004242775644793709,0.006768637239457214,-0.009553128038361646,0.0615699515453417,0.08300556399587657,0.0610390060723575,0.03522367899626451,0.042574444802218725,-0.04974814734511266,0.026411148862591126
2015-09-30,-0.03103314380222428,-0.02095181094471129,-0.09198967258305618,0.04986567006624719,0.017182524931917804,-0.03172090965812154,0.044363761379193796,0.009639620544465632,-0.01044631989748813,0.06972748426072646,0.1525891893294612,0.002833282172543342,0.010231197669987993,-0.07632089290327002,0.0117354800459006,0.08603530930297848,0.012680900824181069,0.10627981191219266,-0.04155406337286524,0.05823301033529673,0.026691612181182208,0.002329008802327617,-0.04110427951753433,0.038083544410662036,0.026512624131701742,0.011325414177602262,-0.005088214178631034
2015-10-31,0.027183923366471793,0.0849730469261559,0.02847176978839778,-0.032155694180054165,0.0870688467437449,0.0027023142868855183,0.09228789496122136,-0.016672814880267867,-0.07350876229154649,0.05765447037893455,0.13748231867420804,-0.04589740399904002,0.018144036369211827,0.003558791962779511,-0.0536954082807547,-0.002281757018291572,0.05491630455359639,0.05823227556009016,-0.013597045879965942,0.005968775111841431,0.03328915548263325,-0.003016639418793027,-0.023777111706215225,0.06949104270766351,-0.03760050058468764,-0.00525388694982035,0.03480528047134497
2015-11-30,-0.022818316925437322,-0.0303189937411992,-0.09375177530978342,-0.003015371775733966,0.06234865299696959,-0.1043845394325019,0.022868105129102666,0.014319576181645848,-0.07827414582512204,0.035107470091377886,0.1615275820147387,0.033622875802781914,-0.012992459133167988,0.03328451075899098,0.11343104710090982,-0.01327828651684759,-0.07234009314813074,-0.19034110412972857,0.04793908650881956,0.13911209986877204,0.0386115101340952,-0.017006935436839364,0.019400507604665433,0.009664311859516302,0.016674767444916763,0.044664431513445076,-0.02629589482634792
2015-12-31,0.0537138680926262,0.08656126314870492,0.045107859635281126,-0.030010140670055377,-0.04103090822474913,-0.0680478136743447,0.056580376802098,-0.012653264937796374,-0.07341223960657801,-0.056440221333009855,0.04313247215782451,-0.0063441360831114485,0.03977663859033664,-0.021594094164303156,-0.02419503772000531,-0.1126231862608515,0.05421700575536262,-0.0391529954619795,-0.02094110454615722,0.013680704503374549,-0.02501434481702069,-0.06497905372205738,0.018558098038774676,0.02985399790386541,0.038942525607970145,0.07715932859907794,0.08374770896869202
2016-01-31,0.04444083451928276,-0.01908740638378268,-0.04076458196296413,0.032311221743123536,0.1202257187043597,-0.016386784554412462,-0.022825450458637507,-0.04956446016994341,-0.08301964466843793,0.012666654570106671,0.02842025113521868,-0.022438374527338933,-0.008162705651136658,0.06868736679644237,0.07812823579689986,-0.052402732096823904,0.02374906384388329,-0.08503034160017316,0.007928965262311388,-0.10470511863683551,0.04418727447928531,0.05375719238103618,0.019310935522983456,0.04721793131718882,0.020251355153202637,0.029835627987037185,0.004035680275638944
2016-02-29,2.773872416150921e-05,0.0382039534888425,-0.025349550690396884,-0.013124764630732956,0.15680420293293776,-0.006698688159824309,-0.03333591483312351,-0.04448108439917846,-0.02954655760640914,-0.004168033609561238,0.04600492803843404,-0.0376728348222564,-0.05795274186469306,0.04380186428419007,-0.018193722888276257,0.003272112067277542,0.0730074945781806,0.10011186323573319,-0.006164797101265342,-0.0745919196210958,0.021218713384074314,0.045045812459867836,-0.007177942273223793,0.047549276510386485,-0.008023805049053503,0.009546777965590236,0.10362510696317748
2016-03-31,-0.004948356355684743,-0.06856581305023804,-0.06191707603300209,0.11676466613571511,0.039408267917026354,0.02477617479576388,0.05552751251287176,0.03173256471021223,0.07384368659684822,0.05105571481005461,-0.1330941318512677,-0.0463158467516008,-0.0668152396405533,0.08309624540282555,0.14462969165884734,0.023596420290612295,0.03459937667474516,-0.05799215474146052,0.018187432152236654,-0.07248359076204876,-0.013224573091703815,-0.05264825829942824,-0.0012309653212595343,0.03019002803804981,0.06259311492092483,0.02631527498954587,0.0026100472063030344
2016-04-30,0.0012393957432723188,-0.049261522165509414,0.06271942933897698,0.010222740514343825,-0.00287446330549078,0.019745282570349694,0.05147174830094703,-0.019191841071522272,-0.10497903912140163,-0.07137048321649464,0.1134696841490247,0.009007710740705353,0.07199045507432146,0.028010956182625932,-0.09660568327991102,-0.022713430909894364,0.03727131739504948,0.1950652011220672,0.022618199115037756,-0.007187269745142083,-0.03288007013518252,-0.06514402027427135,0.028292957072885122,0.052777187740594145,-0.0016225105912560291,0.06810340653797714,0.0026991371719386967
2016-05-31,-0.044500310133811775,-0.10081035254840023,0.004605106386607003,0.07356004061961827,0.11533554412835498,-0.107755449183995,0.0019534206853881932,-0.005013532686009379,-0.03892772864654559,-0.07179074630175974,0.024951895871678877,-0.042995064277596556,0.021485252159090876,0.07134197274857519,0.018951761923045797,0.10773029305814266,0.11172743697681259,0.012904058342226174,0.043100169547616425,0.005302750795892958,-0.07176173552480335,0.030100416130086637,0.022493485864008966,0.020331788459337335,0.0034989328335399434,0.026921733695492008,0.06897494762607356
2016-06-30,-0.020644487860722944,0.029087230042955728,-0.05149193122752906,0.025712404324202125,-0.1401062517981119,0.05032826376491472,-0.07321087936791824,0.0511011839866798,-0.07192106976981717,0.016188135344513986,-0.03637257921934516,-0.07964075866862971,-0.0021818166185566213,-0.04424780095633938,0.04953732785717385,0.05973026223740395,-0.06508478270796009,0.03891288350359154,0.052740165512809425,0.004834496501240154,0.05682541034036089,0.007449212470402453,-0.0026102665640106177,-0.007051507880730241,0.010187449447186086,-0.011012514169055791,0.04629653243251669
2016-07-31,0.013340694555274988,-0.031117310166406488,-0.035749271999871074,0.10362262068917248,0.04979807956655035,-0.005589622134970059,0.014635527526775605,-0.028230687801466366,0.07305898482970899,-0.021489127950716537,0.06318607200146156,0.015629562858923342,-0.09016529658950712,-0.1398256784768092,0.006644982766171394,-0.03252249729330581,-0.021032215353373723,0.11317442419288033,-0.04677147900784927,0.01792548004950443,-0.012293539930816728,0.015084626904730291,-0.029012188093143876,0.0014668553499882237,-0.08308783035397373,0.01926530643204112,0.12824984727801564
2016-08-31,0.08105712127015707,0.03150504970975785,0.06365699224783337,-0.10738250724745424,0.003489928264197918,0.0027797741632321353,0.031161888651000703,-0.00269179843005354,0.005283812340265564,0.020340538841349454,0.027202603102116057,0.002130752254284881,0.045307268959678224,0.027083703244787507,0.05924299133015641,0.007788582893579635,0.0023039653421168035,0.029642442827537325,0.019617715923986093,0.004404085427056675,-0.03718886487101787,-0.005834657570925662,0.04623634322666113,0.06725369842739456,0.05004388831606367,-0.003349532303966455,-0.011738247522476847
2016-09-30,0.029565682668072267,-0.013555554697634848,-0.012693811372312236,-0.027429468452336576,-0.039736193755659045,-0.06246827279734901,-0.07595552164076551,-0.033445382110706516,0.011092632425035305,0.015465237945340332,0.11486614214597965,0.08126383084800565,-0.08812479740813287,-0.022427524119497073,-0.05220907760952592,-0.0014832924757695615,0.030119019556891204,0.05596387536198348,-0.02100024125046884,0.03776672061554433,-0.003922278656499133,-0.007830784038167903,-0.01785114177592021,-0.01642598461589725,0.003715426003708562,0.07799079328164449,-0.06016059751847918
2016-10-31,0.023292175110484863,0.0484535712804176,-0.037315235024729006,0.04136595175213404,-0.03839536228328187,0.004170330842530958,-0.01985400648390786,-0.011064820769809799,0.05600536634120303,0.04363420190506675,0.0035993591548286897,0.02897537827942935,0.042667015452786554,-0.007198498814684027,0.055068552030129364,-0.006979367783524683,0.08251185965700128,-0.006518242338403618,0.04903146487539312,0.048814354508862616,0.007428489033115072,0.06660772595836953,-0.033568820516687047,-0.01947043855381218,-0.002706712401306913,0.08947993752859021,0.059095370459869095
2016-11-30,-0.048549129005216414,-0.07437326807198405,0.0817975673068011,0.012502851021512036,-0.04746902489795581,0.047333886935899024,0.04324332777311567,5.849496043803734e-05,-0.15577808608614863,-0.01300637844095509,0.001957301178098175,-0.056322305906582285,0.08833442799117469,0.026317076653872826,0.13507752931850428,0.027229818789682565,-0.00851322510427277,-0.06817509543052071,-0.05380709785106017,0.03671889212447719,0.1079238749154949,-0.014110584149516936,0.09584912599952992,0.018206143862067998,-0.018973271710942076,-0.003033281382016903,-0.053454244209245126
2016-12-31,-0.08840268472942969,0.01098426206781925,-0.054128769933636786,0.07517075919675235,-0.07926337101751704,-0.04656549038271234,0.06448454687090655,0.004139502376220751,-0.00990746620648304,0.0649589660364856,-0.04674965364051665,-0.03874825539576436,-0.04850180730141507,0.0699616556201737,-0.06178974348628995,-0.07597393730287566,-0.0750730043185185,-0.04142559362789838,-0.05768773753346462,-0.04251569567399873,-0.054461952513878926,0.00439434235624139,0.014079813777310528,-0.00634392765494108,0.10639819176504844,0.0005289558775945641,0.039235065702918556
2017-01-31,0.021963138640158617,0.12167688433633927,-0.08035590001163188,-0.01769591662147899,-0.010083615834922902,-0.0448286063839971,0.033963486058637915,0.010508925886353247,-0.040928973960276976,0.013078077352787333,0.1272570045952162,-0.03015428263360249,-0.01855330111526808,-0.025428611122632557,0.10650097230166183,-0.04046904737518965,0.026829735563409077,-0.023843627921241596,0.0291081117485009,-0.02110816809123458,0.02827826263895654,0.020007321956900127,-0.003428347635018646,0.05275068769113771,0.024965063491513756,-0.023257532003687797,0.03217907606993471
2017-02-28,-0.040309707632799625,0.010306048803581762,-0.08997894186306465,-0.05446387265793899,0.0135882586179913,0.03054346989543237,0.0973078840309228,-0.011674077106789789,-0.0158654439657491,-0.02363390282822797,0.07905544625525449,0.050884285291341445,0.022647385763169863,0.09648143036956544,-0.09559469011369995,0.03403292415771454,0.032911263209693245,0.03704645529308689,-0.018454623657583217,-0.07003144449621153,0.005161515928891746,-0.012970438700023745,-0.007888481340466689,0.04847792214008603,0.036877637906067066,0.031164150808401545,0.010413553207393452
2017-03-31,0.006893816224633854,0.03351651181324692,-0.06896051215688469,0.030327247869318577,0.00013557955056928898,-0.03343529471975564,0.03724128518637625,-0.019319578631877277,0.09581318067782375,0.058320337441741296,-0.10278286607347514,0.028065428037524646,5.842572845807768e-05,0.05455357237472755,-0.054967808707258606,0.0943829573984698,0.053632842651875956,-0.06606545633555182,-0.040942325897642406,-0.03646952093024465,0.020970359194977983,0.006407255374322246,-0.01109855032190394,0.051654299513588034,0.0323581767555725,0.01737394962270842,0.03811204834545397
2017-04-30,-0.041601133007887064,-0.07348398553940688,-0.14020775546435446,0.11818853979383805,0.013397662721383015,0.0009808139087621104,-0.0007559211831740264,0.005098133073813811,-0.06834099100908915,0.06751395051077569,0.021963616921611452,0.008525239356344558,-0.014496261533700202,0.011254315830914161,-0.05950292157664806,-0.052702539057762995,-0.0051418987191416965,-0.008299099893801683,-0.004132227145351599,0.10398024090177063,0.02586192522685044,-0.02155911733594138,-0.0010687242890440843,0.044100596287556686,0.04603069268559719,-0.021871835123363284,-0.03888456846373537
2017-05-31,-0.002917192058417127,0.02997294273932312,-0.10743146635028838,0.022807851514516028,0.07770289298948055,0.0947265533140835,-0.03906022022519523,0.04966239355981306,-0.012052026537221452,0.04746043347619555,0.053102928494844784,0.05262143373171268,-0.007155716081799271,-0.021959492701543428,-0.06792979027285663,-0.049568750192645936,0.004983950929362664,-0.006327656030032408,-0.010546958908966675,-0.10905850814024251,-0.015468041629503028,-0.03502275396722632,-0.02986466730475173,0.008370000618784828,0.007832784959260123,0.06177828552347776,-0.06587603328733385
2017-06-30,-0.0005998058402581145,-0.017506823243404822,-0.0456517285752354,0.04280558930847563,0.0944370837935424,0.09680966082498958,0.05995716899364332,0.01177905288723767,-0.004995629941048298,0.011064100733072757,-0.06159101022080219,0.02080084303681914,0.002039101287002594,0.1045740467245473,0.1167938351813072,0.004843007263065654,-0.023055786718351217,-0.015359026662940721,-0.0065442323019743445,-0.06167529170639092,-0.034094716298581386,0.040556496809120095,0.059934050930400475,0.007099766898579039,-0.016979099406693374,0.03300144184786799,-0.022526048644640598
2017-07-31,0.024252315050746185,0.01682997729557866,-0.06414536530533481,-0.08984118982213728,-0.0018886714580475354,-0.07961934459270457,-0.006313950819169427,0.0174154066861557,-0.09993978137446712,-0.07224453516441601,-0.04953466171033377,-0.002656100313440435,0.025738913855133896,0.10611756989979833,-0.017183800350990246,0.005013017197075899,0.010276244287249214,0.07664887961223883,0.007120301419448567,0.00067214946621266,-0.022851556227142016,0.021959897569321325,0.012800098870299408,0.05624811595382484,0.0010023845500710636,0.00023372487587149104,0.036570148874444534
2017-08-31,-0.0024060606159719846,-0.06257333672167105,0.03197340406501684,-0.06077017735238585,0.039027102952488305,-0.11223766586299294,0.02936060796711755,-0.030502173572294195,-0.0934135843424524,-0.07397046029173647,0.08449283414029776,-0.0387268835485014,0.003479170092012484,0.10972789329321095,0.0051557543842185825,-0.08180842855454644,-0.02554557990143699,-0.024842068174437903,-0.0005894984980910926,0.039626902748002575,0.019138887159966936,0.03771281865365964,0.03221082042078575,0.07724308567756044,0.03295069669369498,0.05243326821427059,0.05405222911784964
2017-09-30,-0.03228522445100141,0.008443263238830264,0.061375137686818106,0.019638236420212875,-0.01176608249987834,-0.04602206071060708,0.023808631746814357,0.05668005168269433,-0.028196131769279688,0.013296257305936898,-0.07756026347176434,0.037257927530005494,0.017493721129330928,0.06688719223373403,0.05432909309055864,-0.10883113670860887,-0.027150282661423487,-0.0314755184515801,0.02815110797954242,0.10944280636511419,0.07056818307243304,0.02509370478628876,-0.014639617481296822,0.006762292542977526,0.004174841932900576,-0.028473106882025125,0.0504791596533326
2017-10-31,-0.03916417476692801,-0.01694854380019757,0.04826606942631432,-0.007773655291314366,-0.04887989784108549,0.038764974449282855,-0.07333880926049703,0.010938507757844813,0.09314550390615418,0.0753355487106673,-0.0464274672938619,-0.037050961056979075,-0.0049849491677977495,0.04045297677652252,-0.014360470771831581,0.0806543940230949,0.06318296345798104,-0.14216367939878075,-0.06160510324153968,-0.024262891754217062,0.03138765372263115,-0.031204964124129042,-0.009739046686887964,-0.0026010934954749723,-0.04131295056235343,-0.002452024749855314,-0.003801307867685854
2017-11-30,0.03520637984598603,0.062395303196479505,0.0903574692250057,-0.061049013832457394,0.05638143552167909,0.09556936606692382,0.01854089824242556,-0.044862698357768904,-0.060771950528681444,-0.01747896455548021,0.06317296066421635,-0.08297996505060456,-0.025498841330317278,0.0460270190929471,-0.04396229530119833,-0.007070653219931004,-0.07435963483882686,0.1026986665848015,0.05774232263890034,0.013513801433720288,-0.02606322294218887,-0.017242532217214498,0.02665535582112758,0.01790528022267734,-0.056500252359430736,0.010647736850840497,-0.019780602953043132
2017-12-31,-0.030145854932151828,0.056006212874774836,0.04515435858665308,0.0381650348556877,0.0159620404912674,-0.003368834973157815,0.09831907580691959,-0.014786498201429535,0.004346710345513557,-0.03366306309558537,0.03965302600698781,-0.0015509428890508252,0.014603894521160881,0.08406535235668343,-0.04130034046843416,0.06473380685964106,-0.001690874825468397,0.03464582106205912,0.01566457236806304,-0.01899882338310478,-0.04213957121426289,0.012208565710033141,0.019510653614858656,-0.024659278594529477,0.05994157228558289,0.007346252962212097,0.06255648695595757
2018-01-31,0.014475445736707462,-0.06683612187218599,-0.021228103608427105,0.08259872761694571,-0.04538445705988235,0.048149861376846084,-0.06543209594215675,-0.019804191440034223,-0.07673250339529013,-0.08009009728280782,-0.054184199720098615,-0.0019587608335925833,-0.0011822085700532092,0.014647517350150224,0.023317135218558327,-0.03179824030434125,-0.012766194094403084,0.055012052863993334,-0.04246434394461214,-8.930712387928384e-05,0.0433728583295145,-0.0387947089128308,0.01349763691270817,0.07259664267546179,-0.011643150640030738,-0.037717662369951686,-0.08857832420073541
2018-02-28,-0.013313792592515137,-0.015957561210639955,-0.005223246372064122,-0.0818361935583031,-0.021337726793440828,-0.12867263500051626,0.030534929189190214,-0.030576593082811847,-0.10776494645092999,0.00036014836059027923,0.16417316226731543,-0.0064944349687193325,-0.0330384739129224,0.021835620696101534,-0.042263482432094476,0.0075380950543208775,-0.06961614212239381,0.003222306892642029,-0.09391640896796512,-0.02453487030716116,0.005943541097550932,0.008340115612532652,0.03604622161915305,-0.010341240256583006,-0.03347399664746224,0.026635857547012337,0.02004976356672531
2018-03-31,-0.028676021143004413,-0.03690294246254538,0.015530206146377425,-0.0125260142870947,-0.017490218413756798,-0.03453058049789686,0.007451431592070864,0.060932594572195825,0.13452172075508795,0.013482576119092418,-0.1208726868840066,-0.019676057662297762,0.04535397586521669,0.01966780777803408,-0.008685927194110276,0.06524617186542685,-0.05687959415581868,0.043881224837776525,-0.02822668936618748,-0.048435891018631876,0.018664532976208417,0.024558237461462823,0.07098064872035593,0.0465460198393782,0.016345084499819185,0.025953618032382317,-0.066201900044141
2018-04-30,-0.06431477795228827,-0.09401243688459139,0.0020473909812555036,0.07181338833234172,0.007290563346216199,0.03123310724554624,0.0047285334249884785,0.019724598290251503,-0.004942066596634252,-0.1459729935125888,0.0399691926965427,-0.024211043571503714,-0.06660542399319302,-0.04642099928878941,-0.035811375482568034,-0.021524402459156603,0.01892982366757683,0.02323136883274813,-0.027844147808969714,0.08874472865441767,0.025744271034949293,-0.06023877550262081,-0.005853626222080782,-0.028473720132260526,-0.0032125625334574227,0.050675183048855994,0.022818159135435466
2018-05-31,-0.037923984297258545,-0.06298930110957575,-0.011385641108455951,-0.05155940024632548,0.010287760824957753,-0.09799343159836824,-0.1040787929107122,0.044444479476927846,0.0332484471891557,0.06255062098401078,0.030256215426370508,-0.04768776118400599,-0.03961491104986606,0.04689618311271012,0.07809983624624148,0.036620460791549,0.044333733493393215,-0.017560299903348515,0.043206119230581534,0.06355816417394229,0.0012698617245773024,0.014672835158601742,0.013602348551916246,0.02779745055330487,-0.007313768390423272,-0.009002079573468987,0.09829262772824249
2018-06-30,-0.01952409760156328,0.0317707303721202,0.03338810964676692,-0.004659996468621731,-0.00185121350822851,0.013017179197526058,0.008179578382273758,-0.06500780150106054,-0.05521476859639578,-0.047539506507252895,-0.12924639069463373,-0.02472042013861967,0.048120869712293075,0.055308181387973755,0.04480186496329794,0.01341533127129474,0.05305136673419063,-0.026447219599353117,-0.02747530129490475,0.008117164089033213,-0.04854884327282882,-0.003353071539674522,0.008663033759020675,0.009225393251084922,0.05588399362653469,0.1075513227988622,-0.01662240591617234
2018-07-31,-0.04036581970706741,-0.079166909009849,-0.12444225575168717,0.052091951624376076,0.09830058829819076,-0.03783884985152178,0.008616419059390522,-0.053647452689003824,-0.002178446418311246,-0.05916391847711547,0.12032470575552215,-0.012846242966551916,-0.0022899409249438635,-0.021861544140377692,-0.0194304941090924,-0.042658423520596886,0.03670195185179705,-0.07699888587669985,0.09547783997587951,0.019271152779753078,0.07238311117672613,0.005669079504189966,0.040015979996901624,0.007596590194293951,0.009609671049152868,-0.037572797353089195,0.05340368959859838
2018-08-31,-0.020469409265019427,-0.00622494420965822,-0.005524204108284437,0.08763515334533403,0.07651002501580112,-0.018701395170907884,0.016911059705156332,-0.008456080825816762,-0.05320402676890283,0.0037779295216608683,0.058805021284991266,-0.010749926611697457,0.10409179514874674,-0.07047574867153263,-0.020777456479966417,0.01897759333869532,-0.07305326821260359,-0.006312203416444114,-0.051246321099112785,-0.06487594129259772,-0.0010396501099657297,0.021800924825967367,0.05801797218305526,0.048029947981007695,0.028673385865778646,0.008525600000468508,-0.0003781275773824984
2018-09-30,0.0029040787586240243,0.008124500919305661,-0.06894028766293359,0.007330956748610569,-0.005856046569376307,0.06630160166567106,-0.07463741544203611,0.021950782350173365,0.062281499564320934,0.0227059899701453,0.056349082129362967,0.023043435185763968,0.03624283846485425,-0.017105611183204025,-0.018106690178482012,0.005884217533462103,0.0018202358907548708,0.04117106376484128,0.08133819758433047,0.09516325079301464,0.003835529587504138,-0.010122377971236409,-0.03329014608323107,0.07584453691539438,-0.014272581470428047,-0.08922206787385678,0.05649670564146865
2018-10-31,-0.03890346749806736,-0.06738087074501664,-0.039780702135238634,0.014161581991362198,-0.027140833744243118,0.008056393774148133,0.0005001478403870196,-0.01801225050266176,-0.04249398288426487,-0.01996234895587395,0.009612844105490452,-0.04765214347780754,-0.001565437292864499,-0.007359671781884941,0.1268680056732436,0.0653837618628154,0.07250363783623155,0.13814855173520085,0.02512869770115731,-0.03906522931039167,0.0011657211220869055,0.06701648547758389,-0.03403424831647511,0.01509631675961537,-0.04523190456446405,0.003817572869504,0.07443598976429165
2018-11-30,-0.017610097170556352,-0.018449923978802775,0.09253838945616653,0.002487845610830111,-0.07229037681858236,-0.018733834116134072,-0.026796632916674015,-0.04374081919420976,0.060079186311050956,-0.0114696850593488,0.16992541477633716,-0.011475858389926052,-0.00674638701423189,-0.01076523109182322,-0.021146426822284823,0.08095845387491397,-0.07309193422999878,0.13787814430764667,-0.042980221970416184,0.04553853673130529,0.02948731345951991,0.026177534762615598,0.00637942179351776,0.02104932481771866,-0.0144931639480947,0.031528795996831546,0.022867713584804168
2018-12-31,-0.03398264480251744,0.024428421115147092,0.06713207365566758,-0.01850639275352206,-0.03154327140137652,0.006828673434102258,0.0575480640387109,-0.026646859815018062,-0.1264918225445726,0.0007583187313666417,0.05797146297753858,-0.05949402411739107,-0.0588312894013417,-0.02433985946902179,0.11896282128253294,0.05436955905312961,0.0015453264361957719,0.004289805307829473,0.0710073794908217,-0.011308398301793351,-0.06276670616984034,0.04115128420056687,-0.02771911560001008,-0.04983054097130543,0.026489225741357876,0.06717034674723568,0.0019032204385392819
2019-01-31,-0.04100036948656666,0.041742229023486885,-0.016638143462312203,-0.020856115421660312,0.06660632189578891,-0.04236706216326345,-0.07772482285366666,-0.011402235417168269,-0.1372366162137608,-0.020753307964838298,-0.08772023074718621,0.0416219437888018,-0.005261918774424019,0.024240282815556995,-0.11491862365004515,0.06253762453150129,-0.05495565912539421,0.0038202364105274153,-0.05648557440629595,-0.047929045617261294,0.003081546396326563,0.004556260730104359,0.010635624600544971,0.024135234734241222,0.012150704153527675,-0.0008156501693446939,-0.005077427038361764
2019-02-28,-0.058317454757314556,0.05212752534979449,-0.017813920575968683,-0.0173294567629948,-0.0516154759574012,0.025601076201061338,-0.020035340320019156,-0.021493829297506623,0.011842978800079009,-0.0014836196804865562,0.10822172400695093,0.02899888368331708,0.08608424841432581,-0.030417213257834905,0.01468201633600681,-0.011908013709032245,0.0070024148493322965,-0.004110050561412924,-0.018565190827717088,0.012496908435774374,0.054659281065903,0.062463559733062786,-0.025358422853093733,0.07176428841675998,0.020646064549510415,0.05864097607479638,0.04821724067571364
2019-03-31,-0.01960690229069955,-0.034268742482263255,-0.13231245086520582,0.11986932747768153,0.07109121649614777,0.08115449404135604,-0.077661877972589,-0.007609247813158362,-0.09931788840845643,-0.028274857213704506,0.13454610278188042,0.01359434064776225,-0.061835586338961517,-0.012397932330480487,0.028338997044307906,0.12507822126076035,0.11611399715250843,0.0368984123912435,-0.05809039414897937,-0.001321939605822894,0.059973977306768386,-0.002351799876881929,0.003670354071996768,-0.020836556402029468,-0.001102932505837111,-0.015284864080352543,-0.11430202463053524
2019-04-30,0.014346213189622297,-0.0316248602239497,0.0578926213578446,0.05005774993834785,-0.0896505789840043,-0.09691706908696347,0.058547424478350735,0.021785629325856187,-0.01591598120041733,0.005613642652795873,-0.0694414856037252,-0.09009708577689521,0.03312464808261459,0.030652363053766167,0.06207024962363197,-0.06016271775028251,-0.00896785190643343,-0.07921868571352372,0.04274984851870506,0.04103206750223231,0.13738392948890274,0.06326864216055378,-0.007988676682081471,0.012393151135610035,-0.022677069471620053,-0.003125051918799023,-0.037284039582334616
2019-05-31,0.061163352773846665,0.050259330070182476,0.06810485009426316,-0.0046549794139594015,-0.03897141309127654,0.022279367146935836,0.00581825970458326,-0.011773450371701664,-0.022847596621247142,0.10705652156873251,-0.16162269654188954,-0.007750422583120432,0.05424596073901779,0.020890376168523465,0.025386539611334476,-0.027225847037454606,-0.05720907328189592,-0.0005768299807891713,-0.011336765564974618,-0.02184956903434146,-7.121309949873356e-05,0.04546192265144699,0.04841025634230136,0.07494668152864425,0.005069547791214241,0.043955209883215135,-0.0042599772308594235
2019-06-30,-0.042066403405948846,-0.05008728892718606,-0.03544333378562933,-0.029424408253177277,0.002918428438159688,0.14865007980784822,0.01698807014342143,-0.0075395589592833,-0.11007367671295372,-0.001328250384479428,-0.03347860023222734,-0.007139110284057854,-0.06959334662967408,-0.05397215924989247,0.04316358182993567,-0.034921167595706695,-0.0388012024799491,-0.10205346824585951,0.06075998426591448,-0.11264669813980355,0.07851426498176255,0.05834120389782526,0.0007603126785396999,0.02234202619013466,0.03808248038554624,0.06452063764954348,0.018486737586561164
2019-07-31,0.019656692895925997,-0.019356348786631936,-0.05547907908603549,-0.01162045771160989,-0.1233725176375444,-0.039205627302371114,-0.06876059435230872,0.05965977394279567,-0.01310118624832141,0.002103851700353626,0.003707548477419999,-0.02028982147571419,-0.03827480001347967,0.021721094149606948,0.049897203090361525,-0.00736863574635583,0.060789721271178015,-0.008232832857360466,0.032439286002899075,0.004910362745830111,0.0062405221937673954,-0.018708294383178708,0.03890994051675777,0.0393863567975318,0.0332640051119241,0.021048137548801284,-0.04341972747904589
2019-08-31,-0.0021529720224606496,2.1661809570528313e-05,-0.1114349365935109,-0.05790124425099115,0.048972264542191966,0.03443447626533617,-0.06090366061883432,-0.025795600903639745,-0.02663804717506084,0.037874850408831325,-0.052426582323560976,0.007134453115373432,0.020407503746659415,0.04934273813037293,-0.04299353267324306,0.08280095963659269,-0.0013315523801113414,0.011467652371736917,-0.050329848531820404,0.017110977074384925,0.006628407663361537,0.00800572713247764,0.0219598163161792,-0.03790906731567888,-0.025492529045972292,0.06887404387974436,-0.033720378859562465
2019-09-30,0.060489519870839344,-0.058982217589935354,0.0026166959026740003,-0.1045086383281235,0.03509834047633887,-0.03277155405326267,0.015385169388150318,-0.04364732721023462,-0.0021889033407642756,0.0024740400652136082,0.022724631003931996,0.02785966234440991,-0.014898507069143415,0.0934847214513834,-0.05518461248701714,-0.05418649251083024,-0.07054691069118074,-0.013806925745726908,-0.02130657481884496,0.018278039702366605,0.04323353372030795,0.015219366225160354,0.02066760533973976,0.04536795433209907,0.0011274703415295895,-0.0038189664552536334,0.06654478308738451
2019-10-31,0.027547043939991297,-0.035710096550314846,0.036101557076402266,-0.0966420585890484,0.10424620931014551,-0.013309884851500732,0.039912695432058436,0.022020128444001676,0.10630418866696321,-0.01624123193165042,0.11458413232911271,-0.022330793982428373,0.06595544726356095,-0.06800352822482873,0.08399958468287906,0.03378495883962942,-0.01059175176895781,0.05780634976726989,0.04429780478942926,0.004029148975993178,0.003527584465167998,-0.03288002638751269,-0.017464177426343205,0.0243702731495984,-0.05691353487227657,0.022829710377979394,0.057035507011750655
2019-11-30,-0.013543779529858718,-0.061100451511843235,-0.028228326074365047,0.17794666794266079,0.20154307232615318,-0.05396228356688679,-0.00727595589023915,0.023716356361574483,0.011467693050983666,-0.013126757275098384,0.07531420428191185,-0.01952630535663016,0.007576279356780064,0.0146947571947178,0.018585181069232497,0.04912589735500039,0.028437315352633205,0.016441888204731102,0.0666289504115156,-0.0043514528718722415,0.019081540032350932,-0.03520650146414227,0.022282132201530164,0.02824446433329063,0.024875492614432365,-0.04102087044286467,-0.016308378043887153
2019-12-31,0.04586178936692714,-0.03665700746758001,0.003038064744839833,-0.07149859000043082,0.004209584335194888,-0.060820719917867735,-0.01504301669985234,-0.00888807041128851,-0.019839685817900035,0.020446425189791728,0.05661562792120514,-0.05905669675820748,0.06330785620947053,0.09417040028003999,-0.05231567898812883,0.039650862808151555,0.0002542501686324146,-0.004401780389249526,-0.052650931985658164,0.006696626184643525,0.0463604001473103,-0.10222416154037682,-0.015748932739366225,-0.04403073310317221,0.017576155026587645,0.004321963608609657,-0.03341133081870061
2020-01-31,0.056793408111932765,-0.022025526337623433,0.03407137892952691,0.002751031491504701,0.014901525759623151,-0.006900084951804009,0.03345504314106465,0.007111983055039916,-0.06757360155671618,0.03080709793889297,-0.016593053498483994,0.041493376422470515,0.0058004495284813655,-0.08263004096530721,-0.007925792362435301,0.030541428997604998,0.09907693466221118,-0.11450675626034021,0.03334260536820245,-0.09791024698386096,-0.08882602702127909,0.0626432392805483,-0.028032388079919965,0.01106923213496978,0.0298013778732983,0.0895605005305245,0.04083640292817657
2020-02-29,-0.021055416170976487,0.014494751497907412,0.019494304159359523,0.1410008625358773,-0.013422205343616846,-0.020966141599578776,0.011054466050024359,-0.004691729197880049,-0.06777768186617686,-0.003396641139192756,-0.012661598077003053,-0.022304190208099907,-0.031417498704691314,-0.00218274228967511,0.007784604209747189,0.07225972432200384,0.04918051910093062,0.057257307595132485,-0.015339476542429106,-0.04937233579069092,-0.05965440504330012,0.06682859837999333,0.03149701509425396,-0.058592183953545096,0.023317338044077467,-0.018944489075724616,0.06932335011295174
2020-03-31,0.021751356204122056,0.04345646273360689,-0.09834575938382736,-0.025125132171436727,-0.005208650839773758,0.009020276247463873,0.021113097346246334,0.03604709696941787,-0.13097443918721807,0.036330039802779705,-0.009052385741273664,-0.01549945584946874,0.05684942880361952,-0.013476609318013755,0.05166293163109523,0.07628006934127493,0.03569241341269286,-0.05035323592461281,-0.03532101661362264,0.020099574617948906,-0.024587149544034227,0.013963589806084316,0.027770929490977016,0.03526019140444535,0.038380243469829926,-0.017327704992597157,0.036615106841836345
2020-04-30,0.043480210156691707,0.006494823157306413,-0.03989563786176971,0.07539453578436722,-0.03992596277161975,-0.027055899713013143,0.030612640729924506,-0.01876758999540514,-0.017217611637151534,-0.009377982762539419,-0.009270303164910208,-0.003017919176877281,0.032066759756887685,0.03594784773066177,0.04526528345684741,-0.056104411473970384,0.013361901436497549,0.0195919213107939,-0.013048027534856926,0.05257528514678981,-0.03336459723802683,-0.028541253804541547,0.009253751040980833,-0.0038638663572759108,-0.05178743635290149,0.0762574367123044,-0.004126260184642964
2020-05-31,-0.09861829685991155,0.10824076329483186,0.007286000697318774,0.03557326295367975,0.02637061147473769,0.02057663824376328,-0.02733606960423434,0.050594037550237635,0.05458823128903357,-0.010461612259326642,-0.012953801789860143,0.05843817218681562,0.008354473953640279,-0.09710621909227544,0.006202348018366896,-0.04797201248170739,-0.0628831450784899,-0.1066082296750891,0.01664646766446398,0.032588777873888745,-0.04034139909738527,0.01060543391764792,0.09410535375366713,-0.003682950875037762,0.009037595823485334,0.032264662493748646,0.052605969423623625
2020-06-30,0.055482859579665096,-0.05145019717424931,-0.0539928519185403,0.04570483209558351,-0.10242465060147363,0.032763831991087164,0.0476058407651769,-0.04568806457638297,-0.012894558631476307,-0.04857136972952724,0.019733506179626166,0.009508395135945995,0.03218373923400603,-0.14400762111327936,-0.0280423185930866,-0.038030800317044394,0.015527871567015286,-0.04052017137988117,-0.015826424306780495,0.016168610433241377,-0.09545447647989269,-0.029079566973164155,0.034046219518650736,0.08364003351624814,0.07328509320017308,-0.004817749079699413,0.0003237012025993011
2020-07-31,0.00972344235028925,-0.049734368586179335,-0.03346519582972813,0.009059434619277112,-0.012955886628947116,-0.059593372717398174,0.011076495515954621,0.08471689270626845,-0.0809294176373413,0.009339957198724748,0.0434438337034527,0.004519301737934016,0.02402136299227308,-0.004727239190237648,0.037736424686656195,0.058891463480911205,0.11604674208260525,-0.06380077576193119,-0.012715277132302815,-0.06226779264184223,-0.03518575083916344,0.03286044871191961,-0.009867618631196801,0.009797287760141608,0.04880807782741686,0.01692130432165986,-0.06679117928649314
2020-08-31,0.003821179960335467,-0.12370939029266004,0.05574167134793017,-0.025765840909067562,-0.05773243166289652,0.027268178219300616,-0.0009584567993047356,0.027632501386271116,0.00294029404858822,-0.15722572147378458,0.05873794401557913,-0.010343446728817617,0.011843249364194643,-0.03376943760011204,0.02207885799633878,0.015567943165455001,0.08824648771786735,0.0012397082642613567,0.1085270849808529,-0.015940426098885175,-0.02259740670833701,0.048069461093149614,0.06849353211514869,0.025975454124274967,0.034651561812183304,0.032887671397529794,0.003690500505520746
2020-09-30,-0.0430007067957567,0.019444045504496785,-0.032089432142501866,0.04192110745307154,-0.03531125738784352,-0.012829474235281028,0.05546763058889221,-0.012028904056030689,-0.07440460230929254,-0.0010620551944009742,0.0521036207572575,-0.027006655690641413,0.03289585567802655,0.018804559249457193,-0.07024703311149459,-0.04935793739603826,0.04588485764903011,-0.025320256003075713,0.01591640247556285,-0.01736077375335821,0.01834187551023206,0.0095726396835643,-0.00081453749721749,-0.0281460207469483,0.07266972236919145,0.05135419717186209,-0.0034388589890048463
2020-10-31,-0.015382100602803393,-0.055696470037202406,0.038316951385382075,0.048832331252019745,-0.14672911750960205,0.020785315454354907,-0.04271730026432364,0.04448552828883979,0.001949817245249362,-0.041021128913822404,-0.08392970269171621,-0.0010680195531867901,0.0011142910111077613,-0.003876266950384546,-0.09548038991379436,0.009159378245926796,0.057888752251999936,-0.061892484996157265,-0.013869448109493861,0.07168611009952416,0.05350542095766078,-0.04499926908396851,0.033681920602168916,0.010732170313096845,0.033279410413845384,0.06043543889978907,0.016994959057437663
2020-11-30,0.02987309681143477,-0.008407886789899281,0.02082374533055692,0.01814204107367968,-0.1108437154729303,0.018248523994183124,-0.004504041514190636,-0.02487197772830798,-0.12665028539109963,-0.09377367185231103,0.09950474655849217,0.04598055745503849,-0.01624350490579152,0.013598100753653183,0.01103137143579486,0.03971584219044695,0.0061308095222022555,0.04126504910221237,-0.016233428526386637,0.07367497597527804,-0.013668722917344278,-0.0815742030118489,-0.02665626844284511,0.011962670298113261,0.048299952828383175,0.06691021598351941,-0.030723953031384553
2020-12-31,-0.04700831107512984,0.05549652885941027,0.015171559919896788,0.0861218313835855,0.1892571814559983,0.019832031370995613,0.07658368311001604,-0.010156817778321352,-0.04143820441951307,-0.042522073019813166,-0.04611726233666869,0.031256072948147834,0.03750677063919555,0.0467354105781683,0.009428089609052859,0.05674442214811258,-0.011290136560263703,0.07233337520430413,0.09227311333048417,0.005346938117242971,0.03943534316771592,0.0353711745066975,0.021327296684467496,0.08284656343149858,0.04246590993508599,-0.002686057837482384,-0.08777758526358706
2021-01-31,-0.013376685504691564,-0.0224456084126919,-0.018351736110584865,0.03694613964224263,0.028076999001404656,-0.07496059686219139,0.016513070642193275,0.026593098459193693,-0.028669836866128978,-0.021082701857084038,-0.004511474503053423,-0.00841354593923355,0.07368674051652269,-0.029127429772925838,-0.03733065063607573,-0.04285600928015093,-0.037843246888004486,-0.034942731975175605,-0.03906906111109257,0.07500053727703687,-0.02447368813053222,0.06551710963666234,0.0012007595986065784,0.009231464039015005,0.01459100208469871,0.03583474136923688,-0.03481533960948919
2021-02-28,0.06774977574164975,0.007978345865988579,-0.08062149930470525,0.02913515879828746,0.051952554422559936,-0.02550416986161199,-0.049589657774494596,-0.08433112013209237,-0.08724465305142601,-0.05236547452976026,0.17814959203374361,0.012586570484834126,0.033804414176358065,-0.037919192276726944,-0.12889766208968184,0.005600152290452369,-0.041651026488557244,0.07634092654932811,-0.013532007685970088,-0.04791830199132449,0.04729790549042545,-0.04863347786270097,0.003968217212166616,0.05962039367150493,0.025488771407260358,-0.07773601109172268,-0.007076882457960912
2021-03-31,-0.03243054507660455,0.003549303002221199,-0.04519592318781026,-0.012995595298053959,-0.08439171003792907,-0.0704356295035194,-0.032029737995055096,-0.03315189686390245,0.09530956810499676,-0.006132735542575539,-0.05657541227062795,-0.00965036281469801,0.034650506381532116,0.016743020315775896,-0.04214133629140576,-0.00700593546273553,-0.040697482436800186,-0.01348809637863363,0.07141813494667787,-0.022487988563811855,-0.024817025425692498,-0.02681269782451627,-0.025856919985264324,0.013071660316401884,0.01697387199106434,-0.074893007496795,0.122391681919335
2021-04-30,0.012354437378002533,0.04100134974580881,0.014885926269373243,-0.0600417704085197,-0.1275934498628181,-0.029401741841971495,-0.03646136421995722,-0.015494188257560349,0.12983169428666688,-0.027390038111340755,-0.021375311587302465,0.03619562037818861,-0.08230225502646189,0.07238532728124107,-0.07688035901967734,0.020496942141559258,-0.07192890002013405,0.06772664909711591,0.08178373295483601,-0.056308172692667885,-0.03936331057117019,-0.06715368221112923,0.025639326927814076,0.06036072553874659,0.05764136026745205,-0.047572058220366066,-0.04685438757910746
2021-05-31,0.039805378894999154,0.05494573162226107,-0.10484863859339494,-0.1864541023750177,0.09064836126554714,-0.01345990988170756,-0.07688830756058408,0.05817370210995113,-0.09306669912260972,-0.010644691321049646,-0.09005074860762055,0.017430274103843933,-0.0017776328746084515,-0.10556719795228672,-0.002964408284350982,-0.08731645748655718,0.002706820783729866,-0.040668628637361204,-0.011679956197646113,0.03245368067505321,-0.0368025824349581,-0.06771427913428754,0.027229972571948334,0.017250645941541444,-0.016099432949623484,0.020428306953156415,0.08398513279948885
2021-06-30,0.029208085219060216,-0.004179554986863624,0.06625898800685541,0.16683825982315226,-0.02999412696196467,-0.029624082217352743,0.05807681396961963,0.08288573124359615,0.02807518281659429,-0.018949883359905197,-0.009399309626741126,-0.07152215834667988,-0.07226176527603548,-0.018367317457523905,-0.02325925063958181,-0.03253908545120604,0.07730671705351147,0.06903572015538059,0.06272659763194463,-0.011572008901252871,0.0352515819074271,0.08750807527526111,-0.011024045540364166,0.02046540302384969,-0.00795580736672133,-0.03462858287317906,0.03664903990531208
