日期,index_code,open,high,low,close,volume,amount
2014-02-21,801950,996.02,1015.05,974.68,997.49,0.271547,6.00218274
2014-02-24,801950,986.58,1011.78,977.75,992.19,0.24678244,5.64100512
2014-02-25,801950,993.91,996.64,895.15,910.23,0.69260042,14.93553309
2014-02-26,801950,905.87,911.95,859.04,899.24,0.3466471,7.04347333
2014-02-27,801950,904.8,946.94,901.06,904.85,0.44186995,9.18800921
2014-02-28,801950,904.57,935.33,892.71,926.41,0.2547666,5.29302971
2014-03-03,801950,951.88,984.0,939.63,953.47,0.40057155,8.73538876
2014-03-04,801950,949.19,980.7,939.38,966.74,0.3865453,8.3505535
2014-03-05,801950,962.42,973.36,937.67,945.46,0.27084446,5.78998989
2014-03-06,801950,944.33,949.33,915.29,928.0,0.2147877,4.54292944
2014-03-07,801950,928.06,945.32,917.44,920.27,0.17328002,3.61520113
2014-03-10,801950,902.2,909.3,871.76,889.99,0.24827452,4.99037431
2014-03-11,801950,885.73,897.61,871.57,882.34,0.17611434,3.49228649
2014-03-12,801950,883.62,892.08,862.31,879.48,0.17552961,3.44193412
2014-03-13,801950,881.53,915.32,876.88,909.6,0.2756235,5.56210901
2014-03-14,801950,904.49,907.71,884.66,892.29,0.16240486,3.18496022
2014-03-17,801950,905.59,917.49,889.95,907.22,0.20909995,4.19321227
2014-03-18,801950,909.44,918.02,898.55,906.26,0.21495305,4.25175495
2014-03-19,801950,895.28,903.08,878.17,898.32,0.15818496,3.1290119
2014-03-20,801950,892.75,897.47,859.25,859.68,0.20810526,3.92622718
2014-03-21,801950,857.96,889.51,842.94,883.5,0.23367787,4.6041355
2014-03-24,801950,885.54,894.7,875.24,879.57,0.16168821,3.16254022
2014-03-25,801950,881.6,891.89,872.72,883.2,0.11796299,2.29228936
2014-03-26,801950,883.53,889.66,868.76,878.35,0.12987281,2.50022918
2014-03-27,801950,872.08,880.2,858.75,859.43,0.14333144,2.6893123
2014-03-28,801950,859.59,863.98,818.73,823.53,0.25192662,4.58088133
2014-03-31,801950,824.09,839.07,813.45,832.12,0.13727345,2.47761358
2014-04-01,801950,833.13,844.21,824.82,841.26,0.14402414,2.63743696
2014-04-02,801950,841.51,846.59,829.59,832.77,0.10545125,1.90635627
2014-04-03,801950,836.73,846.1,823.63,830.67,0.15658648,2.78156117
2014-04-04,801950,828.97,847.18,827.1,846.73,0.13526558,2.40942012
2014-04-08,801950,845.66,910.36,842.71,895.04,0.39860415,7.95416375
2014-04-09,801950,899.36,910.91,885.6,901.83,0.32228041,6.42916589
2014-04-10,801950,895.62,909.27,886.77,903.47,0.10541964,1.82265661
2014-04-11,801950,895.39,905.06,885.6,900.43,0.07194057,1.23451812
2014-04-14,801950,894.45,909.5,887.71,903.71,0.07375652,1.27778308
2014-04-15,801950,908.25,922.37,891.22,904.17,0.14207139,2.49758912
2014-04-16,801950,897.96,910.21,886.54,905.11,0.07227795,1.25005475
2014-04-17,801950,920.41,925.84,884.11,889.56,0.26144337,5.785867
2014-04-18,801950,883.63,901.28,880.35,897.73,0.16361424,3.3537394
2014-04-21,801950,885.71,901.6,868.53,869.86,0.16017758,3.13893586
2014-04-22,801950,869.65,888.26,847.33,881.49,0.19598929,3.85215194
2014-04-23,801950,878.27,917.98,872.29,913.41,0.30796898,6.43978719
2014-04-24,801950,914.4,921.49,888.37,890.56,0.23022232,4.77365782
2014-04-25,801950,889.78,892.45,866.93,869.55,0.1259455,2.5412084
2014-04-28,801950,862.79,863.73,831.55,839.78,0.16373174,3.1161011
2014-04-29,801950,845.37,856.9,830.27,851.18,0.12932967,2.55358059
2014-04-30,801950,848.8,862.2,847.4,853.35,0.1030701,2.03070532
2014-05-05,801950,854.22,869.3,846.15,866.01,0.09346302,1.83322389
2014-05-06,801950,866.01,884.95,864.28,877.26,0.14433007,2.87109123
2014-05-07,801950,874.06,876.62,856.09,857.88,0.09448115,1.87229525
2014-05-08,801950,855.81,884.28,853.34,869.66,0.1230594,2.55261911
2014-05-09,801950,874.81,875.04,851.73,863.71,0.10944689,2.15706483
2014-05-12,801950,872.6,885.58,866.21,881.68,0.20201542,3.93561872
2014-05-13,801950,880.59,888.27,873.44,886.75,0.16633266,3.29720558
2014-05-14,801950,884.3,890.47,878.43,879.99,0.11645995,2.34810725
2014-05-15,801950,880.56,903.84,871.27,872.86,0.22976355,4.54502177
2014-05-16,801950,871.97,889.77,867.29,879.69,0.14962714,2.98739202
2014-05-19,801950,901.74,906.99,847.03,850.43,0.24527582,5.00594981
2014-05-20,801950,849.89,865.36,832.12,859.07,0.29723586,5.61816326
2014-05-21,801950,853.23,866.43,847.09,863.19,0.18222676,3.39090322
2014-05-22,801950,864.82,877.72,855.59,856.92,0.23026673,4.27363836
2014-05-23,801950,855.76,864.65,849.28,859.67,0.14277184,2.65010746
2014-05-26,801950,871.12,875.13,854.24,860.63,0.19785192,3.67673383
2014-05-27,801950,859.7,867.8,849.44,850.53,0.12675597,2.42104562
2014-05-28,801950,850.52,861.74,840.63,860.65,0.21082398,3.92620096
2014-05-29,801950,863.5,870.57,850.36,854.07,0.18821187,3.54182228
2014-05-30,801950,859.68,888.53,853.06,881.64,0.43111805,7.82826972
2014-06-03,801950,881.84,887.95,871.74,877.83,0.27551151,5.09730598
2014-06-04,801950,873.57,875.58,851.43,861.37,0.21100511,3.89489151
2014-06-05,801950,861.04,877.46,851.44,872.25,0.20588854,3.95295259
2014-06-06,801950,872.04,876.81,854.8,862.08,0.14624257,2.74292869
2014-06-09,801950,862.96,880.58,860.42,869.0,0.17913377,3.57499557
2014-06-10,801950,869.0,879.82,862.01,875.22,0.18192702,3.38091334
2014-06-11,801950,873.75,884.72,869.16,874.03,0.17508093,3.38224549
2014-06-12,801950,878.83,922.91,877.45,908.26,0.37543601,7.92928948
2014-06-13,801950,912.0,918.53,901.06,909.92,0.28420776,5.89751195
2014-06-16,801950,911.12,935.84,904.66,927.85,0.37913275,7.84526772
2014-06-17,801950,923.94,926.1,906.27,907.38,0.18491799,3.75090868
2014-06-18,801950,920.13,948.24,907.7,914.1,0.31307384,6.81011278
2014-06-19,801950,902.94,916.54,869.1,883.53,0.22603862,4.5909028
2014-06-20,801950,881.6,889.67,873.53,886.81,0.10207293,2.02943719
2014-06-23,801950,892.76,904.44,882.31,885.63,0.15196904,3.03384504
2014-06-24,801950,887.66,916.58,878.12,913.87,0.22216206,4.54976546
2014-06-25,801950,908.55,918.03,899.5,903.36,0.21216955,4.3192401
2014-06-26,801950,904.29,914.51,899.65,907.38,0.17014417,3.46402819
2014-06-27,801950,913.81,937.07,906.22,926.64,0.30137819,6.49002062
2014-06-30,801950,931.88,1004.11,931.88,986.35,0.75648145,15.90725075
2014-07-01,801950,998.22,999.36,958.02,964.0,0.47800463,10.24281956
2014-07-02,801950,963.51,1004.66,957.96,975.85,0.54931047,11.72231699
2014-07-03,801950,971.18,982.99,959.34,963.87,0.28753286,6.25544142
2014-07-04,801950,962.37,969.12,948.33,961.36,0.23332343,5.01356583
2014-07-07,801950,966.87,992.28,958.87,980.19,0.53238081,10.94439823
2014-07-08,801950,979.29,1006.02,957.74,972.74,0.62758436,12.91948262
2014-07-09,801950,964.74,1022.13,956.04,975.51,0.88679294,18.62359343
2014-07-10,801950,970.0,988.02,950.24,955.41,0.5269784,10.89353868
2014-07-11,801950,955.98,985.59,943.6,975.42,0.45174567,9.25940184
2014-07-14,801950,977.91,988.55,956.58,968.33,0.39410365,8.19732888
2014-07-15,801950,969.41,990.65,955.96,970.93,0.37601024,7.83934382
2014-07-16,801950,968.75,970.84,921.49,925.54,0.4649689,9.33979115
2014-07-17,801950,924.83,932.03,914.91,924.72,0.21285292,4.2310058
2014-07-18,801950,937.39,945.63,921.67,929.26,0.22974941,4.58253512
2014-07-21,801950,929.7,939.04,909.87,935.92,0.31753837,6.13901165
2014-07-22,801950,930.52,943.13,921.02,935.88,0.25536534,5.13213766
2014-07-23,801950,934.97,952.28,925.23,931.16,0.33661799,6.73091393
2014-07-24,801950,939.17,942.95,897.28,922.53,0.34998394,7.05782394
2014-07-25,801950,922.58,929.18,915.54,925.8,0.18094731,3.59079531
2014-07-28,801950,932.83,960.81,929.58,955.53,0.49170881,10.01347549
2014-07-29,801950,969.98,990.83,955.65,974.99,0.50263463,10.61597498
2014-07-30,801950,973.52,1008.05,959.32,987.24,0.64492715,13.46329083
2014-07-31,801950,982.79,1007.32,973.79,992.65,0.43269943,9.26666852
2014-08-01,801950,986.18,1005.4,962.77,965.03,0.43551252,9.42005582
2014-08-04,801950,966.76,990.52,964.95,975.57,0.31096709,6.69361463
2014-08-05,801950,984.08,985.91,962.59,976.24,0.29383371,6.1394017
2014-08-06,801950,972.36,1006.7,965.91,996.81,0.5773038,12.20003519
2014-08-07,801950,1000.35,1011.25,978.39,980.62,0.41598511,8.94007448
2014-08-08,801950,982.72,1002.45,981.56,993.17,0.39130817,8.29208019
2014-08-11,801950,1007.75,1015.96,993.3,1004.54,0.43409893,9.37481784
2014-08-12,801950,1011.67,1022.24,999.78,1009.74,0.54136198,11.45542196
2014-08-13,801950,1006.01,1009.87,979.44,989.73,0.4089323,8.62998767
2014-08-14,801950,987.43,1021.42,979.17,991.61,0.47144916,10.81023329
2014-08-15,801950,996.43,1020.35,994.34,1009.23,0.34394549,7.7251978
2014-08-18,801950,1013.0,1031.61,1005.13,1027.09,0.39285736,9.05081654
2014-08-19,801950,1027.09,1038.25,1009.81,1025.06,0.46893737,10.48076874
2014-08-20,801950,1024.34,1028.02,1010.23,1014.58,0.32866692,7.22082349
2014-08-21,801950,1012.42,1023.48,1000.52,1008.64,0.31947522,7.02920693
2014-08-22,801950,1009.01,1017.23,999.7,1003.48,0.27978673,6.05912497
2014-08-25,801950,1004.88,1011.89,992.72,994.96,0.21803246,4.72428409
2014-08-26,801950,992.79,1017.68,970.48,1000.25,0.3378493,7.60085327
2014-08-27,801950,1021.79,1069.98,1020.39,1066.49,0.38780248,9.14711384
2014-08-28,801950,1118.63,1118.63,1039.02,1045.45,0.72910646,19.92907623
2014-08-29,801950,1041.44,1079.15,1037.49,1075.22,0.41809102,10.79282072
2014-09-01,801950,1093.69,1120.2,1083.3,1088.37,0.60654667,14.90921246
2014-09-02,801950,1089.58,1171.34,1080.97,1156.2,1.12444797,26.77117168
2014-09-03,801950,1151.47,1195.3,1141.04,1165.4,1.38162462,32.71225926
2014-09-04,801950,1163.35,1228.6,1154.62,1175.18,1.16032497,28.94446718
2014-09-05,801950,1171.24,1182.73,1151.52,1174.83,0.70541073,17.31591119
2014-09-09,801950,1169.39,1211.63,1166.42,1189.99,0.83683199,20.87552409
2014-09-10,801950,1186.3,1218.58,1167.96,1189.49,0.62810265,15.92713254
2014-09-11,801950,1186.26,1223.4,1173.07,1187.86,0.72256059,18.25596027
2014-09-12,801950,1190.99,1223.37,1186.58,1219.21,0.76276514,19.26031322
2014-09-15,801950,1225.45,1241.79,1208.19,1212.16,0.70614544,18.33671021
2014-09-16,801950,1207.72,1212.95,1141.32,1145.0,0.83643615,21.06058936
2014-09-17,801950,1146.71,1165.31,1123.59,1154.56,0.5160366,12.57084542
2014-09-18,801950,1153.18,1165.55,1138.19,1146.03,0.33232335,8.15593606
2014-09-19,801950,1146.46,1181.34,1136.78,1174.28,0.47927153,11.83886373
2014-09-22,801950,1167.77,1168.92,1131.47,1138.46,0.34812814,8.74669609
2014-09-23,801950,1136.42,1180.02,1136.19,1170.01,0.49147868,12.44117801
2014-09-24,801950,1165.37,1224.91,1159.72,1212.51,0.69819107,18.27016546
2014-09-25,801950,1220.0,1263.49,1201.66,1228.22,0.79264631,21.14606921
2014-09-26,801950,1233.03,1241.48,1203.0,1212.24,0.45317558,12.01650766
2014-09-29,801950,1218.65,1235.56,1195.07,1214.09,0.43045688,11.26613602
2014-09-30,801950,1216.45,1216.45,1190.68,1199.69,0.31938221,8.28426524
2014-10-08,801950,1201.05,1229.42,1190.82,1211.62,0.46305342,12.03835074
2014-10-09,801950,1205.4,1220.76,1182.66,1193.61,0.45323209,11.54704082
2014-10-10,801950,1183.78,1216.77,1176.83,1203.13,0.52977437,13.50142831
2014-10-13,801950,1198.41,1227.35,1173.97,1221.63,0.52719211,14.32139479
2014-10-14,801950,1212.51,1267.83,1205.3,1224.81,0.66218276,18.07418641
2014-10-15,801950,1219.34,1224.07,1178.29,1194.39,0.46171826,12.01588245
2014-10-16,801950,1183.75,1200.49,1164.3,1167.64,0.36739063,9.22537404
2014-10-17,801950,1158.15,1173.98,1128.69,1151.2,0.33997549,8.46267552
2014-10-20,801950,1154.43,1164.97,1144.88,1155.88,0.20545995,5.19859143
2014-10-21,801950,1154.55,1158.92,1124.58,1131.35,0.23786265,5.83922837
2014-10-22,801950,1131.8,1186.4,1131.58,1157.29,0.39496691,10.25221605
2014-10-23,801950,1151.91,1178.56,1149.75,1160.33,0.295937,7.53068249
2014-10-24,801950,1165.07,1176.55,1145.82,1148.08,0.20520464,5.16731604
2014-10-27,801950,1149.52,1172.17,1133.49,1164.8,0.22031667,5.66669208
2014-10-28,801950,1168.15,1221.16,1164.21,1217.06,0.56299612,14.60472337
2014-10-29,801950,1224.5,1229.49,1201.17,1213.46,0.49285968,12.99465327
2014-10-30,801950,1212.54,1216.99,1174.39,1186.25,0.5046864,13.10417615
2014-10-31,801950,1188.4,1194.71,1158.61,1179.57,0.37271596,9.49091206
2014-11-03,801950,1177.82,1195.06,1169.91,1181.12,0.26382563,6.76586909
2014-11-04,801950,1179.83,1182.91,1150.03,1157.38,0.28908526,7.35238526
2014-11-05,801950,1161.09,1178.02,1149.92,1159.12,0.23954712,5.97645774
2014-11-06,801950,1164.07,1168.61,1147.03,1159.52,0.22691084,5.65576852
2014-11-07,801950,1162.39,1174.65,1145.48,1149.75,0.23941115,6.16756078
2014-11-10,801950,1152.16,1166.13,1129.18,1157.88,0.31910793,8.17459998
2014-11-11,801950,1166.1,1172.54,1109.03,1115.53,0.51646574,12.90713806
2014-11-12,801950,1109.95,1137.7,1107.86,1126.45,0.24616975,6.07097286
2014-11-13,801950,1124.34,1125.86,1058.61,1077.04,0.51825322,11.99143975
2014-11-14,801950,1067.94,1090.93,1050.8,1077.84,0.26352952,6.05692739
2014-11-17,801950,1079.89,1107.69,1071.3,1094.08,0.28607696,6.89348576
2014-11-18,801950,1091.95,1097.84,1076.9,1083.69,0.1853563,4.29992529
2014-11-19,801950,1083.46,1097.23,1069.64,1089.71,0.23279686,5.53948398
2014-11-20,801950,1086.1,1087.91,1070.94,1074.23,0.15988805,3.68965099
2014-11-21,801950,1078.0,1084.11,1071.37,1078.64,0.16137978,3.75633182
2014-11-24,801950,1089.29,1115.65,1078.69,1106.98,0.40101833,9.41422642
2014-11-25,801950,1108.1,1128.08,1104.14,1115.09,0.38273047,9.29089648
2014-11-26,801950,1128.03,1150.35,1109.33,1140.86,0.43705132,11.15994028
2014-11-27,801950,1138.48,1151.58,1116.98,1128.98,0.41513704,10.37863393
2014-11-28,801950,1129.71,1140.0,1097.37,1107.1,0.35787357,9.02006512
2014-12-01,801950,1103.31,1111.96,1073.3,1081.18,0.36607616,8.76788708
2014-12-02,801950,1081.64,1105.31,1081.64,1093.33,0.30119569,7.16558229
2014-12-03,801950,1092.64,1152.67,1075.85,1151.34,0.76655843,18.495845
2014-12-04,801950,1146.91,1195.6,1141.88,1172.27,0.80625631,20.45232722
2014-12-05,801950,1199.75,1289.5,1135.93,1289.5,1.77386573,47.81955048
2014-12-08,801950,1340.51,1414.01,1318.45,1378.08,1.86841083,55.99336032
2014-12-09,801950,1374.83,1400.64,1240.47,1240.47,1.53426011,44.26265569
2014-12-10,801950,1219.66,1295.91,1171.7,1273.5,0.99933199,27.25227784
2014-12-11,801950,1262.43,1299.71,1230.58,1273.4,0.74598657,20.47289057
2014-12-12,801950,1272.32,1288.1,1255.05,1274.15,0.44278426,12.12511392
2014-12-15,801950,1220.31,1333.18,1209.63,1318.48,1.29590173,36.55241176
2014-12-16,801950,1326.07,1394.66,1323.04,1337.02,1.03246149,30.87435031
2014-12-17,801950,1337.28,1374.75,1311.07,1324.71,0.70542239,20.93459912
2014-12-18,801950,1320.76,1436.61,1306.6,1405.78,1.04671643,32.56598998
2014-12-19,801950,1380.63,1401.2,1333.32,1385.77,0.74542846,22.90326538
2014-12-22,801950,1392.9,1440.31,1334.41,1343.18,0.5980073,18.63491593
2014-12-23,801950,1331.58,1353.62,1263.19,1277.05,0.52668023,15.48588859
2014-12-24,801950,1277.33,1339.1,1271.06,1304.11,0.50805495,14.80879842
2014-12-25,801950,1309.61,1350.4,1294.35,1337.79,0.48349427,14.29600518
2014-12-26,801950,1337.78,1352.36,1303.94,1337.03,0.50427082,14.95994965
2014-12-29,801950,1331.46,1360.73,1277.21,1333.3,0.68911515,20.16063789
2014-12-30,801950,1326.7,1330.16,1270.54,1277.49,0.48278215,13.84426278
2014-12-31,801950,1281.39,1309.7,1270.58,1287.49,0.35217122,10.11299222
2015-01-05,801950,1298.47,1321.45,1275.01,1308.72,0.43676892,12.63399038
2015-01-06,801950,1306.37,1398.26,1296.82,1370.02,0.76986066,23.25928981
2015-01-07,801950,1376.04,1388.0,1341.0,1353.92,0.54171914,16.48666004
2015-01-08,801950,1348.11,1380.33,1335.2,1348.08,0.44660307,13.58085513
2015-01-09,801950,1343.05,1361.47,1304.17,1310.15,0.44373653,13.26679286
2015-01-12,801950,1298.37,1311.13,1251.64,1276.84,0.5072581,14.19828018
2015-01-13,801950,1287.66,1331.58,1280.75,1302.51,0.51972039,15.41479302
2015-01-14,801950,1304.34,1331.13,1285.94,1305.3,0.35687262,10.46210845
2015-01-15,801950,1302.44,1328.35,1275.31,1315.72,0.36003843,10.30700959
2015-01-16,801950,1316.59,1334.86,1303.9,1326.48,0.35113354,10.22159414
2015-01-19,801950,1270.52,1333.59,1224.99,1253.17,0.55711236,15.98133932
2015-01-20,801950,1259.23,1309.97,1254.9,1295.08,0.45562089,12.92794364
2015-01-21,801950,1292.5,1351.28,1288.57,1342.28,0.57370484,16.87700592
2015-01-22,801950,1342.26,1475.4,1333.1,1436.41,0.99398813,31.04104862
2015-01-23,801950,1431.49,1434.73,1382.48,1389.59,0.65985444,20.60043912
2015-01-26,801950,1416.23,1462.19,1413.04,1434.51,0.59294622,18.89366256
2015-01-27,801950,1451.67,1461.24,1405.53,1436.12,0.51088199,16.25756579
2015-01-28,801950,1436.33,1437.23,1372.83,1388.3,0.4638886,14.41395295
2015-01-29,801950,1370.58,1395.42,1359.94,1366.02,0.26650913,8.137154
2015-01-30,801950,1379.71,1393.74,1348.56,1358.89,0.32739398,9.95715863
2015-02-02,801950,1348.88,1381.7,1337.95,1362.93,0.27505784,8.31850416
2015-02-03,801950,1368.67,1377.74,1343.83,1363.99,0.39406035,11.83972529
2015-02-04,801950,1366.96,1428.46,1364.41,1381.93,0.59276194,18.31927998
2015-02-05,801950,1395.03,1398.43,1338.28,1340.55,0.49390399,14.83821791
2015-02-06,801950,1339.36,1347.67,1288.02,1295.82,0.33993892,9.77389068
2015-02-09,801950,1287.71,1319.64,1283.07,1297.75,0.19963881,5.75236276
2015-02-10,801950,1303.81,1327.9,1297.97,1320.91,0.22677035,6.55593374
2015-02-11,801950,1321.61,1345.7,1317.89,1337.01,0.23901066,7.00705361
2015-02-12,801950,1336.81,1337.93,1309.97,1322.58,0.23554743,6.82582873
2015-02-13,801950,1323.19,1353.24,1319.51,1333.3,0.3561695,10.52790509
2015-02-16,801950,1335.79,1365.15,1328.58,1358.02,0.33595021,10.02558965
2015-02-17,801950,1361.99,1371.02,1347.47,1356.33,0.23908935,7.15839661
2015-02-25,801950,1366.05,1395.47,1349.46,1377.09,0.3883349,11.78428688
2015-02-26,801950,1378.72,1402.49,1369.12,1392.57,0.38428176,11.758321
2015-02-27,801950,1409.64,1494.79,1409.64,1446.09,0.91327008,29.64381523
2015-03-02,801950,1453.22,1473.29,1421.47,1459.71,0.54024126,17.33415314
2015-03-03,801950,1456.42,1492.79,1434.55,1456.56,0.65717296,21.47963495
2015-03-04,801950,1467.49,1495.73,1435.24,1462.07,0.57132601,18.5826549
2015-03-05,801950,1467.72,1471.66,1409.74,1423.55,0.4873364,15.47781845
2015-03-06,801950,1426.2,1439.07,1400.29,1418.85,0.34172881,10.75309593
2015-03-09,801950,1408.6,1433.49,1394.64,1428.69,0.30410366,9.55637165
2015-03-10,801950,1425.74,1434.89,1408.93,1420.1,0.27393156,8.62475886
2015-03-11,801950,1418.37,1434.63,1389.5,1398.17,0.33624275,10.53739303
2015-03-12,801950,1405.69,1417.77,1387.89,1405.38,0.25292294,7.87495807
2015-03-13,801950,1400.96,1421.69,1394.69,1410.19,0.2868574,9.0023398
2015-03-16,801950,1418.23,1455.32,1414.12,1452.63,0.50470587,16.1647631
2015-03-17,801950,1461.39,1525.44,1443.42,1495.34,0.87401737,29.05468175
2015-03-18,801950,1492.8,1576.41,1475.16,1547.92,0.89825118,30.71924274
2015-03-19,801950,1556.29,1581.58,1524.48,1542.5,0.76094818,26.36178192
2015-03-20,801950,1542.93,1574.1,1522.43,1534.21,0.58237039,19.97787922
2015-03-23,801950,1538.37,1567.75,1533.73,1556.05,0.55567616,19.11671701
2015-03-24,801950,1563.49,1623.76,1534.66,1589.98,0.94108134,33.15927554
2015-03-25,801950,1584.68,1593.7,1550.48,1560.0,0.65630833,22.91815957
2015-03-26,801950,1558.05,1605.43,1537.66,1564.73,0.69226772,24.25438037
2015-03-27,801950,1571.12,1586.86,1537.54,1551.04,0.46770133,16.05206815
2015-03-30,801950,1559.47,1609.45,1554.66,1599.0,0.6198822,21.8085307
2015-03-31,801950,1629.15,1694.08,1600.59,1636.61,0.93473884,34.4213137
2015-04-01,801950,1635.27,1681.95,1618.61,1672.59,0.66269374,24.56927558
2015-04-02,801950,1668.35,1702.71,1642.55,1681.96,0.71852478,26.90870908
2015-04-03,801950,1669.43,1717.48,1655.11,1705.85,0.74484215,27.67873204
2015-04-07,801950,1713.42,1725.42,1672.7,1686.81,0.59715486,22.28645259
2015-04-08,801950,1686.15,1690.18,1606.67,1632.89,0.71553464,25.75276065
2015-04-09,801950,1636.72,1647.18,1554.82,1594.03,0.52296811,18.32929591
2015-04-10,801950,1594.03,1711.34,1581.91,1706.56,0.75864904,28.8866099
2015-04-13,801950,1710.32,1761.17,1690.22,1722.26,0.70860363,27.64996591
2015-04-14,801950,1696.04,1759.46,1669.69,1732.66,0.60681373,23.12623439
2015-04-15,801950,1763.72,1775.0,1670.36,1687.82,0.6085611,23.51207654
2015-04-16,801950,1677.31,1747.57,1648.13,1718.07,0.47180997,18.30246914
2015-04-17,801950,1722.23,1875.53,1722.23,1852.0,1.20374816,47.805472
2015-04-20,801950,1836.17,2027.94,1809.79,1983.92,1.48537591,64.30673788
2015-04-21,801950,1993.48,2153.9,1937.92,1977.42,1.43514577,66.28599658
2015-04-22,801950,1984.52,2060.54,1937.03,2018.84,0.88405663,39.23911123
2015-04-23,801950,2024.87,2026.29,1957.86,1982.43,0.6961475,30.98550257
2015-04-24,801950,1979.73,2130.09,1969.47,2044.32,0.80562246,37.50135721
2015-04-27,801950,2151.6,2215.31,2133.97,2167.1,0.52745413,27.06754975
2015-04-28,801950,2173.7,2258.42,2079.25,2122.49,1.3085283,60.16073641
2015-04-29,801950,2086.26,2290.1,2046.51,2260.58,0.8821048,41.65425856
2015-04-30,801950,2304.81,2414.3,2269.1,2277.97,1.13899663,57.48922038
2015-05-04,801950,2291.72,2419.38,2245.16,2374.8,0.97236141,49.78937254
2015-05-05,801950,2398.68,2478.96,2299.47,2379.67,1.14354062,60.84160581
2015-05-06,801950,2398.57,2427.25,2269.65,2317.16,0.87357737,45.5339318
2015-05-07,801950,2283.39,2305.9,2175.13,2187.66,0.75570342,36.8995942
2015-05-08,801950,2201.29,2265.36,2128.65,2259.59,0.90018832,42.51572818
2015-05-11,801950,2287.55,2386.5,2224.22,2358.13,0.98566587,49.73047879
2015-05-12,801950,2393.06,2593.93,2352.36,2593.93,1.31692802,72.71286022
2015-05-13,801950,2639.67,2767.93,2523.25,2590.87,1.35691911,80.33931193
2015-05-14,801950,2585.63,2673.45,2534.39,2577.28,0.8014685,46.76549234
2015-05-15,801950,2577.71,2774.87,2553.33,2712.72,1.0863841,65.06371935
2015-05-18,801950,2770.0,2890.7,2678.43,2759.58,1.04730776,65.18415089
2015-05-19,801950,2752.91,2780.0,2649.61,2745.83,0.74311564,44.63165059
2015-05-20,801950,2760.58,2954.95,2759.52,2828.58,0.78535684,49.89607047
2015-05-21,801950,2891.52,2914.21,2797.59,2858.54,0.6839821,42.61752953
2015-05-22,801950,2867.77,2921.41,2768.21,2916.3,0.80993957,50.77465105
2015-05-25,801950,2875.02,3182.51,2831.09,3174.01,0.98716067,66.59218419
2015-05-26,801950,3303.1,3491.44,3209.55,3483.58,1.05721353,79.22604867
2015-05-27,801950,3512.32,3691.6,3353.55,3502.56,1.06563172,83.47594352
2015-05-28,801950,3435.56,3549.83,3152.31,3165.8,0.98952913,73.52113641
2015-05-29,801950,3106.13,3349.28,2953.07,3231.75,0.94471018,67.49403168
2015-06-01,801950,3212.78,3418.23,3165.32,3367.82,0.71319454,53.20236422
2015-06-02,801950,3363.5,3513.47,3307.56,3429.12,0.6840809,52.16797391
2015-06-03,801950,3411.48,3437.38,3190.66,3267.48,0.71869862,52.82405303
2015-06-04,801950,3300.61,3311.66,2949.97,3200.18,0.61544785,42.82378715
2015-06-05,801950,3248.15,3391.42,3187.23,3263.51,0.57337416,42.10259807
2015-06-08,801950,3261.41,3262.6,3077.28,3124.13,0.56962909,39.94891183
2015-06-09,801950,3106.61,3241.81,3071.15,3165.43,0.49536367,34.96713895
2015-06-10,801950,3134.29,3228.01,3095.49,3167.7,0.46519596,32.96965438
2015-06-11,801950,3162.53,3223.86,3113.01,3215.68,0.51044199,36.03189129
2015-06-12,801950,3250.27,3345.17,3202.7,3287.67,0.73207406,53.78912601
2015-06-15,801950,3319.15,3447.35,3178.67,3196.96,0.74199385,55.1056994
2015-06-16,801950,3159.44,3160.29,2881.31,2907.82,0.77197469,51.38225541
2015-06-17,801950,2868.74,2942.88,2647.97,2888.64,0.70186689,43.67152774
2015-06-18,801950,2878.46,2921.21,2669.14,2726.89,0.5376998,33.53274318
2015-06-19,801950,2716.05,2854.95,2613.53,2684.82,0.67360208,41.16888795
2015-06-23,801950,2717.62,2952.77,2616.34,2945.91,0.8095818,50.58000339
2015-06-24,801950,2988.68,3132.34,2943.73,3015.81,0.97137407,65.73373404
2015-06-25,801950,2993.23,3098.5,2815.69,2885.29,0.76041653,50.7839988
2015-06-26,801950,2754.79,2818.77,2596.82,2596.82,0.67987979,40.49875274
2015-06-29,801950,2689.47,2706.04,2337.09,2349.16,0.84695497,46.52611022
2015-06-30,801950,2300.81,2506.4,2114.29,2476.78,1.07785161,54.93325003
2015-07-01,801950,2461.56,2570.72,2238.58,2263.91,0.9026643,49.36458373
2015-07-02,801950,2223.57,2233.23,2037.68,2037.68,0.84728409,40.05606903
2015-07-03,801950,1903.61,2047.71,1833.73,1833.73,0.8621007,36.06900555
2015-07-06,801950,2017.21,2017.21,1650.5,1658.87,1.41653741,55.78020655
2015-07-07,801950,1558.36,1627.33,1493.04,1493.04,1.41793474,46.59670908
2015-07-08,801950,1343.65,1411.64,1343.65,1345.88,1.29185662,37.36255749
2015-07-09,801950,1283.05,1480.43,1283.05,1480.43,1.4877529,46.12252686
2015-07-10,801950,1596.25,1628.51,1581.99,1628.51,0.52328451,18.92692548
2015-07-13,801950,1775.5,1791.42,1752.83,1791.42,0.5725162,23.64136088
2015-07-14,801950,1907.65,1970.54,1901.52,1970.54,0.86055307,38.74808521
2015-07-16,801950,1910.24,2087.2,1750.95,2058.13,1.43410754,62.97682903
2015-07-17,801950,2067.31,2264.06,2067.31,2264.06,1.01762596,49.52950966
2015-07-20,801950,2389.66,2490.38,2331.19,2459.54,1.89958249,101.88044445
2015-07-21,801950,2410.16,2508.86,2336.46,2412.47,1.35026595,72.55602892
2015-07-22,801950,2423.63,2645.16,2418.28,2636.37,1.4515135,82.882541
2015-07-23,801950,2657.88,2797.57,2543.7,2711.31,1.42434338,82.88559024
2015-07-24,801950,2666.74,2899.05,2647.89,2757.55,1.48824669,91.20911723
2015-07-27,801950,2682.97,2860.68,2484.89,2501.23,1.74473337,104.75937649
2015-07-28,801950,2316.26,2678.8,2296.03,2534.42,1.8348063,100.13505726
2015-07-29,801950,2587.11,2787.87,2473.54,2787.87,1.67103069,98.53016688
2015-07-30,801950,2789.92,3041.59,2674.42,2828.39,1.88700794,122.56447704
2015-07-31,801950,2777.4,2860.52,2545.51,2545.51,1.42913925,85.65083305
2015-08-03,801950,2400.14,2469.52,2291.0,2291.99,1.08110181,56.03609217
2015-08-04,801950,2254.68,2521.3,2254.68,2521.3,1.42536699,77.16911487
2015-08-05,801950,2598.63,2653.85,2436.37,2504.29,1.537749,87.94571213
2015-08-06,801950,2401.09,2536.16,2368.47,2395.85,0.92650356,50.16208515
2015-08-07,801950,2454.02,2537.22,2393.5,2509.83,0.99945684,54.48759307
2015-08-10,801950,2569.35,2755.78,2554.95,2743.12,1.4308565,84.95666995
2015-08-11,801950,2758.81,2834.35,2630.08,2718.21,1.4335211,86.47931719
2015-08-12,801950,2829.4,2890.21,2690.33,2735.17,1.25120501,77.60330749
2015-08-13,801950,2672.55,2784.82,2582.59,2767.66,1.08847339,64.64842546
2015-08-14,801950,2770.79,2807.83,2691.99,2726.12,0.89174413,54.16076779
2015-08-17,801950,2723.59,2855.82,2685.58,2751.56,1.10041502,68.28544309
2015-08-18,801950,2743.36,2747.24,2476.4,2476.4,1.18848958,68.38185022
2015-08-19,801950,2355.0,2547.94,2256.44,2509.59,1.01871186,54.77279289
2015-08-20,801950,2499.33,2527.15,2307.91,2320.01,0.81882144,44.84977953
2015-08-21,801950,2298.58,2466.55,2194.88,2288.76,0.9284403,48.15917535
2015-08-24,801950,2175.12,2225.51,2060.01,2060.01,0.63887266,29.36900352
2015-08-25,801950,1854.23,1886.99,1854.23,1854.23,0.37817632,15.26612819
2015-08-26,801950,1781.29,1907.07,1668.97,1668.97,1.41806704,55.57670618
2015-08-27,801950,1725.92,1804.53,1614.18,1802.08,1.20281609,46.39177089
2015-08-28,801950,1875.78,1982.3,1845.77,1982.3,0.99107777,42.7403023
2015-08-31,801950,2082.87,2125.72,1957.95,2088.86,1.49936173,67.9069114
2015-09-01,801950,1998.99,2023.32,1879.96,1904.69,1.15537806,48.62982053
2015-09-07,801950,1795.48,1907.78,1624.76,1647.59,0.81305367,31.85681553
2015-09-08,801950,1599.26,1705.16,1485.72,1681.18,0.7876986,27.31669368
2015-09-09,801950,1702.46,1797.01,1627.43,1719.49,1.36587734,51.5215471
2015-09-10,801950,1673.65,1805.21,1647.29,1733.36,1.06745807,41.24323662
2015-09-11,801950,1710.4,1769.92,1683.54,1708.34,0.61646193,23.37413115
2015-09-14,801950,1743.09,1770.45,1537.48,1634.52,0.84048323,30.58730231
2015-09-15,801950,1571.95,1594.25,1471.22,1484.31,0.62171783,20.75722685
2015-09-16,801950,1476.74,1632.92,1438.39,1627.49,0.84006237,28.43727036
2015-09-17,801950,1636.5,1715.98,1579.37,1586.52,1.04383352,38.22600551
2015-09-18,801950,1603.43,1629.3,1543.54,1583.72,0.54573265,19.02536657
2015-09-21,801950,1604.6,1714.43,1592.64,1711.22,0.92001114,33.66306724
2015-09-22,801950,1739.31,1787.41,1685.86,1721.59,0.90916016,34.57950356
2015-09-23,801950,1677.46,1748.13,1660.72,1710.58,0.64418998,24.20189546
2015-09-24,801950,1721.27,1803.52,1713.05,1774.36,0.71792413,28.08830517
2015-09-25,801950,1757.0,1809.68,1691.38,1716.43,0.68536391,26.27469385
2015-09-28,801950,1716.48,1751.78,1633.2,1725.5,0.431162,15.95771306
2015-09-29,801950,1694.7,1705.6,1644.1,1651.96,0.36109712,13.13637464
2015-09-30,801950,1676.73,1804.0,1671.3,1744.31,0.53882988,20.29571911
2015-10-08,801950,1749.89,1852.7,1738.08,1805.34,0.43334267,16.77897264
2015-10-09,801950,1766.53,1916.61,1753.91,1847.06,0.4964584,20.20509443
2015-10-12,801950,1817.9,1954.62,1801.79,1847.06,0.75812901,31.8451819
2015-10-13,801950,1809.89,1915.58,1799.73,1878.09,0.40638181,16.78600405
2015-10-14,801950,1984.44,1991.22,1948.68,1952.17,0.37138356,15.4713528
2015-10-15,801950,2032.03,2102.76,1962.82,2101.73,0.99832165,45.52008045
2015-10-16,801950,2128.67,2238.75,2099.88,2166.33,0.94257433,45.21651224
2015-10-19,801950,2178.08,2180.51,2046.95,2063.31,0.89446254,41.3679383
2015-10-20,801950,2050.87,2138.89,2050.87,2113.43,0.71223352,32.5133889
2015-10-21,801950,2117.79,2169.4,1954.02,2005.59,0.97902666,44.42421272
2015-10-22,801950,2000.16,2171.96,1970.26,2143.45,0.88865876,41.32812082
2015-10-23,801950,2154.63,2204.83,2085.51,2127.55,0.87509385,41.79684234
2015-10-26,801950,2145.56,2216.69,2077.67,2147.5,0.91221265,42.18891578
2015-10-27,801950,2147.16,2297.06,2071.07,2289.16,1.26349924,60.06072495
2015-10-28,801950,2295.77,2312.01,2166.14,2179.68,1.00021679,49.18097508
2015-10-29,801950,2189.89,2296.17,2166.72,2220.16,0.82313001,40.39354734
2015-10-30,801950,2205.45,2262.43,2187.18,2220.73,0.60982124,30.10844176
2015-11-02,801950,2208.49,2243.08,2105.66,2140.06,0.64007736,30.6340762
2015-11-03,801950,2154.83,2191.1,2067.38,2132.02,0.60999839,28.58146677
2015-11-04,801950,2173.86,2246.92,2145.23,2240.75,0.74099188,35.77131162
2015-11-05,801950,2232.86,2348.78,2171.36,2224.59,1.26984087,63.39216878
2015-11-06,801950,2219.87,2342.53,2204.9,2314.86,0.96654301,48.92805692
2015-11-09,801950,2290.59,2354.87,2239.35,2302.51,0.94895123,48.38715072
2015-11-10,801950,2287.87,2383.99,2238.87,2278.07,1.22775305,63.02237428
2015-11-11,801950,2308.05,2309.53,2233.07,2273.71,0.7920303,39.57944771
2015-11-12,801950,2278.6,2359.26,2256.3,2288.64,0.879995,44.8667767
2015-11-13,801950,2284.63,2312.66,2214.98,2240.77,0.85320778,42.721842
2015-11-16,801950,2186.41,2258.91,2169.61,2250.27,0.58688404,28.79696944
2015-11-17,801950,2275.77,2419.98,2239.24,2312.9,1.21642453,62.68956868
2015-11-18,801950,2303.84,2327.13,2209.24,2222.57,0.67210888,33.74458256
2015-11-19,801950,2229.81,2290.09,2222.24,2282.86,0.52369795,25.98179768
2015-11-20,801950,2292.08,2386.59,2279.86,2333.35,0.91464374,47.07634805
2015-11-23,801950,2352.96,2384.11,2267.61,2283.4,0.69889626,35.87894354
2015-11-24,801950,2282.0,2292.25,2209.74,2246.26,0.53958998,26.57867745
2015-11-25,801950,2312.37,2320.63,2259.46,2277.11,0.5307865,26.74700203
2015-11-26,801950,2269.86,2337.12,2213.94,2280.4,0.71819353,35.9654043
2015-11-30,801950,2091.36,2117.19,1917.39,2036.66,0.68700212,30.52134396
2015-12-01,801950,2041.63,2067.23,1999.03,2017.12,0.4171261,18.65554682
2015-12-02,801950,2022.43,2034.84,1930.65,2010.03,0.40808484,17.85620969
2015-12-03,801950,2013.93,2059.48,2001.64,2056.84,0.37049821,16.59066204
2015-12-04,801950,2057.75,2068.48,2003.53,2019.49,0.34667506,15.59131359
2015-12-07,801950,2015.74,2044.38,1981.0,2029.5,0.33223399,14.71971287
2015-12-08,801950,2012.19,2012.19,1958.3,1959.16,0.33330638,14.51860643
2015-12-09,801950,1936.29,2011.37,1915.44,1984.05,0.40633499,17.51532565
2015-12-10,801950,1963.65,1991.62,1933.05,1941.44,0.27602993,11.91174711
2015-12-11,801950,1942.22,1993.44,1926.64,1962.6,0.30520516,13.20224508
2015-12-14,801950,1938.78,2062.2,1932.81,2045.82,0.47313025,21.04007596
2015-12-15,801950,2042.41,2091.16,2034.22,2055.13,0.37032459,16.88794806
2015-12-16,801950,2065.48,2072.68,2031.51,2038.91,0.24323803,10.95070878
2015-12-17,801950,2067.74,2089.95,2048.61,2065.31,0.34473925,15.57203875
2015-12-18,801950,2066.71,2082.34,2039.35,2052.1,0.27573483,12.43819223
2015-12-21,801950,2056.25,2078.43,2041.61,2063.99,0.28863802,13.00587122
2015-12-22,801950,2069.29,2085.62,2044.7,2073.16,0.28062733,12.67901334
2015-12-23,801950,2073.78,2088.1,2041.7,2044.86,0.31232745,14.25210894
2015-12-24,801950,2043.51,2049.64,1964.69,1981.76,0.2799717,12.28006888
2015-12-25,801950,1983.41,2005.62,1974.36,1998.38,0.18213121,7.9622752
2015-12-28,801950,1999.44,2018.49,1943.01,1946.34,0.28293262,12.33836195
2015-12-29,801950,1949.67,1980.11,1920.15,1968.02,0.23773188,10.11468701
2015-12-30,801950,1968.02,2041.13,1949.76,2017.93,0.35458916,15.57131267
2015-12-31,801950,2014.06,2030.72,1971.65,1986.21,0.2210772,9.73022921
2016-01-04,801950,2037.74,2062.3,1837.4,1843.28,0.41926667,18.37512882
2016-01-05,801950,1747.12,1911.96,1746.87,1874.44,0.47073937,19.12640587
2016-01-06,801950,1880.77,1923.33,1867.19,1906.15,0.4161259,17.33567963
2016-01-07,801950,1859.39,1871.74,1715.54,1719.45,0.11497792,4.51009731
2016-01-08,801950,1753.79,1805.29,1605.3,1699.51,0.55988098,20.9942644
2016-01-11,801950,1632.75,1671.62,1529.67,1531.15,0.46485458,16.20029693
2016-01-12,801950,1530.08,1560.19,1470.9,1529.96,0.34168304,11.3785794
2016-01-13,801950,1542.26,1553.41,1419.77,1425.82,0.29020792,9.55433879
2016-01-14,801950,1375.46,1567.69,1366.83,1567.07,0.5004499,16.29373899
2016-01-15,801950,1564.81,1668.48,1533.63,1587.62,0.703181,24.99130392
2016-01-18,801950,1536.53,1649.72,1533.47,1630.56,0.42974683,15.16595468
2016-01-19,801950,1619.7,1768.96,1589.43,1722.86,0.56156158,20.69282721
2016-01-20,801950,1711.41,1793.84,1675.22,1714.45,0.53099943,20.45406163
2016-01-21,801950,1677.25,1745.55,1603.34,1607.03,0.42480209,15.81043764
2016-01-22,801950,1636.7,1694.39,1572.67,1656.22,0.34981111,12.61808935
2016-01-25,801950,1676.27,1692.46,1645.74,1667.94,0.26475908,9.6462978
2016-01-26,801950,1634.82,1719.97,1518.22,1534.15,0.49216089,17.30140203
2016-01-27,801950,1542.85,1648.21,1405.72,1623.78,0.6168802,20.83824209
2016-01-28,801950,1568.4,1603.87,1472.98,1482.23,0.44684717,15.58690045
2016-01-29,801950,1470.07,1558.74,1404.44,1505.77,0.46209209,15.41074536
2016-02-01,801950,1500.34,1513.9,1431.31,1455.37,0.31658128,10.33904179
2016-02-02,801950,1478.97,1540.18,1459.56,1516.0,0.3824931,12.73762058
2016-02-03,801950,1482.37,1542.22,1473.57,1521.56,0.31578114,10.4264844
2016-02-04,801950,1543.45,1590.21,1529.73,1570.53,0.38801732,13.26565587
2016-02-05,801950,1573.18,1609.44,1562.43,1569.14,0.33261648,11.49451642
2016-02-15,801950,1512.6,1594.02,1499.34,1586.67,0.32809632,11.11519223
2016-02-16,801950,1596.34,1657.95,1593.89,1644.54,0.41723048,14.8686576
2016-02-17,801950,1659.46,1743.64,1652.63,1688.75,0.55729087,20.68620893
2016-02-18,801950,1704.48,1706.52,1646.48,1652.11,0.36396211,13.2123357
2016-02-19,801950,1650.2,1685.83,1631.45,1668.64,0.32082334,11.69232355
2016-02-22,801950,1699.38,1703.41,1671.21,1685.55,0.29454971,10.86719861
2016-02-23,801950,1689.93,1698.92,1638.6,1663.34,0.27099732,9.9157995
2016-02-24,801950,1658.54,1686.38,1637.34,1677.69,0.31669247,11.55482291
2016-02-25,801950,1677.79,1682.25,1509.93,1511.42,0.44263788,15.44800929
2016-02-26,801950,1533.25,1562.56,1481.46,1537.83,0.34105282,11.61663956
2016-02-29,801950,1528.56,1535.69,1409.32,1466.27,0.35867611,11.32657681
2016-03-01,801950,1478.89,1537.11,1455.81,1526.12,0.37271944,12.41768862
2016-03-02,801950,1526.74,1623.8,1523.88,1615.82,0.42746863,14.89903346
2016-03-03,801950,1668.79,1703.08,1618.68,1630.2,0.54577017,20.3638929
2016-03-04,801950,1632.13,1667.53,1557.51,1586.22,0.4365738,15.55041394
2016-03-07,801950,1597.59,1637.86,1590.15,1620.32,0.29718167,10.62340577
2016-03-08,801950,1610.87,1610.87,1529.54,1591.64,0.29200507,10.08025479
2016-03-09,801950,1548.27,1633.79,1536.78,1570.61,0.32719611,11.41903183
2016-03-10,801950,1563.65,1581.53,1518.39,1523.24,0.2448959,8.33294773
2016-03-11,801950,1522.3,1541.36,1504.88,1526.77,0.19951523,6.6960421
2016-03-14,801950,1551.3,1590.41,1542.8,1572.56,0.29597882,10.11351787
2016-03-15,801950,1567.68,1574.47,1536.14,1544.69,0.22048441,7.50466316
2016-03-16,801950,1551.47,1556.56,1510.28,1519.74,0.18324284,6.1839335
2016-03-17,801950,1530.17,1597.08,1523.96,1578.64,0.3850658,13.24014016
2016-03-18,801950,1589.96,1659.03,1582.1,1636.03,0.56876272,20.04507871
2016-03-21,801950,1660.23,1692.36,1635.13,1683.59,0.54543326,19.70080444
2016-03-22,801950,1673.96,1789.33,1654.81,1730.52,0.84133684,31.33266708
2016-03-23,801950,1723.23,1761.93,1701.56,1752.37,0.57562115,21.90675955
2016-03-24,801950,1742.22,1791.33,1700.55,1706.98,0.54635881,20.80602318
2016-03-25,801950,1693.01,1720.07,1681.79,1698.01,0.34284173,12.70682469
2016-03-28,801950,1723.7,1758.19,1675.65,1686.31,0.40063495,15.03702607
2016-03-29,801950,1690.18,1697.99,1642.73,1656.3,0.2913889,10.54802562
2016-03-30,801950,1680.41,1720.77,1664.15,1719.05,0.33813039,12.42166865
2016-03-31,801950,1722.96,1743.87,1702.78,1708.73,0.35289506,13.28137531
2016-04-01,801950,1701.92,1712.26,1653.4,1679.39,0.2726847,10.02383713
2016-04-05,801950,1678.15,1727.84,1670.76,1720.67,0.30621587,11.45630947
2016-04-06,801950,1712.51,1738.22,1698.2,1721.04,0.3483391,13.06198377
2016-04-07,801950,1726.4,1732.05,1665.35,1669.89,0.30531474,11.28895554
2016-04-08,801950,1655.73,1679.33,1631.99,1647.89,0.2587358,9.29270785
2016-04-11,801950,1664.44,1684.61,1659.47,1677.9,0.22982781,8.41789285
2016-04-12,801950,1678.08,1683.05,1649.75,1664.4,0.20681884,7.48166447
2016-04-13,801950,1671.5,1715.02,1671.5,1690.96,0.36441901,13.51720117
2016-04-14,801950,1700.64,1705.14,1680.69,1696.98,0.20291696,7.48703597
2016-04-15,801950,1701.83,1715.32,1679.56,1689.57,0.22136567,8.23863036
2016-04-20,801950,1649.3,1684.63,1544.34,1599.42,0.38918925,13.77334714
2016-04-21,801950,1589.9,1600.72,1566.79,1569.91,0.20286621,7.04025236
2016-04-22,801950,1567.44,1599.39,1561.74,1587.45,0.19344934,6.60670366
2016-04-25,801950,1598.07,1640.5,1581.31,1614.34,0.32362292,11.63786888
2016-04-26,801950,1607.89,1614.74,1586.27,1608.25,0.16700148,5.87494468
2016-04-27,801950,1611.39,1612.54,1575.94,1582.38,0.14454707,5.00445404
2016-04-28,801950,1584.48,1591.22,1547.23,1570.47,0.15076551,5.11175674
2016-04-29,801950,1560.86,1577.3,1552.84,1562.95,0.11590019,3.95701088
2016-05-03,801950,1577.56,1606.84,1559.93,1605.94,0.18834352,6.52888944
2016-05-04,801950,1599.29,1610.76,1588.71,1592.89,0.14253213,4.94552464
2016-05-05,801950,1598.52,1625.54,1594.34,1600.15,0.19125265,6.78227335
2016-05-06,801950,1603.09,1607.43,1540.43,1541.79,0.24228219,8.28637023
2016-05-09,801950,1538.05,1538.3,1459.82,1468.76,0.24088583,7.88839603
2016-05-10,801950,1457.05,1491.59,1451.14,1472.9,0.1297275,4.19395236
2016-05-11,801950,1491.88,1493.58,1453.87,1463.99,0.11381302,3.6472763
2016-05-12,801950,1454.97,1480.14,1432.41,1469.63,0.14811752,4.71152419
2016-05-13,801950,1475.58,1490.03,1459.83,1468.74,0.12604505,4.04847064
2016-05-16,801950,1455.34,1478.76,1448.22,1477.5,0.11822196,3.77072648
2016-05-17,801950,1478.72,1482.57,1456.29,1466.77,0.13732028,4.40536514
2016-05-18,801950,1462.08,1474.2,1424.19,1434.59,0.15996075,5.0643961
2016-05-19,801950,1434.05,1453.83,1427.67,1433.06,0.10541082,3.32612891
2016-05-20,801950,1422.27,1484.33,1413.39,1458.52,0.17652626,5.57010848
2016-05-23,801950,1456.2,1473.37,1453.94,1462.62,0.13517286,4.28663912
2016-05-24,801950,1458.93,1460.97,1431.48,1435.71,0.10630998,3.35235619
2016-05-25,801950,1449.37,1451.0,1424.2,1427.78,0.09610902,3.00897137
2016-05-26,801950,1426.65,1436.78,1398.77,1421.7,0.1276825,3.93910242
2016-05-27,801950,1432.86,1454.19,1423.27,1441.71,0.19642745,6.1315242
2016-05-30,801950,1424.77,1437.37,1405.91,1424.75,0.10859066,3.36622166
2016-05-31,801950,1432.17,1493.51,1429.93,1487.51,0.30066607,9.62373275
2016-06-01,801950,1488.95,1554.84,1483.62,1504.87,0.30947521,10.30220607
2016-06-02,801950,1499.73,1514.38,1490.69,1503.87,0.17475981,5.73272493
2016-06-03,801950,1517.85,1528.11,1495.01,1507.78,0.18483589,6.09759336
2016-06-06,801950,1510.24,1516.98,1490.09,1496.59,0.13656259,4.48034006
2016-06-07,801950,1500.31,1508.49,1488.18,1500.56,0.14063699,4.57434508
2016-06-08,801950,1501.89,1538.19,1486.2,1523.45,0.3159499,10.39412633
2016-06-13,801950,1510.78,1573.56,1469.26,1481.59,0.41818102,14.0392922
2016-06-14,801950,1463.97,1479.33,1434.31,1455.77,0.21062545,6.70582077
2016-06-15,801950,1436.77,1502.03,1428.16,1490.34,0.23945132,7.74929377
2016-06-16,801950,1492.57,1512.17,1474.13,1486.71,0.19840327,6.45484206
2016-06-17,801950,1495.2,1517.28,1481.14,1493.28,0.22456038,7.36918899
2016-06-20,801950,1494.48,1499.0,1467.54,1484.79,0.13818881,4.4720915
2016-06-21,801950,1494.25,1508.54,1461.66,1475.77,0.17719589,5.78663326
2016-06-22,801950,1481.84,1506.25,1471.26,1504.45,0.15910313,5.18010176
2016-06-23,801950,1506.9,1553.67,1498.48,1540.03,0.40569184,13.52736822
2016-06-24,801950,1530.93,1541.35,1459.82,1499.37,0.32201906,10.57139315
2016-06-27,801950,1495.36,1574.92,1494.86,1562.1,0.51942192,17.55692567
2016-06-28,801950,1554.16,1569.73,1534.74,1558.22,0.34594523,11.73337586
2016-06-29,801950,1566.42,1577.01,1540.29,1545.88,0.27865279,9.53625276
2016-06-30,801950,1550.45,1561.79,1532.83,1545.7,0.21134572,7.19212594
2016-07-01,801950,1544.8,1612.69,1541.13,1572.7,0.43837334,15.29551294
2016-07-05,801950,1670.43,1737.74,1636.4,1653.21,0.88422646,32.69714685
2016-07-06,801950,1639.19,1677.22,1632.43,1672.59,0.37948416,13.81248367
2016-07-07,801950,1677.71,1678.21,1628.97,1644.17,0.33800976,12.1278295
2016-07-08,801950,1645.92,1703.2,1634.77,1673.56,0.52253196,19.30148937
2016-07-11,801950,1702.93,1733.67,1670.58,1680.73,0.63129127,23.44450289
2016-07-12,801950,1672.86,1719.25,1647.93,1703.62,0.60819907,22.38796237
2016-07-13,801950,1723.4,1726.33,1671.3,1696.63,0.52150594,19.34920749
2016-07-14,801950,1696.77,1760.25,1682.24,1717.02,0.53470553,20.37021088
2016-07-15,801950,1704.91,1711.28,1662.19,1671.16,0.35860062,13.16326118
2016-07-18,801950,1666.05,1673.18,1628.54,1636.41,0.25156662,9.10135024
2016-07-19,801950,1638.44,1656.37,1631.18,1647.96,0.17024133,6.11303095
2016-07-20,801950,1643.84,1661.04,1636.84,1640.96,0.16120688,5.80892266
2016-07-21,801950,1642.39,1651.8,1633.64,1636.55,0.1832335,6.57991955
2016-07-22,801950,1644.8,1662.43,1625.57,1629.71,0.24966476,8.97857959
2016-07-25,801950,1628.22,1645.69,1604.26,1614.63,0.21150509,7.49255619
2016-07-26,801950,1615.29,1635.37,1610.82,1634.51,0.16689404,5.95058076
2016-07-27,801950,1638.19,1657.68,1556.87,1570.86,0.37988652,13.33599615
2016-07-28,801950,1569.55,1598.19,1551.54,1586.44,0.23128585,7.98165643
2016-07-29,801950,1585.54,1585.54,1542.72,1551.06,0.16221187,5.55435251
2016-08-01,801950,1549.52,1555.73,1513.16,1523.38,0.14910364,4.9890464
2016-08-02,801950,1521.43,1536.76,1518.45,1535.81,0.08231258,2.75187166
2016-08-03,801950,1529.48,1550.13,1524.22,1545.11,0.10709499,3.61096933
2016-08-04,801950,1545.47,1558.36,1525.87,1549.57,0.1412351,4.77654269
2016-08-05,801950,1549.57,1552.05,1526.5,1531.34,0.10740158,3.62598489
2016-08-08,801950,1535.01,1598.25,1519.28,1588.63,0.25789357,8.85373657
2016-08-09,801950,1571.99,1584.15,1566.08,1577.47,0.14685022,5.06417638
2016-08-10,801950,1577.45,1587.74,1565.09,1568.85,0.11307647,3.90626583
2016-08-11,801950,1569.6,1572.35,1534.03,1535.7,0.13855331,4.72894625
2016-08-12,801950,1535.13,1568.24,1532.89,1558.28,0.11634246,3.97108159
2016-08-15,801950,1569.35,1606.01,1560.76,1596.61,0.27539179,9.59881811
2016-08-16,801950,1605.38,1616.82,1596.05,1601.67,0.22449201,7.92807316
2016-08-17,801950,1601.67,1637.1,1590.99,1611.98,0.25745947,9.18198398
2016-08-18,801950,1608.06,1611.73,1587.73,1597.97,0.16304396,5.72128152
2016-08-19,801950,1598.59,1608.67,1584.25,1597.91,0.11997867,4.21228692
2016-08-22,801950,1597.1,1603.31,1569.43,1573.43,0.11782319,4.10563531
2016-08-23,801950,1571.1,1585.24,1562.64,1570.59,0.08431567,2.91869002
2016-08-24,801950,1571.0,1608.98,1568.78,1586.51,0.143945,5.05189927
2016-08-25,801950,1576.27,1577.08,1546.99,1558.6,0.15412627,5.27272128
2016-08-26,801950,1560.28,1589.3,1558.09,1574.19,0.15099663,5.26581407
2016-08-29,801950,1656.68,1658.71,1595.02,1598.82,0.33189971,12.27534688
2016-08-30,801950,1604.92,1679.86,1589.24,1642.46,0.41691028,15.59835439
2016-08-31,801950,1626.74,1639.38,1610.52,1626.93,0.22921566,8.42113883
2016-09-01,801950,1625.7,1649.51,1612.54,1614.23,0.1982416,7.21532581
2016-09-02,801950,1611.93,1620.36,1575.71,1587.04,0.17780092,6.27824092
2016-09-05,801950,1596.28,1605.55,1583.74,1590.74,0.11275113,4.00365429
2016-09-06,801950,1590.74,1600.25,1564.01,1598.8,0.14948521,5.19528174
2016-09-07,801950,1601.58,1615.34,1593.78,1596.48,0.15029057,5.33185699
2016-09-08,801950,1596.57,1602.71,1582.37,1590.19,0.10894815,3.8088987
2016-09-09,801950,1591.37,1603.55,1576.92,1578.28,0.1203372,4.19758484
2016-09-12,801950,1549.3,1561.04,1528.75,1532.91,0.17741613,6.02594683
2016-09-13,801950,1539.94,1552.84,1526.38,1545.32,0.10387516,3.51739072
2016-09-14,801950,1536.03,1544.79,1528.22,1535.27,0.09533399,3.23050244
2016-09-19,801950,1536.13,1546.06,1532.26,1539.2,0.10957977,3.67461132
2016-09-20,801950,1537.71,1541.89,1526.87,1529.04,0.0790143,2.64468044
2016-09-21,801950,1530.4,1538.18,1528.14,1531.68,0.06037339,2.0366039
2016-09-22,801950,1537.4,1543.87,1530.87,1532.39,0.08111705,2.72937929
2016-09-23,801950,1532.41,1535.42,1519.43,1520.42,0.0788378,2.63903482
2016-09-26,801950,1518.34,1518.54,1474.82,1476.54,0.13548965,4.41272855
2016-09-27,801950,1473.36,1495.9,1469.63,1490.27,0.09524659,3.08949099
2016-09-28,801950,1494.0,1504.39,1480.64,1498.1,0.09062956,2.9560524
2016-09-29,801950,1496.88,1502.87,1490.14,1491.36,0.06154311,2.02685972
2016-09-30,801950,1493.73,1508.76,1489.94,1501.17,0.07898779,2.58404594
2016-10-10,801950,1509.35,1532.26,1508.86,1529.72,0.1072762,3.57743203
2016-10-11,801950,1520.36,1535.93,1513.95,1529.32,0.04999948,1.62105365
2016-10-12,801950,1512.41,1531.44,1511.71,1528.5,0.03532769,1.14090183
2016-10-13,801950,1518.12,1533.28,1514.57,1531.36,0.04789251,1.55208013
2016-10-14,801950,1519.55,1534.91,1512.93,1529.93,0.05391589,1.74733931
2016-10-17,801950,1529.74,1544.09,1506.82,1520.96,0.0909855,2.95091218
2016-10-18,801950,1505.07,1526.75,1504.37,1525.85,0.05788188,1.85279561
2016-10-19,801950,1515.47,1535.32,1511.92,1527.89,0.07089562,2.2958613
2016-10-20,801950,1517.71,1531.65,1508.65,1523.2,0.04765316,1.53373787
2016-10-21,801950,1511.39,1528.59,1505.59,1523.61,0.05057793,1.62119067
2016-10-24,801950,1510.37,1531.85,1506.0,1529.72,0.08296842,2.67649362
2016-10-25,801950,1516.29,1530.63,1511.3,1527.48,0.04883289,1.57416411
2016-10-26,801950,1516.08,1529.41,1506.61,1519.94,0.06105029,1.95523206
2016-10-27,801950,1506.5,1523.7,1505.8,1520.75,0.04503129,1.43863931
2016-10-28,801950,1506.7,1526.35,1502.13,1515.45,0.0694017,2.21083875
2016-10-31,801950,1498.75,1517.99,1495.2,1515.25,0.04061261,1.28411956
2016-11-01,801950,1503.24,1519.82,1501.31,1518.1,0.03973583,1.26180229
2016-11-02,801950,1505.89,1524.1,1502.94,1516.06,0.06354311,2.02735196
2016-11-03,801950,1503.85,1524.92,1499.27,1519.73,0.07706573,2.45419911
2016-11-04,801950,1507.31,1523.9,1501.11,1515.65,0.0508748,1.618773
2016-11-07,801950,1503.85,1517.17,1497.44,1512.6,0.04037758,1.274112
2016-11-08,801950,1532.63,1567.98,1513.62,1527.15,0.25610236,9.04522019
2016-11-09,801950,1521.85,1536.91,1503.22,1521.48,0.17335446,5.8967587
2016-11-10,801950,1533.38,1537.92,1519.93,1528.75,0.1291185,4.38741751
2016-11-11,801950,1528.5,1540.65,1516.46,1535.97,0.1695702,5.7063655
2016-11-14,801950,1523.8,1540.66,1521.45,1531.67,0.16587171,5.57245922
2016-11-15,801950,1529.8,1533.66,1510.1,1520.07,0.16024877,5.42108041
2016-11-16,801950,1519.82,1526.15,1510.15,1512.07,0.13954534,4.68811054
2016-11-17,801950,1514.41,1520.12,1504.22,1513.83,0.10486569,3.47164281
2016-11-18,801950,1515.77,1523.21,1507.1,1508.96,0.10964159,3.65879747
2016-11-21,801950,1507.73,1524.21,1504.89,1511.38,0.12229058,4.03870406
2016-11-22,801950,1517.1,1521.68,1507.18,1517.36,0.13116073,4.36909397
2016-11-23,801950,1520.44,1578.41,1515.67,1556.28,0.48543731,16.32908617
2016-11-24,801950,1553.9,1554.15,1528.73,1530.99,0.24999449,8.40457043
2016-11-25,801950,1534.74,1554.84,1523.67,1543.23,0.22507794,7.58715106
2016-11-28,801950,1542.67,1556.67,1535.45,1543.15,0.1861822,6.31665112
2016-11-29,801950,1547.65,1573.37,1540.05,1550.21,0.31953769,10.94031665
2016-11-30,801950,1545.76,1555.2,1530.06,1539.28,0.20198467,6.80382316
2016-12-01,801950,1542.83,1551.48,1532.32,1541.85,0.15892626,5.36157208
2016-12-02,801950,1542.89,1561.84,1523.18,1523.88,0.22329059,7.54061047
2016-12-05,801950,1507.31,1558.31,1501.96,1530.62,0.21409057,7.20622461
2016-12-06,801950,1535.05,1543.11,1515.25,1517.72,0.13133892,4.3979892
2016-12-07,801950,1522.68,1538.7,1515.73,1532.08,0.18868899,6.32697173
2016-12-08,801950,1535.51,1539.56,1510.85,1512.87,0.17701716,5.93429033
2016-12-09,801950,1508.75,1519.2,1482.96,1492.07,0.21665662,7.16998993
2016-12-12,801950,1495.66,1508.19,1426.62,1436.71,0.2573631,8.2842352
2016-12-13,801950,1434.92,1455.32,1420.14,1442.29,0.17038812,5.36605348
2016-12-14,801950,1445.96,1508.13,1417.67,1463.64,0.2948177,9.53016762
2016-12-15,801950,1449.67,1506.16,1444.65,1476.82,0.25138844,8.27592774
2016-12-16,801950,1472.27,1478.34,1454.33,1465.24,0.13858696,4.47518479
2016-12-19,801950,1466.94,1477.64,1455.93,1463.73,0.0995128,3.19474379
2016-12-20,801950,1465.22,1469.97,1440.53,1450.21,0.11718151,3.74120781
2016-12-21,801950,1453.06,1480.52,1449.04,1467.8,0.20280188,6.50225215
2016-12-22,801950,1469.09,1490.98,1462.33,1474.87,0.19779577,6.38475587
2016-12-23,801950,1470.26,1485.49,1460.08,1464.62,0.12958939,4.18249744
2016-12-26,801950,1453.27,1470.74,1437.07,1467.62,0.11996559,3.83441327
2016-12-27,801950,1462.24,1468.24,1453.99,1458.11,0.09128674,2.92869972
2016-12-28,801950,1459.78,1475.09,1449.48,1451.25,0.09944347,3.19762923
2016-12-29,801950,1452.22,1460.97,1445.43,1447.87,0.07308527,2.33275789
2016-12-30,801950,1448.73,1458.88,1442.76,1450.14,0.09131723,2.92279447
2017-01-03,801950,1449.58,1491.66,1449.58,1483.18,0.1540504,5.01567031
2017-01-04,801950,1483.94,1490.23,1474.04,1486.73,0.1333395,4.3474706
2017-01-05,801950,1488.36,1521.18,1480.74,1501.33,0.274704,9.09204325
2017-01-06,801950,1509.5,1516.65,1490.19,1496.38,0.17271011,5.685512
2017-01-09,801950,1499.14,1560.26,1492.57,1548.72,0.41989505,14.10048529
2017-01-10,801950,1548.88,1548.88,1519.46,1523.48,0.25904265,8.67357142
2017-01-11,801950,1526.21,1545.3,1506.44,1514.63,0.2291503,7.67873479
2017-01-12,801950,1508.87,1520.38,1488.31,1491.97,0.15731727,5.19446645
2017-01-13,801950,1489.8,1509.89,1482.42,1497.28,0.1574694,5.18003809
2017-01-16,801950,1490.39,1511.91,1448.2,1503.4,0.25754531,8.39674721
2017-01-17,801950,1489.93,1522.17,1489.32,1518.47,0.16568832,5.48537096
2017-01-18,801950,1507.98,1521.75,1500.53,1504.06,0.10894961,3.60501853
2017-01-19,801950,1500.84,1511.2,1489.0,1492.62,0.10381283,3.4101246
2017-01-20,801950,1491.76,1512.69,1489.45,1511.21,0.11113732,3.67078336
