,cumulative_return_pct
2013-12-17,0.07272577148196291
2013-12-18,0.0680889192463896
2013-12-19,-0.07885410734191911
2013-12-20,-0.3327833997241014
2013-12-23,-0.13392798756588498
2013-12-24,-0.12518801529765033
2013-12-25,-0.07658535122530008
2013-12-26,-0.11305990598516891
2013-12-27,0.028126419425045235
2013-12-30,0.004575274334750468
2013-12-31,-0.00026249797119293206
2014-01-02,0.1329626652660787
2014-01-03,0.0770389105181346
2014-01-06,0.01032349949128264
2014-01-07,-0.02262068263345629
2014-01-08,-0.07629285275679853
2014-01-09,-0.11490310631845357
2014-01-10,-0.056020899882791575
2014-01-13,-0.027164841794058425
2014-01-14,0.017393917819896743
2014-01-15,-0.01411290804160803
2014-01-16,0.0011066745765786479
2014-01-17,-0.04541511145194077
2014-01-20,0.036787335063603877
2014-01-21,0.11169852494423704
2014-01-22,0.1443904679329311
2014-01-23,0.028650408105268532
2014-01-24,0.07901716328344577
2014-01-27,0.09095280428481622
2014-01-28,-0.06420527465119674
2014-01-29,-0.07447432489209316
2014-01-30,-0.039856155944961724
2014-01-31,-0.06146855096581527
2014-02-03,-0.13841000137573278
2014-02-04,-0.2108175358520925
2014-02-05,-0.23758947610375003
2014-02-06,-0.17252532237422846
2014-02-07,0.011548809571304552
2014-02-10,0.2344585398645238
2014-02-11,0.4592537953260978
2014-02-12,0.5440342392377229
2014-02-13,0.5741711280622397
2014-02-14,0.8622312784472674
2014-02-17,1.1407395414343435
2014-02-18,0.9847565139308401
2014-02-19,1.0561390044563135
2014-02-20,0.9970916658604168
2014-02-21,1.0473644995920628
2014-02-24,1.0558049897196664
2014-02-25,0.9974179953222251
2014-02-26,1.1476688911176813
2014-02-27,1.0544881618016255
2014-02-28,1.2381430657750991
2014-03-03,1.3076922528371782
2014-03-04,1.3418063441323458
2014-03-05,1.2454598381159254
2014-03-06,1.270107906909712
2014-03-07,1.364807326801598
2014-03-10,1.0729835707861346
2014-03-11,1.1387441584103541
2014-03-12,1.2391929579822714
2014-03-13,1.2670525882754635
2014-03-14,1.2423378943161145
2014-03-17,1.4401839595146404
2014-03-18,1.3406873147763454
2014-03-19,1.3010291004403651
2014-03-20,1.0741986167791762
2014-03-21,1.231794090838112
2014-03-24,1.3076235961825944
2014-03-25,1.1953858881821766
2014-03-26,1.1827742220760662
2014-03-27,1.1301498482991335
2014-03-28,1.1013782614115897
2014-03-31,1.1740582495168184
2014-04-01,1.2025514984471908
2014-04-02,1.2752084125886132
2014-04-03,1.3207203117495903
2014-04-04,1.2721808566682924
2014-04-07,1.2157006464633247
2014-04-08,1.5699498887923546
2014-04-09,1.6165325822712795
2014-04-10,1.6935267610559634
2014-04-11,1.7133630743281225
2014-04-14,1.8356803188917636
2014-04-15,1.6493614566667647
2014-04-16,1.625616660552942
2014-04-17,1.5695240490438467
2014-04-18,1.6244012103843186
2014-04-21,1.5906336489013961
2014-04-22,1.627051023479309
2014-04-23,1.5504761369443676
2014-04-24,1.5940930238574902
2014-04-25,1.590800058112074
2014-04-28,1.630193326925955
2014-04-29,1.6802845290482704
2014-04-30,1.6534236045260942
2014-05-01,1.6529379513096076
2014-05-02,1.6677066914549066
2014-05-05,1.7917831205566337
2014-05-06,1.803746260459449
2014-05-07,1.737093198767914
2014-05-08,1.6528990668744248
2014-05-09,1.7026584647272136
2014-05-12,1.9136956210463074
2014-05-13,1.98509637132267
2014-05-14,2.027005675364868
2014-05-15,2.015357674097684
2014-05-16,1.9707327195563673
2014-05-19,1.953477926463676
2014-05-20,1.9779569782988116
2014-05-21,2.0887969501541592
2014-05-22,2.143828128062175
2014-05-23,2.136231471639216
2014-05-26,2.237195508052392
2014-05-27,2.2252878581458635
2014-05-28,2.2045421128161324
2014-05-29,2.113652744066452
2014-05-30,2.1631460936684332
2014-06-02,2.1656237156729707
2014-06-03,2.176827985399754
2014-06-04,2.1559106858910937
2014-06-05,2.2123807813971164
2014-06-06,2.310008908271799
2014-06-09,2.3441253462276546
2014-06-10,2.4711936796305567
2014-06-11,2.467230064787551
2014-06-12,2.4155551806447573
2014-06-13,2.565675253491162
2014-06-16,2.684211816671289
2014-06-17,2.559899926045217
2014-06-18,2.570610670083706
2014-06-19,2.6061043749166624
2014-06-20,2.922283316321428
2014-06-23,2.9418663073831564
2014-06-24,2.9354883203782434
2014-06-25,2.975875034058184
2014-06-26,3.049348117402606
2014-06-27,3.0405081137919288
2014-06-30,3.062003287818027
2014-07-01,3.139907790431762
2014-07-02,3.236638935012115
2014-07-03,3.2396291016675294
2014-07-04,3.235798858191674
2014-07-07,3.192211451063809
2014-07-08,3.2265028820829045
2014-07-09,3.2162642404254482
2014-07-10,3.2626373875165537
2014-07-11,3.2809277560957417
2014-07-14,3.3078317525131906
2014-07-15,3.2802591753444688
2014-07-16,3.2028013353395446
2014-07-17,3.2141161921640293
2014-07-18,3.2895221116301165
2014-07-21,3.2982724680405973
2014-07-22,3.446633640240604
2014-07-23,3.404593677716372
2014-07-24,3.3873176446614472
2014-07-25,3.5404632651981904
2014-07-28,3.671080662927162
2014-07-29,3.7495779567788157
2014-07-30,3.700057887887964
2014-07-31,3.7847158380323265
2014-08-01,3.6263989622561166
2014-08-04,3.8058622020225696
2014-08-05,3.776590588720863
2014-08-06,3.776428931380371
2014-08-07,3.720453955022074
2014-08-08,3.933089972084902
2014-08-11,3.972189284250627
2014-08-12,3.937037412707567
2014-08-13,4.0296490487890635
2014-08-14,4.016862343975136
2014-08-15,4.100332522139016
2014-08-18,4.160246190759431
2014-08-19,4.1812783477898074
2014-08-20,4.194332442519899
2014-08-21,4.162599341675888
2014-08-22,4.166505497848538
2014-08-25,4.194693318418796
2014-08-26,4.149145924024
2014-08-27,4.1787778060836445
2014-08-28,4.136052622375996
2014-08-29,4.189999530435928
2014-09-01,4.276287908331855
2014-09-02,4.327435660504753
2014-09-03,4.388129511516903
2014-09-04,4.490050940156309
2014-09-05,4.488796224769098
2014-09-08,4.471211070372116
2014-09-09,4.401293704333087
2014-09-10,4.369066111533448
2014-09-11,4.340532423017773
2014-09-12,4.258318098946212
2014-09-15,4.246762298745743
2014-09-16,4.184747948570866
2014-09-17,4.174613691595641
2014-09-18,4.088199266534298
2014-09-19,4.194598893323476
2014-09-22,3.9335070632418256
2014-09-23,3.985528815409878
2014-09-24,4.137993415916852
2014-09-25,4.018718434781587
2014-09-26,4.1226862141526155
2014-09-29,4.1588400956034555
2014-09-30,4.153553933196208
2014-10-01,4.107250374289673
2014-10-02,4.107268205468828
2014-10-03,4.165654465472124
2014-10-06,4.197720332105281
2014-10-07,4.160738844627643
2014-10-08,4.320869179172382
2014-10-09,4.357889096790446
2014-10-10,4.2165929142521374
2014-10-13,4.2288958150201506
2014-10-14,4.242534224804895
2014-10-15,4.23616303283445
2014-10-16,4.263898335481109
2014-10-17,4.326457396984962
2014-10-20,4.488747370085777
2014-10-21,4.636391292626962
2014-10-22,4.674668304653018
2014-10-23,4.615226237340608
2014-10-24,4.574685891643582
2014-10-27,4.628089226199661
2014-10-28,4.850083297828167
2014-10-29,4.948945070320443
2014-10-30,4.943658965286013
2014-10-31,4.9507344479045035
2014-11-03,4.88895522946462
2014-11-04,4.87790866649076
2014-11-05,4.696864533285572
2014-11-06,4.6667580590869395
2014-11-07,4.713981198450945
2014-11-10,5.132139878170183
2014-11-11,5.140158731837574
2014-11-12,5.345112798564533
2014-11-13,5.340451216913467
2014-11-14,5.3336697034121805
2014-11-17,5.510197574069187
2014-11-18,5.463186586521762
2014-11-19,5.5073963152188155
2014-11-20,5.512403944186017
2014-11-21,5.633843284597728
2014-11-24,5.872776687821402
2014-11-25,5.933267013196586
2014-11-26,6.082463587427878
2014-11-27,6.130673409277665
2014-11-28,6.176742867132012
2014-12-01,5.945208101014932
2014-12-02,6.543951691080907
2014-12-03,6.838294318323257
2014-12-04,6.810225480762311
2014-12-05,6.749259795052298
2014-12-08,6.795607434256312
2014-12-09,6.571142338392377
2014-12-10,6.894634446743497
2014-12-11,6.757079857763437
2014-12-12,6.675260908825087
2014-12-15,6.657799088618321
2014-12-16,6.454029147081197
2014-12-17,6.575827283592384
2014-12-18,6.739415311724306
2014-12-19,6.7928012668825755
2014-12-22,6.860341129766945
2014-12-23,6.586522168057729
2014-12-24,6.540908280128455
2014-12-25,6.7272728569268025
2014-12-26,6.95655567184843
2014-12-29,7.135134368402607
2014-12-30,7.057791334689734
2014-12-31,7.171471389653772
2015-01-02,7.208308912439598
2015-01-05,7.325135357397294
2015-01-06,7.350010140682861
2015-01-07,7.560236520886909
2015-01-08,7.471211669006372
2015-01-09,7.483109410165301
2015-01-12,7.618651129265119
2015-01-13,7.7265344797644575
2015-01-14,7.642698352860844
2015-01-15,7.77582239203416
2015-01-16,8.134527274633374
2015-01-19,8.10628759813965
2015-01-20,8.211497362374764
2015-01-21,8.751449763567631
2015-01-22,8.616461068605453
2015-01-23,8.717334429563994
2015-01-26,8.83687968074327
2015-01-27,8.676949596330875
2015-01-28,8.652497819574778
2015-01-29,8.562705477010368
2015-01-30,8.29471435051714
2015-02-02,8.515228423324817
2015-02-03,8.609463376284253
2015-02-04,8.496601301918227
2015-02-05,8.591531215185366
2015-02-06,8.50170848705325
2015-02-09,8.343151136862414
2015-02-10,8.439704362535094
2015-02-11,8.419695643012016
2015-02-12,8.425350388107944
2015-02-13,8.643847894790714
2015-02-16,8.756464670835683
2015-02-17,8.79772511526047
2015-02-18,8.80348519903138
2015-02-19,8.799631267180729
2015-02-20,8.821782133369194
2015-02-23,8.821365446485018
2015-02-24,8.818675540334532
2015-02-25,8.77991649517389
2015-02-26,8.899957175844797
2015-02-27,8.888898117860734
2015-03-02,9.082697231370584
2015-03-03,8.87175129119042
2015-03-04,8.84074938345858
2015-03-05,8.735141926896839
2015-03-06,8.63205287795019
2015-03-09,8.50602317926812
2015-03-10,8.294173372509238
2015-03-11,8.299496823654785
2015-03-12,8.40624777229555
2015-03-13,8.440217902339153
2015-03-16,8.687389459009797
2015-03-17,8.730331946155378
2015-03-18,8.815411993959366
2015-03-19,8.929091546305902
2015-03-20,8.990612798035102
2015-03-23,9.144017950297556
2015-03-24,9.165577843148531
2015-03-25,9.090932516930984
2015-03-26,9.207735079076418
2015-03-27,9.243189211999624
2015-03-30,9.357560747162296
2015-03-31,9.207711387232752
2015-04-01,9.339715719462639
2015-04-02,9.495458254417288
2015-04-03,9.524213387937653
2015-04-06,9.548261244990751
2015-04-07,9.765089248107595
2015-04-08,9.917279290466507
2015-04-09,9.884131705727462
2015-04-10,10.057205309820061
2015-04-13,10.290234424849377
2015-04-14,10.18270852793799
2015-04-15,10.047222364651498
2015-04-16,10.349614532663121
2015-04-17,10.386863944242242
2015-04-20,10.41920344104479
2015-04-21,10.58815076037083
2015-04-22,10.782473278279348
2015-04-23,10.664279331159253
2015-04-24,10.69592061967466
2015-04-27,10.834865455195452
2015-04-28,10.926701490850622
2015-04-29,10.987953863598365
2015-04-30,10.887360618337215
2015-05-01,10.927515750810034
2015-05-04,10.880825341790556
2015-05-05,10.603764590115738
2015-05-06,10.58939113097679
2015-05-07,10.434624646503687
2015-05-08,10.740086266849636
2015-05-11,10.901735078018348
2015-05-12,10.972204528844266
2015-05-13,10.99729924522772
2015-05-14,11.131074364756888
2015-05-15,11.190797488020166
2015-05-18,11.353875288265902
2015-05-19,11.450176254393153
2015-05-20,11.293367314005053
2015-05-21,11.418690305433298
2015-05-22,11.634665844003678
2015-05-25,11.755242578902125
2015-05-26,11.803353971569063
2015-05-27,11.746537221841734
2015-05-28,11.345562545899313
2015-05-29,11.281295316135909
2015-06-01,11.556439838355882
2015-06-02,11.559598504066715
2015-06-03,11.59137342814336
2015-06-04,11.514744849338099
2015-06-05,11.56208656943929
2015-06-08,11.719390915325656
2015-06-09,11.606565324095275
2015-06-10,11.649053783129236
2015-06-11,11.707339370986514
2015-06-12,11.743621045567343
2015-06-15,11.602367152675797
2015-06-16,11.464026280704754
2015-06-17,11.53773922517467
2015-06-18,11.416463440223112
2015-06-19,11.28340015046565
2015-06-22,11.35048224343318
2015-06-23,11.522878685872694
2015-06-24,11.569165785435453
2015-06-25,11.42859812652144
2015-06-26,11.010641350845617
2015-06-29,10.833631733081916
2015-06-30,11.041416232329325
2015-07-01,10.8832354577048
2015-07-02,10.66896436306033
2015-07-03,10.339512883916434
2015-07-06,10.504836790900685
2015-07-07,10.397088506018083
2015-07-08,9.468076965534756
2015-07-09,9.982502600846455
2015-07-10,10.46975025145147
2015-07-13,10.697080041442497
2015-07-14,10.615421437309891
2015-07-15,10.465504434255868
2015-07-16,10.53157462473575
2015-07-17,10.717736104661778
2015-07-20,10.624169579670738
2015-07-21,10.592755259263487
2015-07-22,10.46955334992603
2015-07-23,10.602925213033277
2015-07-24,10.34153094789303
2015-07-27,9.983519730601142
2015-07-28,10.044393760417393
2015-07-29,10.254367955082921
2015-07-30,10.084716598662302
2015-07-31,10.02691384670744
2015-08-03,10.12320697245932
2015-08-04,10.201638674263048
2015-08-05,10.19166610242026
2015-08-06,10.157035199044696
2015-08-07,10.321281030496255
2015-08-10,10.619086564129354
2015-08-11,10.816979413720507
2015-08-12,11.113869559127787
2015-08-13,11.087038757969637
2015-08-14,11.035852830444703
2015-08-17,11.11716725644174
2015-08-18,10.870925204202809
2015-08-19,10.864371648644955
2015-08-20,10.832559806298715
2015-08-21,10.74852740073451
2015-08-24,10.023409964114883
2015-08-25,9.65532765906827
2015-08-26,9.634732119605083
2015-08-27,9.950117100326384
2015-08-28,10.143161923422683
2015-08-31,10.216771009974268
2015-09-01,10.180259292477633
2015-09-02,10.202177010780389
2015-09-03,10.206453243455593
2015-09-04,10.133113283041716
2015-09-07,9.82821299112009
2015-09-08,10.123984438925504
2015-09-09,10.353690786915305
2015-09-10,10.129256490231263
2015-09-11,10.15564886978555
2015-09-14,10.120917404368157
2015-09-15,10.005106148164877
2015-09-16,10.292289479085781
2015-09-17,10.363772920668524
2015-09-18,10.428069617097924
2015-09-21,10.623132936497548
2015-09-22,10.582892147420363
2015-09-23,10.390993157753892
2015-09-24,10.444279442553196
2015-09-25,10.505291991932753
2015-09-28,10.388042106207852
2015-09-29,10.084112285464041
2015-09-30,10.235127339741478
2015-10-01,10.242373395440962
2015-10-02,10.409109285592999
2015-10-05,10.534958227725255
2015-10-06,10.517854198068989
2015-10-07,10.66101053464088
2015-10-08,10.996574779622392
2015-10-09,11.135251184471539
2015-10-12,11.510652796020459
2015-10-13,11.429168368049769
2015-10-14,11.556662611828617
2015-10-15,11.87694110365678
2015-10-16,11.945239501457428
2015-10-19,11.955165441925587
2015-10-20,12.00734745956149
2015-10-21,11.929284437905618
2015-10-22,11.987893336340228
2015-10-23,12.216501870912033
2015-10-26,12.195606386987045
2015-10-27,12.260730458473756
2015-10-28,12.293902088179486
2015-10-29,12.204347416912942
2015-10-30,12.020844402824359
2015-11-02,11.938175687454166
2015-11-03,11.938839586079997
2015-11-04,12.027646647136269
2015-11-05,11.991631582344887
2015-11-06,12.065511511379
2015-11-09,11.894223669724969
2015-11-10,11.849024659276463
2015-11-11,11.837031031070634
2015-11-12,11.800782600298799
2015-11-13,11.559542714547177
2015-11-16,11.751849507151647
2015-11-17,11.622924078642892
2015-11-18,11.55195822174635
2015-11-19,11.743692531836714
2015-11-20,11.873587545907306
2015-11-23,11.76306940073626
2015-11-24,11.757235112833154
2015-11-25,11.863933510871094
2015-11-26,11.8500526527346
2015-11-27,11.465636619100072
2015-11-30,11.385089722719567
2015-12-01,11.716033498506494
2015-12-02,11.796414274467448
2015-12-03,11.655711921104306
2015-12-04,11.75616815991145
2015-12-07,11.987138903144047
2015-12-08,11.783140307679506
2015-12-09,11.828956111002409
2015-12-10,11.818138770727815
2015-12-11,11.698955780610397
2015-12-14,11.900012413471405
2015-12-15,11.884178261243061
2015-12-16,12.00437340847602
2015-12-17,12.083530256614395
2015-12-18,11.994218372190923
2015-12-21,12.382604672125975
2015-12-22,12.520783768973764
2015-12-23,12.595847985293563
2015-12-24,12.61408649847815
2015-12-25,12.68350402158378
2015-12-28,12.58850096648574
2015-12-29,12.737898434464622
2015-12-30,12.712040541220704
2015-12-31,12.563206199671505
2016-01-04,12.219222430730191
2016-01-05,12.418385495343465
2016-01-06,12.5085070904843
2016-01-07,12.2011468118836
2016-01-08,12.363800068631514
2016-01-11,12.168430820609345
2016-01-12,12.132597003792277
2016-01-13,11.983256505232397
2016-01-14,12.228054898290509
2016-01-15,11.933974441837393
2016-01-18,11.930660391502833
2016-01-19,12.114484789435753
2016-01-20,11.921027983729381
2016-01-21,11.913777102438662
2016-01-22,12.099748863067216
2016-01-25,12.139844533597998
2016-01-26,12.05980845372463
2016-01-27,12.007340469149419
2016-01-28,11.939213546691917
2016-01-29,12.238570526739956
2016-02-01,12.320850099798308
2016-02-02,12.350977187137202
2016-02-03,12.287530224495535
2016-02-04,12.507406399860145
2016-02-05,12.56920792932652
2016-02-08,12.51577866888136
2016-02-09,12.513288877835338
2016-02-10,12.512580114210014
2016-02-11,12.318960824868675
2016-02-12,12.345382214428845
2016-02-15,13.021578281684887
2016-02-16,13.107765330293276
2016-02-17,13.254980853031096
2016-02-18,13.30622444187195
2016-02-19,13.493722953441045
2016-02-22,13.627981672004431
2016-02-23,13.56407515158744
2016-02-24,13.682650768980853
2016-02-25,13.654224893206269
2016-02-26,13.734371645508325
2016-02-29,13.449441811888407
2016-03-01,13.837911121130508
2016-03-02,14.026180558623501
2016-03-03,14.135090507393254
2016-03-04,14.430009644338494
2016-03-07,14.484239724335302
2016-03-08,14.481097195605708
2016-03-09,14.356625850562521
2016-03-10,14.240216051317311
2016-03-11,14.543422754458923
2016-03-14,14.583998595156933
2016-03-15,14.351008443524726
2016-03-16,14.49288882801496
2016-03-17,14.785692659996563
2016-03-18,14.915042569045722
2016-03-21,14.909717548656909
2016-03-22,14.9805473885807
2016-03-23,14.902410962132496
2016-03-24,14.651194918668399
2016-03-25,14.727843096262117
2016-03-28,14.677002589641708
2016-03-29,14.742532796468133
2016-03-30,15.036448434134918
2016-03-31,14.947904585943794
2016-04-01,14.991716573231905
2016-04-04,14.979399391925208
2016-04-05,14.914874113809784
2016-04-06,14.97725066991411
2016-04-07,14.88003257955899
2016-04-08,15.006349695097775
2016-04-11,15.176030392095786
2016-04-12,15.262406795304262
2016-04-13,15.404541177547815
2016-04-14,15.354640382280472
2016-04-15,15.327774661434844
2016-04-18,15.30538650490454
2016-04-19,15.46217481117267
2016-04-20,15.411117785891548
2016-04-21,15.581981661793698
2016-04-22,15.382073968459299
2016-04-25,15.22337913297973
2016-04-26,15.255489803792255
2016-04-27,15.375075780626846
2016-04-28,15.39458164391867
2016-04-29,15.508670778394062
2016-05-02,15.53862473016887
2016-05-03,15.726681102042384
2016-05-04,15.608641158268277
2016-05-05,15.589719382494094
2016-05-06,15.448790784646228
2016-05-09,15.407293854142123
2016-05-10,15.413556993687028
2016-05-11,15.428051498875828
2016-05-12,15.394168613991654
2016-05-13,15.409384252861447
2016-05-16,15.595165986669702
2016-05-17,15.545566084971863
2016-05-18,15.462472686032424
2016-05-19,15.243743205994399
2016-05-20,15.330008147415231
2016-05-23,15.326150318921794
2016-05-24,15.2993341204003
2016-05-25,15.239904057114728
2016-05-26,15.321622903738819
2016-05-27,15.302822788205717
2016-05-30,15.231018729378064
2016-05-31,15.479690381706623
2016-06-01,15.505118900624048
2016-06-02,15.55190673556266
2016-06-03,15.550133624722795
2016-06-06,15.813615811235726
2016-06-07,15.900611534850917
2016-06-08,15.98268123770261
2016-06-09,15.976034768714031
2016-06-10,15.893791306086925
2016-06-13,16.026875340373614
2016-06-14,15.973679906751936
2016-06-15,16.113912059136414
2016-06-16,16.225051246489365
2016-06-17,16.00920449346741
2016-06-20,16.20375889721899
2016-06-21,16.215158453892407
2016-06-22,16.137997822377326
2016-06-23,16.209068742142605
2016-06-24,16.4197929567935
2016-06-27,16.56705862597454
2016-06-28,16.572712989670556
2016-06-29,16.783614420957505
2016-06-30,16.872891566363492
2016-07-01,17.092719443705718
2016-07-04,17.41614316234099
2016-07-05,17.284489552164416
2016-07-06,17.533789180014292
2016-07-07,17.575010305781326
2016-07-08,17.5291135170778
2016-07-11,17.73778810300901
2016-07-12,17.85944719552035
2016-07-13,17.78740042346991
2016-07-14,17.77261304196156
2016-07-15,17.802542548043366
2016-07-18,17.821554907285787
2016-07-19,17.85501254589439
2016-07-20,17.884066975855983
2016-07-21,17.804593299676874
2016-07-22,17.871232522049475
2016-07-25,17.83857221421532
2016-07-26,17.94251068542698
2016-07-27,17.914248292009027
2016-07-28,18.11257767151386
2016-07-29,18.014419616867915
2016-08-01,18.151453215264368
2016-08-02,18.230526657733193
2016-08-03,18.27240680524691
2016-08-04,18.209954104403646
2016-08-05,18.45342900777962
2016-08-08,18.362516171330046
2016-08-09,18.440344281041575
2016-08-10,18.62272566148986
2016-08-11,18.56173895180806
2016-08-12,18.697136166924434
2016-08-15,18.903392326678613
2016-08-16,18.941393395226736
2016-08-17,18.866789011863272
2016-08-18,18.98992204499821
2016-08-19,18.981544877340472
2016-08-22,18.870505487727527
2016-08-23,18.913976277628187
2016-08-24,18.86182028946779
2016-08-25,18.754254463355167
2016-08-26,18.784881766643167
2016-08-29,18.773778521277862
2016-08-30,18.829827106422382
2016-08-31,18.78789443916058
2016-09-01,18.75513881467119
2016-09-02,18.84508645318912
2016-09-05,19.069308189879507
2016-09-06,19.147286581119417
2016-09-07,19.29500606383281
2016-09-08,19.32377061821928
2016-09-09,19.184517507812558
2016-09-12,18.991535051784147
2016-09-13,18.950435348172444
2016-09-14,18.87694079233746
2016-09-15,18.941488732697366
2016-09-16,18.926504554672952
2016-09-19,18.95801074391723
2016-09-20,18.98868623811918
2016-09-21,19.115726083231287
2016-09-22,19.28176920600986
2016-09-23,19.26699775372891
2016-09-26,19.14240396875515
2016-09-27,19.231149099099664
2016-09-28,19.178735257383718
2016-09-29,19.183009712849852
2016-09-30,19.216911481676014
2016-10-03,19.252635709286416
2016-10-04,19.250547718250854
2016-10-05,19.28414614288605
2016-10-06,19.313409902868827
2016-10-07,19.28369707872106
2016-10-10,19.025491562812036
2016-10-11,18.91137055665162
2016-10-12,18.85808370761326
2016-10-13,18.848287499403792
2016-10-14,18.886870727103734
2016-10-17,18.87244972861597
2016-10-18,19.081166409377648
2016-10-19,19.15638389392913
2016-10-20,19.317409258589425
2016-10-21,19.32434329221595
2016-10-24,19.494863886956114
2016-10-25,19.510908829385976
2016-10-26,19.50941001172424
2016-10-27,19.41226162054437
2016-10-28,19.396591742255254
2016-10-31,19.46531297763896
2016-11-01,19.549539386255766
2016-11-02,19.54615041132728
2016-11-03,19.580191847079288
2016-11-04,19.479601361742272
2016-11-07,19.558700573652455
2016-11-08,19.660911211927367
2016-11-09,19.936001109170398
2016-11-10,19.81801593121826
2016-11-11,19.627202081874316
2016-11-14,19.222114290331206
2016-11-15,19.38114170452121
2016-11-16,19.455263613999918
2016-11-17,19.37959770427069
2016-11-18,19.23895598145926
2016-11-21,19.428584411843318
2016-11-22,19.542144606872824
2016-11-23,19.577138810237727
2016-11-24,19.4499059801323
2016-11-25,19.421567893442337
2016-11-28,19.550583133635403
2016-11-29,19.490178753072172
2016-11-30,19.33066137302648
2016-12-01,19.288066624969225
2016-12-02,19.190469424357936
2016-12-05,19.161088959526438
2016-12-06,19.11708708597526
2016-12-07,19.192726809470372
2016-12-08,19.30084843488227
2016-12-09,19.300164064114323
2016-12-12,19.01366378276963
2016-12-13,19.03290896936529
2016-12-14,18.985383740577323
2016-12-15,18.63910693608355
2016-12-16,18.554766664626055
2016-12-19,18.570667346336034
2016-12-20,18.425582143423313
2016-12-21,18.427313685610546
2016-12-22,18.375021750478805
2016-12-23,18.36703586595092
2016-12-26,18.46014071373161
2016-12-27,18.440692721362197
2016-12-28,18.384416519515124
2016-12-29,18.477733544384467
2016-12-30,18.640191932137107
2017-01-03,18.703713500428876
2017-01-04,18.7827396027078
2017-01-05,18.829714570457902
2017-01-06,18.834125973348016
2017-01-09,18.928499904410543
2017-01-10,19.05910546598495
2017-01-11,19.08209950055828
2017-01-12,19.089397400447638
2017-01-13,19.06702571442316
2017-01-16,19.154729644236944
2017-01-17,19.21767554654048
2017-01-18,19.250283665930446
2017-01-19,19.068736459212985
2017-01-20,19.132444010627104
2017-01-23,19.196539648788757
2017-01-24,19.232206449168586
2017-01-25,19.191208742667687
2017-01-26,19.20117910477599
2017-01-27,19.19545799479949
2017-01-30,19.171509020023557
2017-01-31,19.167972026135804
2017-02-01,19.161942606703718
2017-02-02,19.14133799896589
2017-02-03,19.36428092078277
2017-02-06,19.517653686422086
2017-02-07,19.572131027135065
2017-02-08,19.618698370661214
2017-02-09,19.732633076798912
2017-02-10,19.656125762817723
2017-02-13,19.79977147627674
2017-02-14,19.77396942347458
2017-02-15,19.767109523084248
2017-02-16,19.85717761650847
2017-02-17,19.889768404259158
2017-02-20,19.995812728979324
2017-02-21,20.020983882906606
2017-02-22,20.077832956427798
2017-02-23,20.056532774708913
2017-02-24,20.21882595445108
2017-02-27,20.242195321419267
2017-02-28,20.194052551568788
2017-03-01,20.175351961493426
2017-03-02,20.127898425473887
2017-03-03,19.995180111622048
2017-03-06,20.045831421415027
2017-03-07,20.036528085736904
2017-03-08,19.969603775487997
2017-03-09,19.81542896673134
2017-03-10,19.74557730133524
2017-03-13,19.942299538270845
2017-03-14,19.884082249154144
2017-03-15,19.92757538349601
2017-03-16,20.189153673356962
2017-03-17,20.119122153797054
2017-03-20,20.22478872552742
2017-03-21,20.143185484814484
2017-03-22,20.20561098295699
2017-03-23,20.22335612738495
2017-03-24,20.241664067918897
2017-03-27,20.36646997150533
2017-03-28,20.37201512272557
2017-03-29,20.3683963930966
2017-03-30,20.343776660982815
2017-03-31,20.239781244451404
2017-04-03,20.25803262000394
2017-04-04,20.2602751940973
2017-04-05,20.500062143852848
2017-04-06,20.514808218856693
2017-04-07,20.633743852813737
2017-04-10,20.606167506895968
2017-04-11,20.583763461305193
2017-04-12,20.72787113578023
2017-04-13,20.78646046056072
2017-04-14,20.76533202727926
2017-04-17,20.78608284919703
2017-04-18,20.68285716047118
2017-04-19,20.618264573201394
2017-04-20,20.675324706459296
2017-04-21,20.662919309568007
2017-04-24,20.643804582402137
2017-04-25,20.725263700388297
2017-04-26,20.697040849905424
2017-04-27,20.7201834943183
2017-04-28,20.728336246845224
2017-05-01,20.73530122004481
2017-05-02,20.685052320239738
2017-05-03,20.63557103693221
2017-05-04,20.424790695163143
2017-05-05,20.376658115412827
2017-05-08,20.331739021830764
2017-05-09,20.332527673056155
2017-05-10,20.221039220053406
2017-05-11,20.237150500491573
2017-05-12,20.285930199202042
2017-05-15,20.345289584134886
2017-05-16,20.4339678256364
2017-05-17,20.334777663366577
2017-05-18,20.413214222826824
2017-05-19,20.38809426976953
2017-05-22,20.463657745026364
2017-05-23,20.530322954812164
2017-05-24,20.404322929682415
2017-05-25,20.55222011419864
2017-05-26,20.53780796824598
2017-05-29,20.54756853133368
2017-05-30,20.542725388079397
2017-05-31,20.58568093848492
2017-06-01,20.631470035042575
2017-06-02,20.643814263636706
2017-06-05,20.786635794855023
2017-06-06,20.861351532123717
2017-06-07,20.94312058864718
2017-06-08,20.951947813785065
2017-06-09,20.811811635593646
2017-06-12,20.75378483764887
2017-06-13,20.807938629100153
2017-06-14,20.792679690378925
2017-06-15,20.63655666301716
2017-06-16,20.669142275655705
2017-06-19,20.79412056926295
2017-06-20,20.723744739143648
2017-06-21,20.760015737103465
2017-06-22,20.82058774822162
2017-06-23,20.894506469489805
2017-06-26,20.98199207870546
2017-06-27,20.90191256397418
2017-06-28,20.908855231393897
2017-06-29,20.909217758514732
2017-06-30,20.808896556346635
2017-07-03,20.79544848087922
2017-07-04,20.58404331682391
2017-07-05,20.663789381990515
2017-07-06,20.634471138845157
2017-07-07,20.63381942199729
2017-07-10,20.509056058268204
2017-07-11,20.63529183970583
2017-07-12,20.718626636761783
2017-07-13,20.821252950300707
2017-07-14,20.8320640632923
2017-07-17,20.940732798995843
2017-07-18,20.986133725287303
2017-07-19,21.121548297352177
2017-07-20,21.15468519105157
2017-07-21,21.199678876185125
2017-07-24,21.29814644023331
2017-07-25,21.289034774359706
2017-07-26,21.17922647382833
2017-07-27,21.311984377063364
2017-07-28,21.300230622518868
2017-07-31,21.430363073948435
2017-08-01,21.487374276101168
2017-08-02,21.546940913854584
2017-08-03,21.399577612144792
2017-08-04,21.45797367899536
2017-08-07,21.424267096396044
2017-08-08,21.413602174271528
2017-08-09,21.433254759600405
2017-08-10,21.388923584687646
2017-08-11,21.329458413902145
2017-08-14,21.487129718526333
2017-08-15,21.462765471199695
2017-08-16,21.49263937181638
2017-08-17,21.551817197519373
2017-08-18,21.52264013884755
2017-08-21,21.5644119889189
2017-08-22,21.64567718088255
2017-08-23,21.637135270999398
2017-08-24,21.62803791549517
2017-08-25,21.74742572925559
2017-08-28,21.890179434961098
2017-08-29,22.00238335477811
2017-08-30,21.980322960753405
2017-08-31,21.97920114228975
2017-09-01,22.074755335132036
2017-09-04,22.17229854438447
2017-09-05,22.129753811046204
2017-09-06,22.068660185895173
2017-09-07,22.023811945025784
2017-09-08,22.062084141947302
2017-09-11,22.135593928913554
2017-09-12,22.099911583213938
2017-09-13,22.131889176629894
2017-09-14,22.078215824718427
2017-09-15,22.163132891581185
2017-09-18,22.152003479955674
2017-09-19,22.133739557702725
2017-09-20,22.170610641103483
2017-09-21,22.0504313180915
2017-09-22,22.01202911405149
2017-09-25,21.949953717590077
2017-09-26,22.129929692565863
2017-09-27,22.070216148316234
2017-09-28,21.986605579305273
2017-09-29,22.112114266335702
2017-10-02,22.12785254426006
2017-10-03,22.227058830106806
2017-10-04,22.261812992824947
2017-10-05,22.284761019167764
2017-10-06,22.291693460276928
2017-10-09,22.344118985683913
2017-10-10,22.39411465357426
2017-10-11,22.375181952680823
2017-10-12,22.454868562161057
2017-10-13,22.475731737039183
2017-10-16,22.610666455124285
2017-10-17,22.5509817472199
2017-10-18,22.53127284810197
2017-10-19,22.42594481414626
2017-10-20,22.502323641223953
2017-10-23,22.45344256923407
2017-10-24,22.528924604725553
2017-10-25,22.50824439227359
2017-10-26,22.52593600229553
2017-10-27,22.532349396037343
2017-10-30,22.4866770156823
2017-10-31,22.50447495039991
2017-11-01,22.53063559031596
2017-11-02,22.520405183920843
2017-11-03,22.57159861934759
2017-11-06,22.60895063301538
2017-11-07,22.75317007571209
2017-11-08,22.734404549287035
2017-11-09,22.827350396655156
2017-11-10,22.901974723301464
2017-11-13,22.87155367923983
2017-11-14,22.81149947651815
2017-11-15,22.70664775003155
2017-11-16,22.75155181582964
2017-11-17,22.833775491005206
2017-11-20,22.95161817851865
2017-11-21,23.045953178577385
2017-11-22,23.072508368930844
2017-11-23,22.92136765443964
2017-11-24,22.985345903319356
2017-11-27,22.919204725642373
2017-11-28,23.013413902197712
2017-11-29,23.002051124807576
2017-11-30,22.855166863190068
2017-12-01,22.75789037622622
2017-12-04,22.78165782523707
2017-12-05,22.776627338159972
2017-12-06,22.594556574113668
2017-12-07,22.52108676590323
2017-12-08,22.553756480765163
2017-12-11,22.71900421055799
2017-12-12,22.586314560563657
2017-12-13,22.67999165819481
2017-12-14,22.732409217246573
2017-12-15,22.67853248383873
2017-12-18,22.774821581862547
2017-12-19,22.885403224144785
2017-12-20,22.852231331184612
2017-12-21,22.91292034089416
2017-12-22,22.952270453579835
2017-12-25,23.0175691115428
2017-12-26,23.059072409826452
2017-12-27,22.978484948514243
2017-12-28,23.105619872932092
2017-12-29,23.091131646330986
2018-01-02,23.40895473577089
2018-01-03,23.510443912045087
2018-01-04,23.52720077559518
2018-01-05,23.65518600079173
2018-01-08,23.74142875579126
2018-01-09,23.819810509494665
2018-01-10,23.83073514771894
2018-01-11,23.906384950947547
2018-01-12,24.004728885101677
2018-01-15,24.04825169750633
2018-01-16,24.11948432065345
2018-01-17,24.118379106577947
2018-01-18,24.088351204721548
2018-01-19,24.111437510520737
2018-01-22,24.25052014188951
2018-01-23,24.421603417628045
2018-01-24,24.49188091597161
2018-01-25,24.489680138164573
2018-01-26,24.55817233060302
2018-01-29,24.387983934934088
2018-01-30,24.1615929893618
2018-01-31,24.23887450485931
2018-02-01,24.157816566072697
2018-02-02,24.11318894528387
2018-02-05,23.824268742667208
2018-02-06,23.653911315125463
2018-02-07,23.3329937870816
2018-02-08,23.117594083226955
2018-02-09,22.933762015590208
2018-02-12,23.088114643051803
2018-02-13,23.268637830671768
2018-02-14,23.577351535936252
2018-02-15,23.706953883090453
2018-02-16,23.708493591361425
2018-02-20,23.65216520686517
2018-02-21,23.70331133378445
2018-02-22,23.716877607894403
2018-02-23,23.906145941008372
2018-02-26,24.15350203164759
2018-02-27,23.98496031952677
2018-02-28,23.78694765629863
2018-03-01,23.769511547358448
2018-03-02,23.75909901149662
2018-03-05,23.776069512396415
2018-03-06,23.936992511687084
2018-03-07,23.912285616317753
2018-03-08,24.039866177344194
2018-03-09,24.134765400359193
2018-03-12,24.26355037969654
2018-03-13,24.185887501199943
2018-03-14,24.149094608753742
2018-03-15,24.17673664128688
2018-03-16,24.10343717378909
2018-03-19,24.05586295665101
2018-03-20,24.141063813713835
2018-03-21,24.130195061230197
2018-03-22,24.06599305507251
2018-03-23,23.944429966419257
2018-03-26,24.07050419622683
2018-03-27,24.065838627661094
2018-03-28,23.84205130543855
2018-03-29,23.833231513947318
2018-03-30,23.877675564489454
2018-04-02,23.851651238844738
2018-04-03,24.02395619554223
2018-04-04,23.97701318610508
2018-04-05,24.005277326056017
2018-04-06,23.959096381740828
2018-04-09,24.08676083599124
2018-04-10,24.31282349468551
2018-04-11,24.41950943877036
2018-04-12,24.464555578980264
2018-04-13,24.35505641197395
2018-04-16,24.350032289518687
2018-04-17,24.358120809272133
2018-04-18,24.518732050432558
2018-04-19,24.6712999617684
2018-04-20,24.51334898242625
2018-04-23,24.460294335432664
2018-04-24,24.521299228179583
2018-04-25,24.45237484118328
2018-04-26,24.39580673905086
2018-04-27,24.41465812905861
2018-04-30,24.452223907330463
2018-05-01,24.462784932252024
2018-05-02,24.43496911454286
2018-05-03,24.458427859421782
2018-05-04,24.468469233591563
2018-05-07,24.622341956682693
2018-05-08,24.71065808505022
2018-05-09,24.732817752464896
2018-05-10,24.849283406218635
2018-05-11,24.926841850346413
2018-05-14,25.025030292229932
2018-05-15,24.918099023363105
2018-05-16,24.795151306626995
2018-05-17,24.685347163940886
2018-05-18,24.75179474170941
2018-05-21,24.84758774130804
2018-05-22,24.857622967666558
2018-05-23,24.76416414295921
2018-05-24,24.817293087093816
2018-05-25,24.840359284833458
2018-05-28,24.881916029941188
2018-05-29,24.810779476694854
2018-05-30,24.75537652629056
2018-05-31,24.906880224263595
2018-06-01,24.89400883235613
2018-06-04,24.971443887753185
2018-06-05,25.0203845659684
2018-06-06,25.09971329964944
2018-06-07,25.118807245258303
2018-06-08,25.017470589316737
2018-06-11,25.100710987518603
2018-06-12,25.15580352565101
2018-06-13,25.040119255003134
2018-06-14,25.064179532745868
2018-06-15,25.04025629394715
2018-06-18,25.03138500953299
2018-06-19,24.69417110461567
2018-06-20,24.73709286559305
2018-06-21,24.58972694475716
2018-06-22,24.695559058525408
2018-06-25,24.592518131461773
2018-06-26,24.5635114517615
2018-06-27,24.396104689559905
2018-06-28,24.390548493216137
2018-06-29,24.648893669427952
2018-07-02,24.616058524788365
2018-07-03,24.56785686411265
2018-07-04,24.5043916929951
2018-07-05,24.557749897280235
2018-07-06,24.663683270552216
2018-07-09,24.887743321935083
2018-07-10,24.90487484497743
2018-07-11,24.78472184579783
2018-07-12,24.916920753096463
2018-07-13,24.942849180021188
2018-07-16,24.983333653569083
2018-07-17,24.939995808701298
2018-07-18,24.81268498803171
2018-07-19,24.867164361764726
2018-07-20,25.027859455457445
2018-07-23,25.191484916102702
2018-07-24,25.31432843256809
2018-07-25,25.411220331238415
2018-07-26,25.366439134182727
2018-07-27,25.329249002204236
2018-07-30,25.342841104108537
2018-07-31,25.389032333330363
2018-08-01,25.295085321141887
2018-08-02,25.124600018732778
2018-08-03,25.126334549109842
2018-08-06,25.13867354007795
2018-08-07,25.3708741540962
2018-08-08,25.31340552044794
2018-08-09,25.444912813034115
2018-08-10,25.382597245213212
2018-08-13,25.331564230867663
2018-08-14,25.21479905242574
2018-08-15,25.018308181367367
2018-08-16,24.83967163941705
2018-08-17,24.768152678831633
2018-08-20,24.98779123183743
2018-08-21,25.170593153802145
2018-08-22,25.15293330694861
2018-08-23,25.17582371522378
2018-08-24,25.200168160245905
2018-08-27,25.517090991705672
2018-08-28,25.57425231621997
2018-08-29,25.536789420840588
2018-08-30,25.479098128670863
2018-08-31,25.446238832514734
2018-09-03,25.396581927455376
2018-09-04,25.42806931194692
2018-09-05,25.230770850897557
2018-09-06,25.173574611959438
2018-09-07,25.237966892556795
2018-09-10,25.114400378537717
2018-09-11,25.119257455691614
2018-09-12,25.076468847294777
2018-09-13,25.302634928213386
2018-09-14,25.42490177340251
2018-09-17,25.279604045587533
2018-09-18,25.426214239502265
2018-09-19,25.537446094272997
2018-09-20,25.614521009504077
2018-09-21,25.848607056550076
2018-09-24,25.765113201835497
2018-09-25,25.73115487333166
2018-09-26,25.863143856192437
2018-09-27,25.808659524449197
2018-09-28,25.794652018268206
2018-10-01,25.809891854130917
2018-10-02,25.707092528167188
2018-10-03,25.704644258995636
2018-10-04,25.597350928976947
2018-10-05,25.56606880562937
2018-10-08,25.575453344281396
2018-10-09,25.55944992259125
2018-10-10,25.466118068399645
2018-10-11,25.063877601244865
2018-10-12,25.46969175628222
2018-10-15,25.45545944042886
2018-10-16,25.514268464174194
2018-10-17,25.5082015725931
2018-10-18,25.383828547425004
2018-10-19,25.60213050210518
2018-10-22,25.86463780664987
2018-10-23,25.679862685463718
2018-10-24,25.59590133588334
2018-10-25,25.700327368223785
2018-10-26,25.568835986325777
2018-10-29,25.46183916218421
2018-10-30,25.516386195128305
2018-10-31,25.606448918572553
2018-11-01,25.803917897391315
2018-11-02,26.107061539138133
2018-11-05,26.048370645263287
2018-11-06,26.115747109552313
2018-11-07,26.218250369151576
2018-11-08,26.18375950839471
2018-11-09,25.967698212771005
2018-11-12,25.913756649554397
2018-11-13,25.941131039585663
2018-11-14,25.89214237276152
2018-11-15,26.17033704601768
2018-11-16,26.27843334938371
2018-11-19,26.365366907693243
2018-11-20,26.177851554131635
2018-11-21,26.216740048121288
2018-11-22,26.257128425278033
2018-11-23,26.159804922630126
2018-11-26,26.332556636009798
2018-11-27,26.344293193570145
2018-11-28,26.50215910418028
2018-11-29,26.522602473509906
2018-11-30,26.636871560998898
2018-12-03,26.927150805216947
2018-12-04,26.836346670311386
2018-12-05,26.822503480467507
2018-12-06,26.696204300611058
2018-12-07,26.649162787870615
2018-12-10,26.73971018770107
2018-12-11,26.782831995054778
2018-12-12,26.840045710734415
2018-12-13,26.946200329338097
2018-12-14,26.735529278848237
2018-12-17,26.665972368174383
2018-12-18,26.66386104426637
2018-12-19,26.614758726702515
2018-12-20,26.48886499163863
2018-12-21,26.46124184441834
2018-12-24,26.435223095871674
2018-12-25,26.516810928265766
2018-12-26,26.734011749617093
2018-12-27,26.708566176778213
2018-12-28,26.8603244325083
2018-12-31,26.952330649535217
2019-01-02,26.898357409169414
2019-01-03,26.918693525610937
2019-01-04,27.264480514843736
2019-01-07,27.320593684349337
2019-01-08,27.348105101988974
2019-01-09,27.469167369538393
2019-01-10,27.517779766967855
2019-01-11,27.486397063174127
2019-01-14,27.428623981718015
2019-01-15,27.62706117681033
2019-01-16,27.738153259340304
2019-01-17,27.76748811481862
2019-01-18,27.973630203297283
2019-01-21,27.990073857529495
2019-01-22,27.882742805572768
2019-01-23,27.919380367398627
2019-01-24,27.95962722492431
2019-01-25,28.09287530509643
2019-01-28,28.241536510361122
2019-01-29,28.299543617634647
2019-01-30,28.429276069929223
2019-01-31,28.577615102310403
2019-02-01,28.714633679021205
2019-02-04,28.75273441492816
2019-02-05,28.77289465232664
2019-02-06,28.76333552753101
2019-02-07,28.722984652384632
2019-02-08,28.719151946778787
2019-02-11,28.926887713280493
2019-02-12,29.05482103570074
2019-02-13,29.1971680830017
2019-02-14,29.18449147485067
2019-02-15,29.163729519874295
2019-02-18,29.458588716489054
2019-02-19,29.474747675934054
2019-02-20,29.678278661584567
2019-02-21,29.59615909549047
2019-02-22,29.677477912235272
2019-02-25,29.988676159076256
2019-02-26,29.878198824570546
2019-02-27,29.859215868916134
2019-02-28,29.748366590033747
2019-03-01,29.870931585895978
2019-03-04,29.781278260706955
2019-03-05,29.74430339747107
2019-03-06,29.81097829013395
2019-03-07,29.729328317680338
2019-03-08,29.56280403590512
2019-03-11,29.817818111943396
2019-03-12,29.920377989423375
2019-03-13,29.978911006905285
2019-03-14,29.967546309577852
2019-03-15,30.03381264283478
2019-03-18,30.25138807385639
2019-03-19,30.324893271252208
2019-03-20,30.29511384007353
2019-03-21,30.400648384033914
2019-03-22,30.316696444252944
2019-03-25,30.24678241732972
2019-03-26,30.277573342319506
2019-03-27,30.332445139671904
2019-03-28,30.328015362575343
2019-03-29,30.345466043627177
2019-04-01,30.599249167818108
2019-04-02,30.64059045052383
2019-04-03,30.781585689849365
2019-04-04,30.833723188124274
2019-04-05,30.853896368780752
2019-04-08,30.95803365367584
2019-04-09,30.957959807718403
2019-04-10,31.095159221561495
2019-04-11,31.001439557676136
2019-04-12,30.846300161601235
2019-04-15,30.74989692589689
2019-04-16,30.908891073034805
2019-04-17,30.836458349318583
2019-04-18,30.71298668388227
2019-04-19,30.854207415261435
2019-04-22,30.833133671620505
2019-04-23,30.796683106923474
2019-04-24,30.756478677334332
2019-04-25,30.68953928155038
2019-04-26,30.68329042005704
2019-04-29,30.755847765385468
2019-04-30,30.79444091533381
2019-05-01,30.7616097115887
2019-05-02,30.788161487373756
2019-05-03,30.84993367704696
2019-05-06,30.60931145515844
2019-05-07,30.56901410055768
2019-05-08,30.533477207297356
2019-05-09,30.367671136032826
2019-05-10,30.598334660174565
2019-05-13,30.51019236201318
2019-05-14,30.62048518049796
2019-05-15,30.734573503556597
2019-05-16,30.879009145117276
2019-05-17,30.6936691909764
2019-05-20,30.538299969198235
2019-05-21,30.604610219393447
2019-05-22,30.596042013425205
2019-05-23,30.4468666516891
2019-05-24,30.57884095003256
2019-05-27,30.643866881644133
2019-05-28,30.670305157410183
2019-05-29,30.6573998415685
2019-05-30,30.571361537455477
2019-05-31,30.605532545441715
2019-06-03,30.788834674434963
2019-06-04,30.986772630669577
2019-06-05,31.147069785038873
2019-06-06,31.1578420464387
2019-06-07,31.203497851780803
2019-06-10,31.391841593591185
2019-06-11,31.50397338843569
2019-06-12,31.545840785534217
2019-06-13,31.580325884614368
2019-06-14,31.747106318874806
2019-06-17,31.638459817282882
2019-06-18,31.784019767676686
2019-06-19,31.97516938679503
2019-06-20,32.54921065176066
2019-06-21,32.67020647031931
2019-06-24,32.80142162729991
2019-06-25,32.916824005737965
2019-06-26,32.676016082716885
2019-06-27,32.7885993651289
2019-06-28,32.866209803548664
2019-07-01,32.72637681279229
2019-07-02,32.93920366679759
2019-07-03,33.31617268037314
2019-07-04,33.14867124718401
2019-07-05,33.20210702376431
2019-07-08,32.96918827586117
2019-07-09,32.83276391223857
2019-07-10,32.85600303971545
2019-07-11,33.1461734182241
2019-07-12,33.13787167141879
2019-07-15,33.2867157484032
2019-07-16,33.257220929602326
2019-07-17,33.13216209373346
2019-07-18,33.245459239178984
2019-07-19,33.50163823398107
2019-07-22,33.36474439489909
2019-07-23,33.34829052494015
2019-07-24,33.475406340151714
2019-07-25,33.535784537478634
2019-07-26,33.49675249841289
2019-07-29,33.49331954867076
2019-07-30,33.58809752263652
2019-07-31,33.51555036856928
2019-08-01,33.1940165622032
2019-08-02,33.31318682129552
2019-08-05,33.49012051668061
2019-08-06,33.517759387367676
2019-08-07,33.77460573669742
2019-08-08,34.06749250507677
2019-08-09,34.05528954002259
2019-08-12,34.01711121292534
2019-08-13,34.32261214888741
2019-08-14,33.88038411173455
2019-08-15,34.09820160827426
2019-08-16,34.26925447448603
2019-08-19,34.48652237941092
2019-08-20,34.41295290731463
2019-08-21,34.472983182998895
2019-08-22,34.52714990462591
2019-08-23,34.44698523413281
2019-08-26,34.88517680279528
2019-08-27,34.935282638738705
2019-08-28,34.977667721004416
2019-08-29,35.21790195882919
2019-08-30,35.01831041538388
2019-09-02,35.045577639381435
2019-09-03,35.07070803725008
2019-09-04,35.40489087994396
2019-09-05,35.58770010725789
2019-09-06,35.25681924900474
2019-09-09,35.37498327827853
2019-09-10,35.18510196187721
2019-09-11,35.31927277668585
2019-09-12,35.379341987037314
2019-09-13,35.420014878821824
2019-09-16,35.398998855485516
2019-09-17,35.25017993908135
2019-09-18,35.330599384987885
2019-09-19,35.26826424359353
2019-09-20,35.31279199832169
2019-09-23,35.36785084738747
2019-09-24,35.44157031600888
2019-09-25,35.47733165480431
2019-09-26,35.27164625329291
2019-09-27,35.13454037374544
2019-09-30,35.15355821429087
2019-10-01,35.097991494706534
2019-10-02,35.00807284450027
2019-10-03,35.05547653299623
2019-10-04,35.068872966461484
2019-10-07,35.04866503207489
2019-10-08,35.125783908679
2019-10-09,35.35862282511219
2019-10-10,35.37528738013713
2019-10-11,35.52554369174787
2019-10-14,35.37034909269994
2019-10-15,35.37818487305331
2019-10-16,35.34848159699568
2019-10-17,35.527598164168126
2019-10-18,35.399944045999
2019-10-21,35.48221842886101
2019-10-22,35.42737264672453
2019-10-23,35.46667042642619
2019-10-24,35.4893726598658
2019-10-25,35.74192535760752
2019-10-28,35.82982373250525
2019-10-29,35.65349596871181
2019-10-30,35.59807924353737
2019-10-31,35.64524513164049
2019-11-01,35.919738707025076
2019-11-04,36.042092950358295
2019-11-05,36.026851719000376
2019-11-06,35.815955576760075
2019-11-07,35.95549155857025
2019-11-08,35.671382337557574
2019-11-11,35.477869982040765
2019-11-12,35.387843248373784
2019-11-13,35.44416094491185
2019-11-14,35.45724303790105
2019-11-15,35.440879296824
2019-11-18,35.60362269823501
2019-11-19,35.83314011020746
2019-11-20,35.792049368167426
2019-11-21,35.68675013923692
2019-11-22,35.67601777702662
2019-11-25,35.73068480455728
2019-11-26,35.7438358638229
2019-11-27,35.8044969443847
2019-11-28,35.75825338239582
2019-11-29,35.6364963909017
2019-12-02,35.66959623216379
2019-12-03,35.68568993304764
2019-12-04,35.90051826335372
2019-12-05,35.925345553738254
2019-12-06,35.971155581167395
2019-12-09,35.87528056884261
2019-12-10,35.9038734865494
2019-12-11,35.971017606836966
2019-12-12,36.12593140069285
2019-12-13,36.17448380568342
2019-12-16,36.37772833752515
2019-12-17,36.49593003550338
2019-12-18,36.49459292995838
2019-12-19,36.509850522647966
2019-12-20,36.58919901646562
2019-12-23,36.64220244148788
2019-12-24,36.7594967316552
2019-12-25,36.86774889521709
2019-12-26,36.97655558188973
2019-12-27,37.112497860198104
2019-12-30,37.204055850281726
2019-12-31,37.32436155548777
2020-01-02,37.461004508022455
2020-01-03,37.63930001163522
2020-01-06,37.943877959940345
2020-01-07,37.864596662723706
2020-01-08,38.07632319322152
2020-01-09,37.75157899477275
2020-01-10,37.83648613407509
2020-01-13,38.016661974299915
2020-01-14,37.823186997871574
2020-01-15,37.920558502404475
2020-01-16,37.99117304578958
2020-01-17,38.061226652222004
2020-01-20,38.11741895709906
2020-01-21,38.06129994919514
2020-01-22,38.06589272341978
2020-01-23,37.99552660191517
2020-01-24,37.96041839389432
2020-01-27,37.8875029781853
2020-01-28,37.933480878236445
2020-01-29,37.797832291362155
2020-01-30,37.69027750547143
2020-01-31,37.58453738547216
2020-02-03,37.807755603692804
2020-02-04,38.00536337663094
2020-02-05,38.04716807915054
2020-02-06,38.24844358811455
2020-02-07,38.352340854138475
2020-02-10,38.48345756429854
2020-02-11,38.54853851919575
2020-02-12,38.64571773383996
2020-02-13,38.723199677927944
2020-02-14,38.80497962368705
2020-02-17,39.011164900981264
2020-02-18,38.84594396115473
2020-02-19,39.04745674619934
2020-02-20,39.15343178899737
2020-02-21,39.40397211970623
2020-02-24,39.47048994572635
2020-02-25,39.06734604836046
2020-02-26,39.16762249719452
2020-02-27,39.03916409614514
2020-02-28,38.56942865167547
2020-03-02,38.67932581864244
2020-03-03,38.568744585457694
2020-03-04,39.13022849163432
2020-03-05,39.20407282689773
2020-03-06,39.3004830623374
2020-03-09,38.72390220166071
2020-03-10,38.9217001908289
2020-03-11,38.843143274850746
2020-03-12,37.983101524620075
2020-03-13,37.833174713353344
2020-03-16,36.52679476345695
2020-03-17,36.15517979845908
2020-03-18,35.949829147825206
2020-03-19,35.76460557298422
2020-03-20,36.029589870252224
2020-03-23,35.56599814464656
2020-03-24,37.05797321756113
2020-03-25,37.65991307366723
2020-03-26,37.78174777422056
2020-03-27,37.898013661830745
2020-03-30,37.849939300742655
2020-03-31,37.923194947875
2020-04-01,37.431445012537765
2020-04-02,37.746169310222946
2020-04-03,37.76660216523913
2020-04-06,38.17901187814839
2020-04-07,38.84083081055327
2020-04-08,38.834918094217954
2020-04-09,39.070176247343014
2020-04-10,39.137633319137
2020-04-13,39.10678975604145
2020-04-14,39.52797567133206
2020-04-15,39.32699011786003
2020-04-16,39.474965650220064
2020-04-17,39.51502384285106
2020-04-20,39.42133192300581
2020-04-21,39.27636556833758
2020-04-22,39.46504028384461
2020-04-23,39.75721265178529
2020-04-24,39.895280657374514
2020-04-27,40.02907838764842
2020-04-28,40.01241528488417
2020-04-29,40.28285609515612
2020-04-30,40.35937959772804
2020-05-01,40.22622430043412
2020-05-04,40.04652567008611
2020-05-05,40.13865278723445
2020-05-06,40.22806029014501
2020-05-07,40.189183990886114
2020-05-08,40.60484176999639
2020-05-11,40.61725046770335
2020-05-12,40.447337043698404
2020-05-13,40.40105243725441
2020-05-14,40.43003511733681
2020-05-15,40.62411109711579
2020-05-18,41.18498333763687
2020-05-19,41.01173718715738
2020-05-20,41.22942597416453
2020-05-21,41.03341915994208
2020-05-22,40.64806259668339
2020-05-25,40.63680040948219
2020-05-26,40.894461938624715
2020-05-27,40.75887190472247
2020-05-28,40.852087404349604
2020-05-29,40.846256951160484
2020-06-01,41.30924211964988
2020-06-02,41.36868221616077
2020-06-03,41.35855030226692
2020-06-04,41.236182690733855
2020-06-05,41.45387570225927
2020-06-08,41.41300769597833
2020-06-09,41.44337598315546
2020-06-10,41.58125377062485
2020-06-11,41.26709905302539
2020-06-12,41.302061272876436
2020-06-15,41.15903648222676
2020-06-16,41.39435272878249
2020-06-17,41.428363906191954
2020-06-18,41.430050581360625
2020-06-19,41.54109813721993
2020-06-22,41.737376123048485
2020-06-23,41.77926489871753
2020-06-24,41.73901533801158
2020-06-25,41.79051313904194
2020-06-26,41.630221772843015
2020-06-29,41.66223547467711
2020-06-30,41.83201536109551
2020-07-01,42.05190495852846
2020-07-02,42.17535332495126
2020-07-03,42.34820833287485
2020-07-06,42.85687875246311
2020-07-07,42.70501381649407
2020-07-08,42.904958550944606
2020-07-09,43.0366540832513
2020-07-10,42.8013159889542
2020-07-13,42.955834791641
2020-07-14,42.87935222773882
2020-07-15,42.89002759907494
2020-07-16,42.49751839970371
2020-07-17,42.49582588323211
2020-07-20,42.7592114402499
2020-07-21,43.0142642086178
2020-07-22,43.295587638957336
2020-07-23,43.3547939848812
2020-07-24,43.174121213237314
2020-07-27,43.61828796010585
2020-07-28,43.63497265198093
2020-07-29,43.85835499968793
2020-07-30,43.71429976586809
2020-07-31,43.88011192192434
2020-08-03,43.96659494654307
2020-08-04,44.11837448679725
2020-08-05,44.559161600158205
2020-08-06,44.62796762024275
2020-08-07,44.60326808653481
2020-08-10,44.539983503306104
2020-08-11,44.22357865278386
2020-08-12,43.42029788832371
2020-08-13,43.643913682793745
2020-08-14,43.812042004838816
2020-08-17,44.18427553487228
2020-08-18,44.521348252027224
2020-08-19,44.178464783226886
2020-08-20,43.722135640676555
2020-08-21,43.89875671530454
2020-08-24,43.9814288820241
2020-08-25,44.029356814473644
2020-08-26,43.97293431071514
2020-08-27,44.14294342139131
2020-08-28,44.29260625852041
2020-08-31,44.30569352050553
2020-09-01,44.52108020215482
2020-09-02,44.421721394179926
2020-09-03,43.9455353302703
2020-09-04,43.882026265835286
2020-09-07,43.76413942294717
2020-09-08,43.67421289534412
2020-09-09,43.617295779463646
2020-09-10,43.64406113937746
2020-09-11,43.69900689112958
2020-09-14,43.85027865369986
2020-09-15,43.985103004127566
2020-09-16,43.89367597077993
2020-09-17,43.67948860680988
2020-09-18,43.79946657288605
2020-09-21,43.656354703899545
2020-09-22,43.31594189841257
2020-09-23,43.00069569907259
2020-09-24,42.66984191094827
2020-09-25,42.81933950181569
2020-09-28,42.981938635984804
2020-09-29,43.14633678331505
2020-09-30,43.25047368158079
2020-10-01,43.275680680137185
2020-10-02,43.2297474418468
2020-10-05,43.377228340476506
2020-10-06,43.352517725609154
2020-10-07,43.486939062316424
2020-10-08,43.51530599786266
2020-10-09,43.742043629320925
2020-10-12,44.24535731759187
2020-10-13,44.183338345039935
2020-10-14,43.95288673468893
2020-10-15,43.8083242849566
2020-10-16,43.89477206228663
2020-10-19,43.87525179991849
2020-10-20,43.89674364360119
2020-10-21,43.93378116752717
2020-10-22,44.00437967579707
2020-10-23,43.92577597147245
2020-10-26,43.770274882750336
2020-10-27,43.891864679358704
2020-10-28,43.74830749527037
2020-10-29,43.56370205920177
2020-10-30,43.23033286870472
2020-11-02,43.52693859352497
2020-11-03,43.847361567454946
2020-11-04,44.05561714710038
2020-11-05,44.375000849550794
2020-11-06,44.501646632466404
2020-11-09,44.672878164987104
2020-11-10,44.34178715522534
2020-11-11,44.29103078181189
2020-11-12,44.183142609679635
2020-11-13,44.24714031847823
2020-11-16,44.40385942141689
2020-11-17,44.312335030269566
2020-11-18,44.17371229616831
2020-11-19,44.10633527288452
2020-11-20,44.1103225134444
2020-11-23,44.27617602996365
2020-11-24,43.987362143290376
2020-11-25,43.780354258770096
2020-11-26,43.84309238300092
2020-11-27,43.95930010737486
2020-11-30,43.495607363092994
2020-12-01,43.81477573334567
2020-12-02,44.03357315891492
2020-12-03,44.230170129383104
2020-12-04,44.30930257923191
2020-12-07,44.20295986196792
2020-12-08,44.37486739725187
2020-12-09,44.243786051818645
2020-12-10,44.106825426902674
2020-12-11,44.043424439908804
2020-12-14,44.084281313380934
2020-12-15,44.276962057692536
2020-12-16,44.41607447304388
2020-12-17,44.61422045667367
2020-12-18,44.636364542767296
2020-12-21,44.82523591047094
2020-12-22,44.49843277075119
2020-12-23,44.57143287528113
2020-12-24,44.65897284679028
2020-12-25,44.79646937623809
2020-12-28,44.915273650369336
2020-12-29,44.84837976140743
2020-12-30,45.04658813138516
2020-12-31,45.29365059560715
2021-01-04,45.56405057851774
2021-01-05,45.78805325032953
2021-01-06,45.939391042057174
2021-01-07,45.99464501707584
2021-01-08,45.98297098261699
2021-01-11,45.56001163428747
2021-01-12,45.911612586352014
2021-01-13,45.896967489444584
2021-01-14,45.74709482610459
2021-01-15,45.770252649431264
2021-01-18,45.86253136482146
2021-01-19,45.979898212122514
2021-01-20,46.19823807674859
2021-01-21,46.427333936823835
2021-01-22,46.291326965451105
2021-01-25,46.464009292655085
2021-01-26,46.26822830379744
2021-01-27,46.059610023084716
2021-01-28,45.77759610426209
2021-01-29,45.690768539992966
2021-02-01,46.133868037144765
2021-02-02,46.214418242769796
2021-02-03,46.06248282453647
2021-02-04,45.95211617318697
2021-02-05,45.83914368447599
2021-02-08,46.11491459610624
2021-02-09,46.40877975196575
2021-02-10,46.63558996863524
2021-02-11,46.66560253111251
2021-02-12,46.68857975668486
2021-02-16,46.777793588801345
2021-02-17,46.82976093293885
2021-02-18,46.333148689538994
2021-02-19,46.32168144834574
2021-02-22,46.24123928453328
2021-02-23,46.42716598570298
2021-02-24,46.149563733950096
2021-02-25,45.9737625882521
2021-02-26,45.43756561969909
2021-03-01,45.67139233783002
2021-03-02,45.26723645075168
2021-03-03,45.52268637103325
2021-03-04,45.061887646283004
2021-03-05,44.991974419247626
2021-03-08,44.89264963636297
2021-03-09,44.858221389420486
2021-03-10,45.10908355213985
2021-03-11,45.490158069985085
2021-03-12,45.204897622622475
2021-03-15,45.33445431600238
2021-03-16,45.41414739245424
2021-03-17,45.51493890423433
2021-03-18,45.67503490035436
2021-03-19,45.464435086204944
2021-03-22,45.47364130647586
2021-03-23,45.41755572312842
2021-03-24,45.19835384819682
2021-03-25,45.271255649669364
2021-03-26,45.51779052645597
2021-03-29,45.56114508436766
2021-03-30,45.46843943105843
2021-03-31,45.265683610138254
2021-04-01,45.79653842201561
2021-04-02,46.00433580074572
2021-04-05,46.07410172641495
2021-04-06,46.0466678619849
2021-04-07,46.026937139629396
2021-04-08,46.14735137746617
2021-04-09,46.157128162144566
2021-04-12,46.05215729874133
2021-04-13,45.96660839195445
2021-04-14,46.23608541611095
2021-04-15,46.19164964292077
2021-04-16,46.40869366010152
2021-04-19,46.68240077858912
2021-04-20,46.4801225122893
2021-04-21,46.6458966451285
2021-04-22,46.63074367083539
2021-04-23,46.77326900341507
2021-04-26,46.63550816603688
2021-04-27,46.66353800611793
2021-04-28,46.66853294426423
2021-04-29,46.83150657154276
2021-04-30,46.63018449029674
2021-05-03,46.580689840679604
2021-05-04,46.58222062508261
2021-05-05,46.561788736969746
2021-05-06,46.85543759688324
2021-05-07,46.99211014282396
2021-05-10,47.022048624617874
2021-05-11,46.90993356897315
2021-05-12,46.92793665539918
2021-05-13,46.825194694283034
2021-05-14,47.15538013441139
2021-05-17,47.43352089516895
2021-05-18,47.580079014593046
2021-05-19,47.598038978078975
2021-05-20,47.67216472798592
2021-05-21,47.65915402013798
2021-05-24,47.80059327766158
2021-05-25,47.97497131344129
2021-05-26,48.19639508957416
2021-05-27,48.13413021521622
2021-05-28,48.01754606173354
2021-05-31,48.17202399336562
2021-06-01,48.35096336605689
2021-06-02,48.06935846422875
2021-06-03,47.881327864993
2021-06-04,47.74781200923754
2021-06-07,47.82895884549576
2021-06-08,47.88544784049733
2021-06-09,47.81932780702587
2021-06-10,47.876653559523
2021-06-11,47.96888111210049
2021-06-14,47.977826154227365
2021-06-15,47.661368265728576
2021-06-16,47.53194859629135
2021-06-17,47.36117943069047
2021-06-18,47.189544767175164
2021-06-21,47.24234187669207
2021-06-22,47.34333320494213
2021-06-23,47.49080063792561
2021-06-24,47.47102003535291
2021-06-25,47.664845127766164
2021-06-28,47.73448444395705
2021-06-29,47.525488100307015
2021-06-30,47.431947195062804
2021-07-01,47.64006490090353
2021-07-02,47.46931856484344
2021-07-05,47.51547115894146
2021-07-06,47.650575540026765
2021-07-07,47.702794294503704
2021-07-08,47.51128793480124
2021-07-09,47.63068008423594
2021-07-12,47.77278938340332
2021-07-13,47.977520545240694
2021-07-14,47.949474079495616
2021-07-15,48.182634896175315
2021-07-16,48.10334085249595
2021-07-19,47.84133434734947
2021-07-20,47.98973521999015
2021-07-21,48.04816726155536
2021-07-22,48.07404418464958
2021-07-23,48.07466912216238
2021-07-26,47.764496756470606
2021-07-27,47.258287899747195
2021-07-28,47.514620576110666
2021-07-29,47.846851355049246
2021-07-30,47.78814776805804
2021-08-02,47.892166408869485
2021-08-03,47.930248459980376
2021-08-04,48.05450391230046
2021-08-05,48.04690152118234
2021-08-06,47.947246626430484
2021-08-09,47.63059889641281
2021-08-10,47.724153849313836
2021-08-11,47.723531911236904
2021-08-12,47.816503789500445
2021-08-13,47.83419407756864
2021-08-16,47.94658750544281
2021-08-17,47.90668459254024
2021-08-18,47.958798363118845
2021-08-19,47.804391051738634
2021-08-20,47.746765957954395
2021-08-23,47.91428377175304
2021-08-24,48.23034676871689
2021-08-25,48.15193308988943
2021-08-26,47.94020771573475
2021-08-27,48.19858998152971
2021-08-30,48.30591585100639
2021-08-31,48.36181560590387
2021-09-01,48.45671814743302
2021-09-02,48.49978478679105
2021-09-03,48.419316823334604
2021-09-06,48.66989077132542
2021-09-07,48.69415845703256
2021-09-08,48.482147357445406
2021-09-09,48.280785215301236
2021-09-10,48.495816350105336
2021-09-13,48.36148962644617
2021-09-14,48.223528504742895
2021-09-15,48.18262278674845
2021-09-16,47.906090442707814
2021-09-17,47.835421416801104
2021-09-20,47.58583552568763
2021-09-21,47.60676066371832
2021-09-22,47.87197926345188
2021-09-23,47.90679826287736
2021-09-24,47.808188017464474
2021-09-27,47.85997288300947
2021-09-28,47.70470456833296
2021-09-29,47.67727715170804
2021-09-30,47.5976261413263
2021-10-01,47.653840922110916
2021-10-04,47.48030561464098
2021-10-05,47.54561669718409
2021-10-06,47.53758565838497
2021-10-07,47.72683076570132
2021-10-08,48.08235561052814
2021-10-11,48.082109922905516
2021-10-12,48.03209163656228
2021-10-13,48.09727539296209
2021-10-14,48.35373163070575
2021-10-15,48.465337122360516
2021-10-18,48.221129392755714
2021-10-19,48.43334989909174
2021-10-20,48.490091127952596
2021-10-21,48.584800477911294
2021-10-22,48.71064102808707
2021-10-25,48.73173229133505
2021-10-26,48.760994471981455
2021-10-27,48.495667957064484
2021-10-28,48.632566689462834
2021-10-29,48.605261999623536
2021-11-01,48.51613577906291
2021-11-02,48.578455244569255
2021-11-03,48.463404977065515
2021-11-04,48.54930463190297
2021-11-05,48.65638702829014
2021-11-08,48.85316360989764
2021-11-09,48.89469623877436
2021-11-10,48.83351603565209
2021-11-11,49.227853275966126
2021-11-12,49.276120746188944
2021-11-15,49.29191665847683
2021-11-16,49.43970738661421
2021-11-17,49.39736465937106
2021-11-18,49.367676924364766
2021-11-19,49.352205159769504
2021-11-22,49.270972163372576
2021-11-23,48.965493529001236
2021-11-24,48.93550426390381
2021-11-25,48.933990327778545
2021-11-26,48.74601686286448
2021-11-29,48.70818577488048
2021-11-30,48.474132693183634
2021-12-01,48.44055235846827
2021-12-02,48.48906615270414
2021-12-03,48.45667887413965
2021-12-06,48.56423427823131
2021-12-07,48.78119095582054
2021-12-08,48.89922225419505
2021-12-09,48.95789878148153
2021-12-10,48.923174584473216
2021-12-13,48.99393078215635
2021-12-14,48.85987622028034
2021-12-15,48.71889753493126
2021-12-16,48.860078296104525
2021-12-17,48.86428227761177
2021-12-20,48.62946157301937
2021-12-21,48.76352309561949
2021-12-22,48.803697485176855
2021-12-23,49.07037022306147
2021-12-24,49.07726467695757
2021-12-27,49.1850067718927
2021-12-28,49.2908523048172
2021-12-29,49.142112414856
2021-12-30,49.15518486263395
2021-12-31,49.387743636740986
2022-01-03,49.393153893371334
2022-01-04,49.320003482328815
2022-01-05,49.17875468333626
2022-01-06,49.06244626860465
2022-01-07,49.05158252397155
2022-01-10,49.205562563111215
2022-01-11,49.31887523500793
2022-01-12,49.60870717263612
2022-01-13,49.49039064169596
2022-01-14,49.49126308501124
2022-01-17,49.48322029543826
2022-01-18,49.411396051284264
2022-01-19,49.37018935603754
2022-01-20,49.76211949508589
2022-01-21,49.644936254926144
2022-01-24,49.67416327166638
2022-01-25,49.447364508181344
2022-01-26,49.52065365237035
2022-01-27,49.07114687203729
2022-01-28,49.034165784159136
2022-01-31,49.18002655640754
2022-02-01,49.21403715841275
2022-02-02,49.26068362791574
2022-02-03,49.1378247503125
2022-02-04,49.32187703058113
2022-02-07,49.60239836875091
2022-02-08,49.657885888111885
2022-02-09,49.95030005516323
2022-02-10,49.921755638540446
2022-02-11,49.697390186337984
2022-02-14,49.79996087349372
2022-02-15,50.06122382013092
2022-02-16,49.97339211366074
2022-02-17,50.0403612236975
2022-02-18,50.08699850729772
2022-02-21,50.05035696542295
2022-02-22,49.97982726497694
2022-02-23,49.86772153500327
2022-02-24,50.01544685717543
2022-02-25,49.974853019827314
2022-02-28,49.85700053655702
2022-03-01,49.854779587617884
2022-03-02,49.99581870360925
2022-03-03,49.957415876765076
2022-03-04,49.781308193579065
2022-03-07,49.62573257819558
2022-03-08,49.70871030733757
2022-03-09,49.987708945046606
2022-03-10,49.61567824622779
2022-03-11,49.50091703499248
2022-03-14,49.008025556775635
2022-03-15,48.285070209736844
2022-03-16,48.86654980925933
2022-03-17,49.57193109112832
2022-03-18,49.684931946148915
2022-03-21,49.6351304716117
2022-03-22,49.9227310932117
2022-03-23,49.79805366115342
2022-03-24,49.97107974667332
2022-03-25,49.91555643781065
2022-03-28,49.87476822347175
2022-03-29,49.88199212115016
2022-03-30,50.051476601047696
2022-03-31,49.88389411972467
2022-04-01,50.077897796821055
2022-04-04,50.222161309548596
2022-04-05,50.158911995397816
2022-04-06,50.04187235909614
2022-04-07,49.9703215868188
2022-04-08,50.071006251008555
2022-04-11,49.821653371189754
2022-04-12,50.03869371663783
2022-04-13,50.122187523738624
2022-04-14,50.186155878715596
2022-04-15,50.25133502134575
2022-04-18,50.34772373252192
2022-04-19,50.16192403709794
2022-04-20,49.85296919414128
2022-04-21,49.85174431808057
2022-04-22,49.79603332865163
2022-04-25,49.33553420947958
2022-04-26,49.043666598527835
2022-04-27,49.241732878188536
2022-04-28,49.44636356533139
2022-04-29,49.82482927734873
2022-05-02,49.85309258292152
2022-05-03,49.88015595688451
2022-05-04,49.971844375010164
2022-05-05,49.78577265906456
2022-05-06,49.4426621851106
2022-05-09,49.31836547014272
2022-05-10,49.22082522939433
2022-05-11,49.18873009989855
2022-05-12,49.20216021327328
2022-05-13,49.32858118537946
2022-05-16,49.16388334043673
2022-05-17,49.60678454911027
2022-05-18,49.25777437945982
2022-05-19,49.18344279674778
2022-05-20,49.53115855634853
2022-05-23,49.60138408900134
2022-05-24,49.37343227155684
2022-05-25,49.5638793952488
2022-05-26,49.75092470643394
2022-05-27,50.12559914953911
2022-05-30,50.16216716723185
2022-05-31,50.247959577243996
2022-06-01,50.08758041180206
2022-06-02,50.26464086395166
2022-06-03,50.18208318021586
2022-06-06,50.41104328675454
2022-06-07,50.39981282255328
2022-06-08,50.57822765665448
2022-06-09,50.42363138962782
2022-06-10,50.270877210519814
2022-06-13,50.106961183931695
2022-06-14,49.84083690992163
2022-06-15,49.96198028110983
2022-06-16,49.69348967941383
2022-06-17,49.97431816879436
2022-06-20,49.987229367489626
2022-06-21,50.196781946162375
2022-06-22,49.992647683567725
2022-06-23,50.17974435791945
2022-06-24,50.43749163617333
2022-06-27,50.70905519640938
2022-06-28,50.58225934545864
2022-06-29,50.40225317971605
2022-06-30,50.40425816117315
2022-07-01,50.32256354983389
2022-07-04,50.44358854589919
2022-07-05,50.43018449753003
2022-07-06,50.001019924296976
2022-07-07,49.91399375104717
2022-07-08,49.920002238784676
2022-07-11,49.68949691022269
2022-07-12,49.550776275246776
2022-07-13,49.44297109566218
2022-07-14,49.421045155914165
2022-07-15,49.250344751417344
2022-07-18,49.456224350377774
2022-07-19,49.506573457434655
2022-07-20,49.61074677997384
2022-07-21,49.41358263985369
2022-07-22,49.62988150149228
2022-07-25,49.69486428824646
2022-07-26,49.78230287964978
2022-07-27,49.81015463413794
2022-07-28,50.016618722223825
2022-07-29,50.12596927667947
2022-08-01,50.208278641911086
2022-08-02,50.09033079469385
2022-08-03,50.100735778306316
2022-08-04,50.271282376506086
2022-08-05,50.46750817445178
2022-08-08,50.3580176368728
2022-08-09,50.40856099060975
2022-08-10,50.41169999905091
2022-08-11,50.563214346608085
2022-08-12,50.75126252600632
2022-08-15,50.83753812310214
2022-08-16,50.823090977515186
2022-08-17,50.87543461091866
2022-08-18,50.73731647429967
2022-08-19,50.67115413033845
2022-08-22,50.58440750005222
2022-08-23,50.57991949397085
2022-08-24,50.5498010724553
2022-08-25,50.88922355833534
2022-08-26,50.778406940475485
2022-08-29,50.57608772454208
2022-08-30,50.59392229640869
2022-08-31,50.45448766186007
2022-09-01,50.26398802537471
2022-09-02,50.165021029545386
2022-09-05,50.28569677222756
2022-09-06,50.38786592988127
2022-09-07,50.367738818792
2022-09-08,50.43543570490983
2022-09-09,50.73165324901103
2022-09-12,50.78455322553761
2022-09-13,50.62280019305305
2022-09-14,50.32853007346585
2022-09-15,50.199086661616036
2022-09-16,49.961490649239735
2022-09-19,50.02590220023882
2022-09-20,50.06183131644395
2022-09-21,49.89234550754213
2022-09-22,49.714555709521925
2022-09-23,49.62625738013531
2022-09-26,49.40964644968984
2022-09-27,49.51351554344296
2022-09-28,49.37539894880676
2022-09-29,49.32171646732017
2022-09-30,49.27335762531755
2022-10-03,49.35893255291883
2022-10-04,49.50891551139998
2022-10-05,49.78474731868396
2022-10-06,49.712359013409845
2022-10-07,49.494652780470425
2022-10-10,49.422168254489776
2022-10-11,49.25379304065869
2022-10-12,49.30192809019731
2022-10-13,49.32209915610326
2022-10-14,49.38756284473173
2022-10-17,49.501765174394976
2022-10-18,49.68992224592075
2022-10-19,49.4401419353248
2022-10-20,49.21709223872861
2022-10-21,49.29684052995891
2022-10-24,49.09071304430854
2022-10-25,49.23890948511287
2022-10-26,49.27649795261231
2022-10-27,49.233649983295095
2022-10-28,49.071480408672244
2022-10-31,48.89942471069586
2022-11-01,49.308875667541166
2022-11-02,49.382278925796896
2022-11-03,49.10079023254552
2022-11-04,49.58666210745078
2022-11-07,49.90137232979961
2022-11-08,49.929705230054886
2022-11-09,50.077167194226746
2022-11-10,50.23081221889869
2022-11-11,50.8846463176817
2022-11-14,50.819109818279706
2022-11-15,51.21730897313046
2022-11-16,51.190271792605955
2022-11-17,51.088694051554604
2022-11-18,51.055238119595955
2022-11-21,50.83223986357734
2022-11-22,50.82121812019243
2022-11-23,50.887570233062696
2022-11-24,51.01932426624784
2022-11-25,51.082470668607385
2022-11-28,50.90145268582571
2022-11-29,51.27845349109705
2022-11-30,51.532235716881594
2022-12-01,51.66156503710799
2022-12-02,51.728803819503845
2022-12-05,51.8644624083183
2022-12-06,51.629342669032226
2022-12-07,51.41429959154369
2022-12-08,51.670096258209
2022-12-09,51.851924761590794
2022-12-12,51.775445266401675
2022-12-13,51.810000584773604
2022-12-14,51.95523469709962
2022-12-15,51.59536104339748
2022-12-16,51.50423701539617
2022-12-19,51.49317846695012
2022-12-20,51.320430464868764
2022-12-21,51.5270504950651
2022-12-22,51.63610303030439
2022-12-23,51.52259533549304
2022-12-26,51.63668849599237
2022-12-27,51.71576271971152
2022-12-28,51.722279917919955
2022-12-29,51.7434076220562
2022-12-30,51.863470381912414
2023-01-03,52.021239168006275
2023-01-04,52.3188913301754
2023-01-05,52.446619375374205
2023-01-06,52.48022320507604
2023-01-09,52.789308049373254
2023-01-10,52.82671860134145
2023-01-11,52.87915753598615
2023-01-12,52.98964424528787
2023-01-13,53.17774033959679
2023-01-16,53.35588401845299
2023-01-17,53.377064740663435
2023-01-18,53.27689150551578
2023-01-19,53.35532704466763
2023-01-20,53.72041713981241
2023-01-23,53.780938550847026
2023-01-24,53.77729020248425
2023-01-25,53.776358586678306
2023-01-26,53.95246680373009
2023-01-27,53.99294915657915
2023-01-30,53.896348908016314
2023-01-31,53.76051274247964
