,daily_return_pct
2013-12-17,0.38168415236395825
2013-12-18,0.5371219064421822
2013-12-19,-0.42311466914344137
2013-12-20,-0.7483818255068941
2013-12-23,0.8146991566081321
2013-12-24,-0.06495021386118852
2013-12-25,0.33641842643422576
2013-12-26,0.2367132360437183
2013-12-27,0.3381494706372575
2013-12-30,-0.2801909170370437
2013-12-31,-0.15932766946716795
2014-01-02,0.30776679493289444
2014-01-03,0.396744893603443
2014-01-06,0.10017243367114098
2014-01-07,0.3031676705156515
2014-01-08,-0.4634755322271154
2014-01-09,0.01741202862286935
2014-01-10,0.44496390849403566
2014-01-13,-0.3051956138672084
2014-01-14,0.6399291657012699
2014-01-15,-0.0897920519537242
2014-01-16,-0.04689728028777135
2014-01-17,-0.21564170016135284
2014-01-20,0.42883660874877955
2014-01-21,0.09780947548423438
2014-01-22,-0.4826197481442984
2014-01-23,-0.6318416805315513
2014-01-24,-0.2767567517754047
2014-01-27,0.14012779223554142
2014-01-28,-0.15977790632020733
2014-01-29,-0.7169992732898137
2014-01-30,0.764117929350683
2014-01-31,-0.3243151848786522
2014-02-03,-1.1548316056941594
2014-02-04,-1.0876183815665823
2014-02-05,-0.40242748845950543
2014-02-06,0.9782866045970631
2014-02-07,1.1570456458868401
2014-02-10,-0.05485883346814843
2014-02-11,1.4313498613505078
2014-02-12,0.7160821398337566
2014-02-13,0.01911826113263957
2014-02-14,0.5387329324401524
2014-02-17,0.5297996314426162
2014-02-18,0.17264141527525556
2014-02-19,-0.15757730276102297
2014-02-20,-0.29953709913569027
2014-02-21,0.29132095753054393
2014-02-24,-0.08859540341709586
2014-02-25,-0.2297575484356299
2014-02-26,0.2697494534192271
2014-02-27,1.110031212262706
2014-02-28,0.1581705006983388
2014-03-03,-1.1120535175216697
2014-03-04,1.1051933460252503
2014-03-05,-0.17476056090643816
2014-03-06,0.3578943283882174
2014-03-07,-0.06674671336510701
2014-03-10,-0.9036721055908739
2014-03-11,-0.24424508783591747
2014-03-12,-0.8171070511490875
2014-03-13,-0.922625660336737
2014-03-14,-0.6415525871388431
2014-03-17,0.3260161182469009
2014-03-18,0.6141109659960727
2014-03-19,-0.3418471831811991
2014-03-20,-0.6030534619229684
2014-03-21,0.44719059732868677
2014-03-24,0.7060892187807216
2014-03-25,-0.04218208213928457
2014-03-26,0.005079744180570489
2014-03-27,-0.2170001495850912
2014-03-28,0.7578588519982555
2014-03-31,0.5880787478776986
2014-04-01,0.9921169250299602
2014-04-02,0.48710300031021625
2014-04-03,-0.200095462690834
2014-04-04,-0.07900594710567728
2014-04-07,-0.5049725476029188
2014-04-08,1.3043278965730642
2014-04-09,0.7309659795131999
2014-04-10,0.6546909637923337
2014-04-11,-0.605343483831566
2014-04-14,0.22797690318158675
2014-04-15,-1.108784186329995
2014-04-16,0.34201093294223417
2014-04-17,0.030932321125294773
2014-04-18,-0.005016922124458186
2014-04-21,-0.49140318866052474
2014-04-22,0.19344244855051712
2014-04-23,-0.49343234319834645
2014-04-24,0.0733699076671356
2014-04-25,-1.1834577709169862
2014-04-28,-0.6198698112954136
2014-04-29,1.091168215900488
2014-04-30,-0.5234970434737257
2014-05-01,-0.008032949025583398
2014-05-02,-0.07562180147401559
2014-05-05,0.1435510210079787
2014-05-06,-0.4853746238865009
2014-05-07,0.3216452626229094
2014-05-08,-0.053800239801555384
2014-05-09,0.1289594429254094
2014-05-12,0.5678878985074125
2014-05-13,0.04940152476198546
2014-05-14,-0.2563660559306335
2014-05-15,-0.5194387475866157
2014-05-16,0.21218609704534705
2014-05-19,0.2305189888355465
2014-05-20,-0.34224133975141774
2014-05-21,0.46333001102851584
2014-05-22,0.13995788941229212
2014-05-23,0.25302764972026176
2014-05-26,0.023126956833891387
2014-05-27,0.35770952292809033
2014-05-28,-0.04706739449095259
2014-05-29,0.3307918305436985
2014-05-30,0.12375596866375517
2014-06-02,0.01694393531800263
2014-06-03,0.16677866104400782
2014-06-04,-0.1491663166158466
2014-06-05,0.2824536750303138
2014-06-06,-0.07876077937776083
2014-06-09,0.17164964726896836
2014-06-10,0.31626842974661873
2014-06-11,-0.1188977309817819
2014-06-12,-0.24430405290908824
2014-06-13,0.32157091010136457
2014-06-16,0.12709542628443482
2014-06-17,-0.14877511212512745
2014-06-18,0.10650574960111471
2014-06-19,-0.18623717782868393
2014-06-20,0.13565944468884195
2014-06-23,-0.2637713141188521
2014-06-24,-0.02724699469602071
2014-06-25,0.052819668129755755
2014-06-26,0.3254423246312875
2014-06-27,0.08216663918352626
2014-06-30,0.059377601305584136
2014-07-01,0.09733202883178345
2014-07-02,0.3809886089330756
2014-07-03,0.07181142687864324
2014-07-04,0.03262379124671122
2014-07-07,-0.04016804538816361
2014-07-08,-0.08547730055070246
2014-07-09,-0.29673404535592884
2014-07-10,0.015054414280409116
2014-07-11,0.0415044818013025
2014-07-14,0.21565860247280433
2014-07-15,0.09489876012841172
2014-07-16,0.14450257477305942
2014-07-17,-0.18285134450706372
2014-07-18,0.08878654781714189
2014-07-21,-0.0782003206084114
2014-07-22,0.47942575567228773
2014-07-23,0.22366838660276392
2014-07-24,0.1693120306055203
2014-07-25,0.0269333697462768
2014-07-28,0.24838629012917243
2014-07-29,0.14447544296871362
2014-07-30,0.10220138716049879
2014-07-31,-0.2439920692441571
2014-08-01,-0.0863323412990841
2014-08-04,0.07817048959567312
2014-08-05,0.018012110226658447
2014-08-06,0.0258455628131312
2014-08-07,0.05967567318311079
2014-08-08,0.18761299003278387
2014-08-11,-0.049090099850025874
2014-08-12,-0.005546198771980877
2014-08-13,0.05173802636914275
2014-08-14,0.032184429883043056
2014-08-15,0.0335805071014464
2014-08-18,0.03815262678509548
2014-08-19,0.0007025315731042647
2014-08-20,0.023006917443756214
2014-08-21,-0.004264314345306636
2014-08-22,-0.012612210837867309
2014-08-25,0.04744762554614874
2014-08-26,0.01730549771935348
2014-08-27,0.06136137038760531
2014-08-28,0.020540078166506603
2014-08-29,0.02171033114236371
2014-09-01,0.10079727989638884
2014-09-02,0.0991094453392073
2014-09-03,-0.10435027677137082
2014-09-04,0.28798130496576285
2014-09-05,-0.10906120901474176
2014-09-08,-3.3496539707820004e-09
2014-09-09,-0.2938717169157448
2014-09-10,0.05549107114816456
2014-09-11,-0.14562748165538414
2014-09-12,-0.2235791290273118
2014-09-15,-0.005162992719142417
2014-09-16,-0.22436839526225094
2014-09-17,-0.20410874477719887
2014-09-18,-0.3011966791151983
2014-09-19,0.1354360128270688
2014-09-22,-0.7466882938335861
2014-09-23,0.22630336727841927
2014-09-24,0.3342766846044903
2014-09-25,-0.1854711083106922
2014-09-26,0.24747640073173352
2014-09-29,0.20477727706093607
2014-09-30,0.008199595822521485
2014-10-01,-0.666855193480484
2014-10-02,0.00025691552360375
2014-10-03,0.5551822849080125
2014-10-06,-0.07831731294667925
2014-10-07,-0.7623400521976804
2014-10-08,1.4215608983182615
2014-10-09,-0.9718798035337136
2014-10-10,-0.8823177008802091
2014-10-13,-1.070878263038915
2014-10-14,-0.09216754250781499
2014-10-15,-0.054109361927723754
2014-10-16,-0.38961513703825007
2014-10-17,0.5855894227629684
2014-10-20,0.7203890023772126
2014-10-21,0.5328415632588231
2014-10-22,-0.6703011811686989
2014-10-23,0.13982410914792276
2014-10-24,0.2421718056299026
2014-10-27,-0.5347217442419522
2014-10-28,1.5927430402265108
2014-10-29,0.6441460993096958
2014-10-30,0.6670439925036001
2014-10-31,1.3747734374227214
2014-11-03,-0.015956276310852988
2014-11-04,-0.07450137276295829
2014-11-05,-0.19196954884852713
2014-11-06,0.0753648733314337
2014-11-07,-0.03518701337021504
2014-11-10,1.3302471716910418
2014-11-11,-0.15704521808400385
2014-11-12,0.651855557185751
2014-11-13,-0.22133633516924744
2014-11-14,-0.0028592564000059634
2014-11-17,0.006988851441797367
2014-11-18,-0.2830981936388678
2014-11-19,-0.04041553563134518
2014-11-20,0.028756097820570446
2014-11-21,0.8783707093646612
2014-11-24,1.1395534708677721
2014-11-25,0.5384826676864827
2014-11-26,0.6502999430198698
2014-11-27,0.4803274888228526
2014-11-28,0.7117561180799313
2014-12-01,0.053805683800223165
2014-12-02,0.3792108663088577
2014-12-03,0.16347464809081352
2014-12-04,0.47894589210887806
2014-12-05,0.07006244816217702
2014-12-08,0.46962963382812045
2014-12-09,-0.4571904424017777
2014-12-10,0.35432317356706344
2014-12-11,-0.1340251473154358
2014-12-12,0.01561454375570572
2014-12-15,0.11644446102691361
2014-12-16,0.30547329620764957
2014-12-17,0.2254068699439052
2014-12-18,-0.04035671772078467
2014-12-19,0.062364525587164744
2014-12-22,0.010908385604569245
2014-12-23,-0.21388079885973638
2014-12-24,-0.27583288343241447
2014-12-25,0.39528915502617673
2014-12-26,0.37679722782429326
2014-12-29,0.054152686764291816
2014-12-30,0.037116228220581804
2014-12-31,0.18245127705400188
2015-01-02,-0.02272430095985804
2015-01-05,-1.2054658483409142
2015-01-06,-0.5924371476042962
2015-01-07,0.7772561299510078
2015-01-08,1.1939625002275738
2015-01-09,-0.5298918056399156
2015-01-12,-0.529452097662636
2015-01-13,-0.15891995461887462
2015-01-14,-0.3737210967260258
2015-01-15,-0.584608974289291
2015-01-16,0.9115262922874969
2015-01-19,0.01811347500203715
2015-01-20,0.11028909635485117
2015-01-21,0.32450997352199396
2015-01-22,1.0059383588752218
2015-01-23,-0.36800083240883547
2015-01-26,0.18952166058424302
2015-01-27,-0.8871505741192692
2015-01-28,-0.9080171504979732
2015-01-29,0.6432027974632389
2015-01-30,-0.8965178610080852
2015-02-02,-1.324022567133373
2015-02-03,1.4614244296308856
2015-02-04,-0.3315252697534961
2015-02-05,-0.3975873527509998
2015-02-06,-1.0432491077756376
2015-02-09,0.24900469732058975
2015-02-10,0.9911997901419501
2015-02-11,0.02955180236587145
2015-02-12,0.3394417164797563
2015-02-13,0.9086697224949275
2015-02-16,0.542187180488299
2015-02-17,0.4601509265993644
2015-02-18,0.08731311783210007
2015-02-19,-2.3121370287202174e-10
2015-02-20,1.328971401141854e-09
2015-02-23,0.008648272248644468
2015-02-24,-0.1604614148997613
2015-02-25,-0.6215507354361766
2015-02-26,1.5738177847962047
2015-02-27,-0.04614021109886671
2015-03-02,0.5482888442681739
2015-03-03,-1.366398821661256
2015-03-04,-0.2288963114067488
2015-03-05,-0.7441853075865804
2015-03-06,-0.6069498177942511
2015-03-09,0.6662761908143937
2015-03-10,-0.9737616040034114
2015-03-11,-0.28428186666150096
2015-03-12,1.1615100291517297
2015-03-13,0.13470777819772556
2015-03-16,1.4369816271005218
2015-03-17,0.34912107948899246
2015-03-18,1.5179796949880884
2015-03-19,0.3405136051827697
2015-03-20,0.5995646434758907
2015-03-23,0.8834946902339631
2015-03-24,-0.2946938490213023
2015-03-25,-0.4958089248976843
2015-03-26,-0.018945536211212505
2015-03-27,0.24854670660924688
2015-03-30,1.93943924055005
2015-03-31,-0.5000766672047121
2015-04-01,0.796598693361253
2015-04-02,0.5497119268344893
2015-04-03,0.3640337137340879
2015-04-06,8.011384574486899e-08
2015-04-07,1.3963971728198592
2015-04-08,0.23249228417296208
2015-04-09,-0.8042759717134483
2015-04-10,0.9152300654046948
2015-04-13,1.0061492536917476
2015-04-14,-0.22661412847372914
2015-04-15,-0.7753387504677041
2015-04-16,1.7028497904563311
2015-04-17,0.7852985133766218
2015-04-20,-0.4168399461067723
2015-04-21,0.7064854365235543
2015-04-22,1.2727704492211958
2015-04-23,-0.3972950014648409
2015-04-24,-0.30907085548017726
2015-04-27,0.7218263258225417
2015-04-28,-0.13634530198595107
2015-04-29,0.5828531937258352
2015-04-30,-0.3363847883624621
2015-05-01,4.767771171826541e-08
2015-05-04,0.07002236359232844
2015-05-05,0.010768265089166508
2015-05-06,0.04844307178025457
2015-05-07,0.026902706250564755
2015-05-08,0.09141511375366781
2015-05-11,0.06447797426838521
2015-05-12,0.05906831690498787
2015-05-13,0.06439840921413056
2015-05-14,0.04827165525088749
2015-05-15,0.05896700904869549
2015-05-18,0.07499867574106704
2015-05-19,0.026771606793213436
2015-05-20,0.037468210579325076
2015-05-21,0.026754430693420223
2015-05-22,0.05348736779906281
2015-05-25,0.04811418942746756
2015-05-26,0.02137661065741129
2015-05-27,0.032056456404259
2015-05-28,0.021365229329723505
2015-05-29,0.01602090464647335
2015-06-01,0.01832008904926724
2015-06-02,-0.09253285321813039
2015-06-03,0.003803486268154612
2015-06-04,-0.11875237556349547
2015-06-05,0.06701172211191479
2015-06-08,0.1475135940151414
2015-06-09,-0.13553164740037263
2015-06-10,0.10054758509010327
2015-06-11,0.06461226460458598
2015-06-12,-0.03725291277646588
2015-06-15,-0.05793506498541255
2015-06-16,-0.036628749520567494
2015-06-17,-0.06375614088798696
2015-06-18,0.016049794008100204
2015-06-19,0.26222441515086253
2015-06-22,7.529980007760733e-09
2015-06-23,-0.06033274952751325
2015-06-24,-0.017686172230004932
2015-06-25,-0.0017206671941764097
2015-06-26,-0.15750130670499943
2015-06-29,0.27450066280658625
2015-06-30,-0.2348010622818576
2015-07-01,0.058463581520149376
2015-07-02,-0.0017378532533164548
2015-07-03,0.004330849498489281
2015-07-06,0.032858581482010256
2015-07-07,0.0923730640123809
2015-07-08,-0.10812853286877525
2015-07-09,0.020569009760319796
2015-07-10,0.10822165584904776
2015-07-13,0.13464711686189038
2015-07-14,0.06607658491806341
2015-07-15,0.024835313994868307
2015-07-16,0.08914420140001876
2015-07-17,0.04981490912265124
2015-07-20,0.09042254663794712
2015-07-21,0.007563404902079155
2015-07-22,0.0351260723893296
2015-07-23,0.012828302268009531
2015-07-24,-0.03661573283402743
2015-07-27,-0.007766444536685244
2015-07-28,0.1208690020927702
2015-07-29,0.09602130226741687
2015-07-30,0.04348726675275883
2015-07-31,0.021640052461979295
2015-08-03,0.5411368946611895
2015-08-04,1.4152263798023499
2015-08-05,-1.0499148963529301
2015-08-06,-0.41763240195806517
2015-08-07,1.075252358147314
2015-08-10,2.3749414395944433
2015-08-11,0.9919703382061358
2015-08-12,1.2395090149505497
2015-08-13,0.20941368677037442
2015-08-14,-0.37970195419216357
2015-08-17,0.22305304176489466
2015-08-18,-2.9050041396813713
2015-08-19,0.7635260561947486
2015-08-20,-0.7030735397783249
2015-08-21,-1.2433455854616182
2015-08-24,-4.75595956528401
2015-08-25,-3.8931833694926947
2015-08-26,-0.8293948333303575
2015-08-27,2.215042845658596
2015-08-28,2.273800619113296
2015-08-31,0.3932877603877227
2015-09-01,-0.11235422053923895
2015-09-02,0.1330299171321983
2015-09-03,0.005556524045779184
2015-09-04,-0.07373797917554663
2015-09-07,0.06577550368026823
2015-09-08,0.11724012069883151
2015-09-09,-0.029404099234719736
2015-09-10,0.05154129497378022
2015-09-11,0.08550873253861496
2015-09-14,0.011299418340765156
2015-09-15,0.04761108757500459
2015-09-16,0.034879667182617154
2015-09-17,0.025740944373944554
2015-09-18,-0.05804125995889648
2015-09-21,0.05537933027813908
2015-09-22,-0.05113926442344206
2015-09-23,-0.004692176031402537
2015-09-24,-0.003855785501416566
2015-09-25,0.011908343737557205
2015-09-28,-0.09648837763336311
2015-09-29,0.03832835758482969
2015-09-30,0.10558643547753692
2015-10-01,0.018647731579421775
2015-10-02,0.13441031079993718
2015-10-05,0.17139204190533344
2015-10-06,-0.03399258471055229
2015-10-07,0.07568446492654562
2015-10-08,0.4272779119403399
2015-10-09,0.13230215577853768
2015-10-12,0.3219448867005649
2015-10-13,-0.05866246520462228
2015-10-14,-0.12945370347305665
2015-10-15,0.35289008205890915
2015-10-16,0.17967601410284728
2015-10-19,0.03666753074759719
2015-10-20,0.0957154292241406
2015-10-21,-0.2881495823727077
2015-10-22,0.3027312593160484
2015-10-23,0.263073542725584
2015-10-26,0.058819689626807316
2015-10-27,0.02665366008853246
2015-10-28,-0.02289870374415251
2015-10-29,0.04563682792687777
2015-10-30,-0.014216138595657233
2015-11-02,0.06167446588597539
2015-11-03,0.020549705186462763
2015-11-04,0.010273268196887172
2015-11-05,0.02567855566231282
2015-11-06,0.005134919945569164
2015-11-09,0.020537041640305512
2015-11-10,0.015400015703522603
2015-11-11,-6.693474936114443e-10
2015-11-12,0.005132808567814703
2015-11-13,-0.005132813842157306
2015-11-16,0.030792920887346094
2015-11-17,0.005131230938360334
2015-11-18,0.015392117417580169
2015-11-19,0.015389745085860253
2015-11-20,0.005129389629537268
2015-11-23,0.03077080866591797
2015-11-24,0.02050861389407961
2015-11-25,0.030755036290766865
2015-11-26,0.015373971875041206
2015-11-27,0.025618035254738332
2015-11-30,0.05121638927778775
2015-12-01,0.10163533893506813
2015-12-02,0.42513498954503287
2015-12-03,0.12265195977263116
2015-12-04,-0.15661049741898633
2015-12-07,0.07576904502859601
2015-12-08,-0.18372319642674864
2015-12-09,0.07150817239148599
2015-12-10,0.014865470498836773
2015-12-11,-0.050945493611446964
2015-12-14,0.3604678908924217
2015-12-15,-0.037479762649882405
2015-12-16,0.004624197031018278
2015-12-17,0.2476905912998011
2015-12-18,0.06738248159262901
2015-12-21,0.3683310620323553
2015-12-22,0.06270624690091668
2015-12-23,-0.02082010956479223
2015-12-24,-0.062146761353153786
2015-12-25,0.05724495680801556
2015-12-28,-0.24520940338290856
2015-12-29,0.13820703636763476
2015-12-30,0.06389172760647242
2015-12-31,-0.09731075794877951
2016-01-04,-1.1090902301491266
2016-01-05,-0.10903871722439387
2016-01-06,-0.6111009678806764
2016-01-07,-1.4936221088457626
2016-01-08,-0.12533595463799835
2016-01-11,-0.6856882521214611
2016-01-12,0.004781237912804302
2016-01-13,-0.34432876211144026
2016-01-14,0.304157173848533
2016-01-15,-0.9841942432530644
2016-01-18,-0.39605201440584376
2016-01-19,0.5629399733325111
2016-01-20,-1.3804722504776437
2016-01-21,-0.3253250112805533
2016-01-22,1.327244905147725
2016-01-25,-0.07229927089635795
2016-01-26,-0.2971362837693052
2016-01-27,-0.03972465645928718
2016-01-28,0.35873825675511073
2016-01-29,1.3256015463247584
2016-02-01,-0.7378707194717418
2016-02-02,-0.010292009366147254
2016-02-03,-1.851920182079946
2016-02-04,1.0604087702002278
2016-02-05,0.21272441231235434
2016-02-08,0.0
2016-02-09,0.0
2016-02-10,0.0
2016-02-11,-2.8786579106007033
2016-02-12,-0.9001472279802789
2016-02-15,2.2039921673971374
2016-02-16,1.5912643676192522
2016-02-17,-0.5317994490793121
2016-02-18,1.596248491303321
2016-02-19,-0.31290587502925227
2016-02-22,1.2573969084558385
2016-02-23,-0.43940707102190246
2016-02-24,-0.6711829930609438
2016-02-25,-2.85774630105577
2016-02-26,2.089185158239043
2016-02-29,-1.6073838839666421
2016-03-01,1.6122958421372555
2016-03-02,2.228177438322209
2016-03-03,0.197192602910939
2016-03-04,1.220843718691792
2016-03-07,0.1077043985556498
2016-03-08,-0.10743585449406709
2016-03-09,-0.7616717217513429
2016-03-10,-0.89952099196155
2016-03-11,0.8400372598106174
2016-03-14,0.6858158820764101
2016-03-15,-0.7003238629949844
2016-03-16,0.3285108583645315
2016-03-17,1.1647281513870438
2016-03-18,0.8528435366153713
2016-03-21,0.572647570647113
2016-03-22,-0.1333661111704608
2016-03-23,-0.21111830886267943
2016-03-24,-1.465656612473307
2016-03-25,0.26802998300101777
2016-03-28,-0.4715121086569731
2016-03-29,-0.21437568847989327
2016-03-30,1.9142504080177045
2016-03-31,-0.27571949314597133
2016-04-01,-0.009293183498501972
2016-04-04,-2.380606950615331e-09
2016-04-05,-0.10399711038072432
2016-04-06,0.024180775645416368
2016-04-07,-0.2379239847989197
2016-04-08,0.20213795101057455
2016-04-11,0.4799026887793888
2016-04-12,0.10179558891833111
2016-04-13,0.47261755232266034
2016-04-14,-0.0527843621418628
2016-04-15,-0.0801315035403365
2016-04-18,-0.3075429035224243
2016-04-19,0.4022892429918126
2016-04-20,-0.30885360232008835
2016-04-21,0.5020739620700214
2016-04-22,-0.4366015649400927
2016-04-25,-0.3622382715936777
2016-04-26,0.11613938777448413
2016-04-27,0.20568587230479654
2016-04-28,0.09283961400120283
2016-04-29,0.2149931630385612
2016-05-02,0.04138649487135307
2016-05-03,-0.010254818407633641
2016-05-04,-0.13086380153161256
2016-05-05,-0.034240330678053335
2016-05-06,-0.5423869932331787
2016-05-09,-0.22922213816340473
2016-05-10,0.14960369437576782
2016-05-11,-0.09644184108907661
2016-05-12,-0.010675427568146307
2016-05-13,-0.20232182273582083
2016-05-16,0.2591816102053583
2016-05-17,0.06388739462920506
2016-05-18,-0.2729897456753136
2016-05-19,-0.1309685039403979
2016-05-20,0.21441915178716678
2016-05-23,-0.007396304558063876
2016-05-24,-0.011669248397588308
2016-05-25,0.35377956117917536
2016-05-26,0.048454580248853164
2016-05-27,0.11516494529179998
2016-05-30,0.0865364711779101
2016-05-31,0.545275198335624
2016-06-01,-0.1328887271763986
2016-06-02,0.32925619806759204
2016-06-03,0.2432834202827664
2016-06-06,0.22449043602954635
2016-06-07,0.5365683781732342
2016-06-08,-0.04842434280115167
2016-06-09,-0.061773685653123946
2016-06-10,-0.7644319071288842
2016-06-13,-2.090770281557604
2016-06-14,-0.1968042987561799
2016-06-15,0.44149160823126415
2016-06-16,-0.8454647607530335
2016-06-17,0.26009840276884133
2016-06-20,0.8300873820221211
2016-06-21,0.31596142651750536
2016-06-22,0.4094418037801286
2016-06-23,0.45349072509349747
2016-06-24,-2.745789243182636
2016-06-27,-0.31681410110305747
2016-06-28,0.6779728044714436
2016-06-29,1.2076060068728647
2016-06-30,1.1311773249228803
2016-07-01,0.5948065450602449
2016-07-04,1.2617036274348805
2016-07-05,-0.2714364161461669
2016-07-06,1.0226084221920198
2016-07-07,-0.22543594304219455
2016-07-08,-0.20330255345899617
2016-07-11,0.4944936813629687
2016-07-12,0.7553009494814839
2016-07-13,-0.25223866811221285
2016-07-14,-0.26106198694285804
2016-07-15,-0.010673817023906853
2016-07-18,-0.2520888114594161
2016-07-19,-0.030195275399654248
2016-07-20,-0.21282852848326644
2016-07-21,-0.38306950973159937
2016-07-22,-0.005148407516880116
2016-07-25,-0.20217057250263404
2016-07-26,0.5244350500957106
2016-07-27,-0.6277632213652841
2016-07-28,0.6305261047130424
2016-07-29,-0.40496005243678035
2016-08-01,0.41477487364681037
2016-08-02,0.2379102074788715
2016-08-03,-0.3244280107333911
2016-08-04,-0.13626574406188885
2016-08-05,0.8296682622130294
2016-08-08,0.014486337526639304
2016-08-09,0.08342886837473838
2016-08-10,0.39696622839631024
2016-08-11,-0.21882727380240946
2016-08-12,0.574222794435251
2016-08-15,0.749585804209303
2016-08-16,0.05403379680269792
2016-08-17,-0.3254658953987011
2016-08-18,0.4398909778271308
2016-08-19,-0.1069781942744987
2016-08-22,-0.3193185019663548
2016-08-23,0.07477229115487118
2016-08-24,-0.26437298558573175
2016-08-25,-0.35656468187501944
2016-08-26,0.12270067076434087
2016-08-29,-0.22434768344128048
2016-08-30,0.3620785785999874
2016-08-31,-0.09694838194097366
2016-09-01,0.0031411613787501375
2016-09-02,0.20711752813162304
2016-09-05,0.44232931065813397
2016-09-06,0.30782100211076435
2016-09-07,-0.06955596843861614
2016-09-08,0.18750084267234732
2016-09-09,0.0415430134927107
2016-09-12,-1.2252466125586998
2016-09-13,-0.08185671905661145
2016-09-14,-0.17749689277191452
2016-09-15,0.15088237471622543
2016-09-16,-4.545331940354946e-10
2016-09-19,0.3907026473184957
2016-09-20,-0.04323243150857629
2016-09-21,0.2273705228217315
2016-09-22,0.282323265137511
2016-09-23,-0.17912150624586795
2016-09-26,-0.7765035268629393
2016-09-27,0.41900113173040054
2016-09-28,-0.0280480721706099
2016-09-29,0.24608893534919085
2016-09-30,-0.3729757198746791
2016-10-03,-2.8791573381816675e-09
2016-10-04,-4.707062840889559e-09
2016-10-05,4.246912977714023e-09
2016-10-06,6.247626176246826e-10
2016-10-07,-3.2520761696289763e-09
2016-10-10,-0.2989700622009972
2016-10-11,-0.007731089366273869
2016-10-12,-0.05336596401980551
2016-10-13,0.06374356874162905
2016-10-14,-0.0013254265231348247
2016-10-17,-0.01152660304749114
2016-10-18,0.17305764501057097
2016-10-19,0.11682564623360596
2016-10-20,0.18900349951361659
2016-10-21,0.02355078014445189
2016-10-24,0.13815622995989085
2016-10-25,0.037572226248895335
2016-10-26,0.031505459807683205
2016-10-27,-0.06711285503581442
2016-10-28,0.021057142014193134
2016-10-31,0.05687184430334202
2016-11-01,0.05093449861237007
2016-11-02,-0.2792501848173084
2016-11-03,0.1565888534177805
2016-11-04,-0.09580771078060774
2016-11-07,0.41552668544261906
2016-11-08,0.1677114986090636
2016-11-09,0.07062993104312153
2016-11-10,0.30026358510565243
2016-11-11,0.1687122203107318
2016-11-14,0.10459551807561095
2016-11-15,0.12287545164274369
2016-11-16,-0.031414640321987986
2016-11-17,0.12891746359528664
2016-11-18,-0.16534706908352997
2016-11-21,0.31006888824413514
2016-11-22,0.22464183760115405
2016-11-23,0.06524152025319362
2016-11-24,0.10026919166851632
2016-11-25,0.2897540143585059
2016-11-28,0.028767972783794244
2016-11-29,0.2084821042323479
2016-11-30,-0.21419432261148919
2016-12-01,0.04915846114545236
2016-12-02,-0.3532682158468489
2016-12-05,-0.35187419123265706
2016-12-06,-0.11324869203003012
2016-12-07,0.1731964552587753
2016-12-08,0.17455029563240146
2016-12-09,0.08722214636939166
2016-12-12,-0.8552061267664941
2016-12-13,0.04060927021528131
2016-12-14,-0.13602174258348398
2016-12-15,-0.7040716939382959
2016-12-16,-0.11199501507848875
2016-12-19,-0.05392113016292839
2016-12-20,-0.31600436675139554
2016-12-21,0.15863166796333839
2016-12-22,-0.1571711016666
2016-12-23,-0.1469422699441213
2016-12-26,0.19889162136242994
2016-12-27,-0.02628220846477196
2016-12-28,-0.07530115945591925
2016-12-29,0.11267125969289264
2016-12-30,0.31406598982738365
2017-01-03,0.08706822433341456
2017-01-04,0.11595062390945679
2017-01-05,0.07199658419879824
2017-01-06,-0.05361172922102881
2017-01-09,0.14803066647176255
2017-01-10,0.13501267422988972
2017-01-11,-0.03925575947291398
2017-01-12,-0.027042435220374514
2017-01-13,-0.026215002837606687
2017-01-16,0.07352174872980834
2017-01-17,0.1018000325990284
2017-01-18,0.06823915865326599
2017-01-19,-0.20395305832180505
2017-01-20,0.10394133727045926
2017-01-23,0.09037302902825081
2017-01-24,0.016113863379613375
2017-01-25,-0.06525398057609905
2017-01-26,0.056130885089992893
2017-01-27,-0.0032873186865056627
2017-01-30,-5.364847367853859e-10
2017-01-31,-7.924867712300101e-11
2017-02-01,0.004897469485784195
2017-02-02,0.00935874241216662
2017-02-03,0.39681733733000446
2017-02-06,0.12199741904023523
2017-02-07,0.11555008433320549
2017-02-08,0.01955015987021921
2017-02-09,0.22189919323807245
2017-02-10,-0.1203603089838759
2017-02-13,0.20322094933242812
2017-02-14,0.018586708260465185
2017-02-15,0.0006380720514296556
2017-02-16,0.08012500031961516
2017-02-17,0.11615833186090639
2017-02-20,0.01697208008061838
2017-02-21,0.12986200282701127
2017-02-22,7.213996979613287e-06
2017-02-23,0.016187227415527028
2017-02-24,0.2968590108066566
2017-02-27,0.07976280628748264
2017-02-28,-0.0819280354094945
2017-03-01,0.1790182387043403
2017-03-02,-0.11346956485574272
2017-03-03,-0.1487218045995427
2017-03-06,-0.03198031766787443
2017-03-07,-0.0893008848802553
2017-03-08,-0.1628303031057456
2017-03-09,-0.12855634670811977
2017-03-10,-0.08828216081195958
2017-03-13,0.19351779329463747
2017-03-14,-0.15238319985151622
2017-03-15,0.21081523179099992
2017-03-16,0.2424426054028343
2017-03-17,-0.0623021514425835
2017-03-20,0.07004398549090153
2017-03-21,-0.3897561281973313
2017-03-22,0.2401790155854458
2017-03-23,-0.02100900801925128
2017-03-24,-0.05970965226098256
2017-03-27,0.2181659534043392
2017-03-28,0.09473088759049955
2017-03-29,0.0030346163235148438
2017-03-30,0.0854972562608788
2017-03-31,-0.20055248546412227
2017-04-03,0.10826208113714897
2017-04-04,0.006254893676609082
2017-04-05,0.3470332923203068
2017-04-06,-0.04973040140560724
2017-04-07,0.1367367206948094
2017-04-10,-0.059198222829980926
2017-04-11,-0.14126360990641035
2017-04-12,0.2996146544933451
2017-04-13,-0.011205733275522892
2017-04-14,-0.031182261335197938
2017-04-17,0.0730921632269973
2017-04-18,-0.3712076946942845
2017-04-19,-0.15115525780417383
2017-04-20,0.2877495123457061
2017-04-21,-0.04494655827469615
2017-04-24,0.07546391210177165
2017-04-25,0.3442437108354338
2017-04-26,0.043200384501077334
2017-04-27,0.1227934713403949
2017-04-28,-0.07553313387947061
2017-05-01,1.7046872872551356e-07
2017-05-02,-0.08144543881853644
2017-05-03,-0.06640392514066877
2017-05-04,-0.2307673189964736
2017-05-05,-0.1383248165333576
2017-05-08,-0.06663411516151807
2017-05-09,0.06013285364562461
2017-05-10,-0.12039009689643448
2017-05-11,0.08548071306184346
2017-05-12,0.11430862378595637
2017-05-15,0.08159795419216503
2017-05-16,0.17311458197977803
2017-05-17,-0.06853816917468247
2017-05-18,0.020375478945413236
2017-05-19,-0.022626234596681647
2017-05-22,0.09733632721055653
2017-05-23,0.11105127310608777
2017-05-24,-0.1322375639751036
2017-05-25,0.29635187256873236
2017-05-26,-0.04163995725791867
2017-05-29,0.020452323650034448
2017-05-30,-1.1871438543392073e-07
2017-05-31,0.05757909285725593
2017-06-01,0.19073060829206562
2017-06-02,0.035493645539790265
2017-06-05,-0.19024898298823287
2017-06-06,0.31452199648719964
2017-06-07,0.2958816126273181
2017-06-08,0.30338224701834393
2017-06-09,0.06212299783027436
2017-06-12,-0.3376686125858714
2017-06-13,0.2121807116042052
2017-06-14,-0.3344370110571559
2017-06-15,-0.3768981119704415
2017-06-16,-0.0037761986672906946
2017-06-19,0.6033993854424322
2017-06-20,-0.1342857820924711
2017-06-21,0.1640076748905945
2017-06-22,-0.0031430092235341027
2017-06-23,0.2562081679764364
2017-06-26,0.5728412006846093
2017-06-27,0.03071755622960496
2017-06-28,-0.36489424256467984
2017-06-29,0.48564184074268046
2017-06-30,-0.20058610817962022
2017-07-03,-0.057643662885814934
2017-07-04,-0.14453745389984318
2017-07-05,0.19369090913959777
2017-07-06,-0.01506748780097266
2017-07-07,-0.010803468024288576
2017-07-10,-0.0030628465729489046
2017-07-11,0.09701013261846005
2017-07-12,-0.04562486713346011
2017-07-13,0.11212338119416179
2017-07-14,0.0922097701031385
2017-07-17,-0.11489920875644172
2017-07-18,0.025897301362916004
2017-07-19,0.29417880089772597
2017-07-20,0.09393634892986759
2017-07-21,-0.06413470513117535
2017-07-24,0.09973209121618395
2017-07-25,-0.10660109472360964
2017-07-26,-0.08891729202522919
2017-07-27,0.05896432517201562
2017-07-28,0.06899258469594999
2017-07-31,0.11018225965824965
2017-08-01,0.545796233527204
2017-08-02,0.06909825696441307
2017-08-03,-0.35800898030028105
2017-08-04,0.005511824582428596
2017-08-07,0.3342487707232837
2017-08-08,0.15626782791095123
2017-08-09,-0.14990603430039273
2017-08-10,-1.043271688592407
2017-08-11,-1.0744563987704159
2017-08-14,1.1231160348039364
2017-08-15,-0.05431123520035239
2017-08-16,0.34920197791806373
2017-08-17,-0.5640532749027244
2017-08-18,-0.4558524030126073
2017-08-21,0.27324607299305376
2017-08-22,0.76262645756166
2017-08-23,-0.10962120026436498
2017-08-24,-0.029628081212415423
2017-08-25,0.8154856271727243
2017-08-28,0.27636830500437115
2017-08-29,-0.1409198022590643
2017-08-30,0.6134874661457653
2017-08-31,-0.013203976566489573
2017-09-01,0.09649768958455249
2017-09-04,0.062411765051705294
2017-09-05,-0.14403795374681644
2017-09-06,-0.03418341379111612
2017-09-07,-0.056417383146049375
2017-09-08,-0.0560873463881033
2017-09-11,0.2503339558609392
2017-09-12,0.11467156772369932
2017-09-13,0.034959144204788434
2017-09-14,-0.06970350660996441
2017-09-15,0.05020008317437218
2017-09-18,0.08617743939812575
2017-09-19,-0.018092342357889597
2017-09-20,0.058071852579037096
2017-09-21,-0.08971203063845311
2017-09-22,-0.0015796933365678403
2017-09-25,-0.11142308805892048
2017-09-26,0.013263020611864464
2017-09-27,0.09627479948512191
2017-09-28,0.04374608199721431
2017-09-29,0.14833666207466992
2017-10-02,1.2506167214006402e-09
2017-10-03,2.3549527298041933e-08
2017-10-04,7.896833078466202e-09
2017-10-05,1.821294934722391e-09
2017-10-06,2.5073281291169094e-09
2017-10-09,0.16425621567055598
2017-10-10,0.03883747661754036
2017-10-11,0.001968963051633528
2017-10-12,0.1090389525618784
2017-10-13,0.028828111804295512
2017-10-16,0.08391291910383301
2017-10-17,-0.09440935847353708
2017-10-18,0.05850159016307735
2017-10-19,-0.0711486978915444
2017-10-20,0.006906831790906747
2017-10-23,-0.012298775340650499
2017-10-24,0.14422447360923685
2017-10-25,-0.004097159323402627
2017-10-26,0.12423440364724095
2017-10-27,-0.004920164537072821
2017-10-30,-0.019160012062719674
2017-10-31,0.026651899209002447
2017-11-01,-0.03660653394523318
2017-11-02,0.0061241157728460375
2017-11-03,0.028439704160737992
2017-11-06,0.0934744980184258
2017-11-07,0.14563380279286955
2017-11-08,-0.007224845322611945
2017-11-09,0.082783474272868
2017-11-10,0.11335191455098528
2017-11-13,0.0343678863941259
2017-11-14,-0.08875755582623272
2017-11-15,-0.09596906267615968
2017-11-16,0.09870957612566941
2017-11-17,0.06774181846560702
2017-11-20,0.13255517595826394
2017-11-21,0.18859326425755232
2017-11-22,0.017109746362439015
2017-11-23,-0.31567663664523804
2017-11-24,0.03198964844587639
2017-11-27,-0.1375460612933582
2017-11-28,0.1142382106357599
2017-11-29,-0.004432458450671533
2017-11-30,-0.13052600137691295
2017-12-01,-0.33906158957704013
2017-12-04,0.1427804873123279
2017-12-05,-0.1604138451803951
2017-12-06,-0.9137991040370352
2017-12-07,-0.3324186621637697
2017-12-08,0.4692627239215993
2017-12-11,0.8670540817468557
2017-12-12,-0.5906055170188433
2017-12-13,0.6382119392014072
2017-12-14,-0.08172665873950649
2017-12-15,-0.4522379367006466
2017-12-18,0.32732844340004746
2017-12-19,0.5880641480603047
2017-12-20,-0.1169710512962191
2017-12-21,0.39212013199961016
2017-12-22,0.10885012452024993
2017-12-25,0.09486677779741845
2017-12-26,0.0934501611518063
2017-12-27,-0.4032565145213432
2017-12-28,0.578710150609279
2017-12-29,0.029877873617843425
2018-01-02,0.07457585461871023
2018-01-03,-0.01863874635130706
2018-01-04,-0.018642222403320766
2018-01-05,0.04970487573127047
2018-01-08,0.062096372689193435
2018-01-09,1.3517718301518909e-09
2018-01-10,0.01862139498512191
2018-01-11,-0.018621392413130777
2018-01-12,-0.03725319323601641
2018-01-15,0.006209832934922001
2018-01-16,0.01241850442403919
2018-01-17,0.006208671220466331
2018-01-18,0.012416189287907112
2018-01-19,-0.006207900777897457
2018-01-22,0.018622553970038647
2018-01-23,0.01861908656735407
2018-01-24,0.024820053764251924
2018-01-25,0.006204050958653147
2018-01-26,0.031014483678036157
2018-01-29,-3.166082577873102e-10
2018-01-30,0.018604070804749035
2018-01-31,2.1363655740970227e-09
2018-02-01,-2.3092949762547509e-10
2018-02-02,0.012400793756095627
2018-02-05,0.018598307382706396
2018-02-06,0.012396949370706581
2018-02-07,0.006197898069828443
2018-02-08,0.006197514419459169
2018-02-09,0.012393876168050608
2018-02-12,0.030977975314223596
2018-02-13,0.02477547280854066
2018-02-14,0.030960711541811497
2018-02-15,1.6444487809165713e-10
2018-02-16,1.3037371978931702e-12
2018-02-20,-6.957335976872064e-11
2018-02-21,9.35832282588317e-11
2018-02-22,0.08045301709441417
2018-02-23,0.04329406030790407
2018-02-26,0.06799567596604855
2018-02-27,0.07412440813901053
2018-02-28,0.06172839645383255
2018-03-01,-0.35549914918092906
2018-03-02,-0.15156712109685255
2018-03-05,0.5689422792448411
2018-03-06,0.7312756360971155
2018-03-07,-0.39332648842429785
2018-03-08,0.7272877954928524
2018-03-09,1.243389227827303
2018-03-12,0.16452593237934254
2018-03-13,-0.7622361089436314
2018-03-14,-0.5063918959991702
2018-03-15,0.2401940704857163
2018-03-16,-0.4023564518362542
2018-03-19,-0.4960643653883966
2018-03-20,0.11643226775981617
2018-03-21,-0.29690941123471226
2018-03-22,-1.7778885761240149
2018-03-23,-2.515863648974638
2018-03-26,1.0180665118099301
2018-03-27,-0.4430906052769975
2018-03-28,-1.0557334674392092
2018-03-29,1.3473066820620603
2018-03-30,0.057078865400567544
2018-04-02,-0.6207955679346092
2018-04-03,0.31362418095288597
2018-04-04,-0.29834092073707746
2018-04-05,0.17853258840820266
2018-04-06,-0.2916389575421397
2018-04-09,0.43888886384503206
2018-04-10,1.162180452283906
2018-04-11,0.051485336622421364
2018-04-12,0.011789336235987158
2018-04-13,-0.19401988441064233
2018-04-16,-0.4449187727670207
2018-04-17,-0.17822752877342576
2018-04-18,0.3054454331162664
2018-04-19,0.4143808108268471
2018-04-20,-0.6667682392564315
2018-04-23,-0.10216972318908396
2018-04-24,0.2943897156034522
2018-04-25,-0.2726611979330055
2018-04-26,-0.299451454635891
2018-04-27,0.2830664542834099
2018-04-30,0.23645240529760667
2018-05-01,0.1837728651512561
2018-05-02,-0.6157119168367541
2018-05-03,-0.1420284750208451
2018-05-04,0.9501569483499681
2018-05-07,0.3115498294742053
2018-05-08,-0.050342664356977755
2018-05-09,0.653956087115233
2018-05-10,0.6940953534235498
2018-05-11,0.1855014917046044
2018-05-14,0.03259859753182415
2018-05-15,-0.6101328987522134
2018-05-16,0.03047840641776428
2018-05-17,-0.1778940088118153
2018-05-18,-0.17968859576677138
2018-05-21,0.46776317721733274
2018-05-22,-0.1632130884189632
2018-05-23,0.26580511942293494
2018-05-24,0.0012433765954801557
2018-05-25,-0.03415064825677985
2018-05-28,-0.10471903161601874
2018-05-29,-0.7244754912463763
2018-05-30,0.952461660051769
2018-05-31,-0.4462141444623521
2018-06-01,0.45418034411932534
2018-06-04,0.6541234588030875
2018-06-05,0.11668381943684122
2018-06-06,0.4986589671900033
2018-06-07,0.2106793504475556
2018-06-08,-0.39620718861949017
2018-06-11,0.15205264539949065
2018-06-12,0.10413865105892699
2018-06-13,-0.5183747374404128
2018-06-14,-0.1688642297765991
2018-06-15,-0.16914433237039248
2018-06-18,-0.08381053139506922
2018-06-19,-0.9740385786940785
2018-06-20,0.3065384235368111
2018-06-21,-0.6347654914153885
2018-06-22,0.11814066364401672
2018-06-25,-0.9099203616495428
2018-06-26,0.006827709540178595
2018-06-27,-0.8771282641061842
2018-06-28,0.39864653068143174
2018-06-29,0.5348091298099666
2018-07-02,-0.16619650690695772
2018-07-03,0.001958650719316054
2018-07-04,-0.04563151181413658
2018-07-05,-0.031588577621570565
2018-07-06,0.0918934327655869
2018-07-09,0.23446607357758228
2018-07-10,-0.017972363671492846
2018-07-11,-0.108359570059777
2018-07-12,0.13598195687704334
2018-07-13,0.01728181461282758
2018-07-16,0.021297393957446526
2018-07-17,-0.053255168643920735
2018-07-18,-0.23247732093234733
2018-07-19,0.10536599590535824
2018-07-20,0.21207479476711985
2018-07-23,0.2214503334136006
2018-07-24,0.11622668804446125
2018-07-25,0.025874130430566914
2018-07-26,-0.053434273394847014
2018-07-27,-0.04851999826056659
2018-07-30,0.055481451685140515
2018-07-31,0.03523188080645831
2018-08-01,0.016894193044375602
2018-08-02,-0.05870568534306876
2018-08-03,0.0407539537675729
2018-08-06,-0.026515300156005537
2018-08-07,0.023875185649130933
2018-08-08,-0.06457613865404677
2018-08-09,-0.012657332162796775
2018-08-10,-0.043586047063094116
2018-08-13,0.07018254820662148
2018-08-14,-0.2380201068609318
2018-08-15,-0.022639665584430372
2018-08-16,-0.3772622753542181
2018-08-17,-0.10078275909612044
2018-08-20,0.18017612516660153
2018-08-21,0.16070199982720978
2018-08-22,-0.0526256355842164
2018-08-23,0.056848297236537455
2018-08-24,-0.012986410284323995
2018-08-27,0.1630016586666405
2018-08-28,0.10162679630798369
2018-08-29,-0.1497952145618137
2018-08-30,0.08057936790080666
2018-08-31,0.02682481414521217
2018-09-03,0.03388190701815876
2018-09-04,-0.01186170018943035
2018-09-05,-0.07456738996441341
2018-09-06,-0.08175881851669757
2018-09-07,-0.03297246970592984
2018-09-10,0.06333966317026851
2018-09-11,0.08449036404756496
2018-09-12,0.004697988856433585
2018-09-13,0.1463664790089657
2018-09-14,0.028635332367581513
2018-09-17,-0.11342299001677121
2018-09-18,0.15421926282238183
2018-09-19,0.05586214896449322
2018-09-20,0.19015180436923362
2018-09-21,0.042162795860803036
2018-09-24,-0.08144574546164739
2018-09-25,0.005118130355788276
2018-09-26,-0.047977786187444145
2018-09-27,0.0734375998609844
2018-09-28,0.03416523794193544
2018-10-01,0.24002563216759298
2018-10-02,-0.02620033899227657
2018-10-03,0.04697147018462311
2018-10-04,-0.541745057929685
2018-10-05,-0.36608909435082754
2018-10-08,-1.5195973981471824
2018-10-09,-0.11650456751740819
2018-10-10,-2.280188516894527
2018-10-11,-3.042903309417305
2018-10-12,1.4345253941374345
2018-10-15,-0.868651450918906
2018-10-16,1.1267042186737728
2018-10-17,0.1719330464823156
2018-10-18,-1.7713371505488185
2018-10-19,0.971477979992514
2018-10-22,1.1505721488149885
2018-10-23,-1.2790235308136817
2018-10-24,-2.0195528446645894
2018-10-25,1.2836961371963767
2018-10-26,-1.3748385827771934
2018-10-29,-1.4859320160918155
2018-10-30,1.392964867752686
2018-10-31,1.1851006332642593
2018-11-01,0.12434676737584818
2018-11-02,0.013591852071239611
2018-11-05,0.030643208469263356
2018-11-06,0.07482313974601708
2018-11-07,0.022729222585842833
2018-11-08,-0.19793420589574015
2018-11-09,-0.17940315655032457
2018-11-12,-0.27471811492366444
2018-11-13,-0.2093109773781466
2018-11-14,0.00877655145810044
2018-11-15,0.31573441376346745
2018-11-16,0.10337345774936418
2018-11-19,0.14207807943773615
2018-11-20,0.22156833199386355
2018-11-21,-0.060856248360918
2018-11-22,0.13529352914850407
2018-11-23,0.039111083964661675
2018-11-26,0.0005059450033859034
2018-11-27,-0.07115192581330645
2018-11-28,-0.26861117407992
2018-11-29,0.4179389588288823
2018-11-30,0.024937563679833404
2018-12-03,0.7677045100895097
2018-12-04,0.06375271202068221
2018-12-05,-0.05360914061446155
2018-12-06,-0.5386488686513865
2018-12-07,0.062161783128257625
2018-12-10,-0.014073079959703916
2018-12-11,0.11412426376260287
2018-12-12,-0.04825703337097195
2018-12-13,0.4559108048256565
2018-12-14,-0.5154749898619734
2018-12-17,-0.06681601585246957
2018-12-18,-0.13950754123897033
2018-12-19,-0.2658531209499425
2018-12-20,-0.24322594521406135
2018-12-21,-0.19575389784845396
2018-12-24,0.23963483168448654
2018-12-25,0.021348339579072284
2018-12-26,-0.11493330678264513
2018-12-27,-0.19224301563634177
2018-12-28,0.40540821029242435
2018-12-31,3.485210702128722e-07
2019-01-02,0.19681336269784044
2019-01-03,-1.0446966910285895
2019-01-04,1.8101388272145786
2019-01-07,0.10426704071380449
2019-01-08,0.37710320721868434
2019-01-09,0.0681514330631394
2019-01-10,0.31366203521402375
2019-01-11,-0.3268285719678042
2019-01-14,-0.22851621742095296
2019-01-15,0.48891403399116895
2019-01-16,0.2098803767031881
2019-01-17,0.49936053321862467
2019-01-18,0.7425136610236244
2019-01-21,-0.2077181591676585
2019-01-22,-0.7749944231646205
2019-01-23,0.2340026879675458
2019-01-24,-0.03566316413289192
2019-01-25,0.3888153153398738
2019-01-28,0.041549496546372966
2019-01-29,0.061732803255773655
2019-01-30,0.9980991922686294
2019-01-31,0.4433698471948774
2019-02-01,0.14078865607636862
2019-02-04,0.12497815764511379
2019-02-05,0.08157173903908241
2019-02-06,-0.03867178457350815
2019-02-07,-0.1632530412827512
2019-02-08,0.006054568569230555
2019-02-11,0.26029855851900563
2019-02-12,0.29492773989139226
2019-02-13,0.26089176757002375
2019-02-14,-0.03209624469479665
2019-02-15,-0.008139557390201418
2019-02-18,0.31639224063737154
2019-02-19,0.010926950763539096
2019-02-20,0.11359246481759835
2019-02-21,-0.05321294520607542
2019-02-22,0.3160846717445261
2019-02-25,0.5072403219068197
2019-02-26,-0.13111115318160207
2019-02-27,-0.009402174932670298
2019-02-28,-0.07072744910997887
2019-03-01,0.2826305656385024
2019-03-04,0.001301201121728607
2019-03-05,-0.02006017517897074
2019-03-06,-0.10419476266921185
2019-03-07,-0.30844423843474134
2019-03-08,-0.3667420898451539
2019-03-11,0.5263052788204506
2019-03-12,0.2736822811085127
2019-03-13,0.11392359602198175
2019-03-14,-0.0015291525925712763
2019-03-15,0.2095010679288663
2019-03-18,0.3288881509141007
2019-03-19,0.025499509266516014
2019-03-20,-0.1314472069871643
2019-03-21,0.15291107061474954
2019-03-22,-0.43287858011118807
2019-03-25,-0.294731455833407
2019-03-26,0.20053586972823498
2019-03-27,-0.0033326048526258964
2019-03-28,0.1217865894243535
2019-03-29,0.3462024002638211
2019-04-01,1.1498493970944637
2019-04-02,0.052209952225939806
2019-04-03,0.5823141506254085
2019-04-04,0.14787824489441212
2019-04-05,0.11497673803870906
2019-04-08,0.1568053786153621
2019-04-09,-0.013380887797910003
2019-04-10,0.09089893180449495
2019-04-11,-0.5640733285124988
2019-04-12,0.20436216252288233
2019-04-15,-0.14658772680491144
2019-04-16,0.6975154760843585
2019-04-17,-0.047863813390867024
2019-04-18,-0.16427736375956437
2019-04-19,0.17459828033054473
2019-04-22,-0.29019221828280534
2019-04-23,0.2000605632268575
2019-04-24,-0.1600995618222572
2019-04-25,-0.5583032865521717
2019-04-26,-0.013494350760394328
2019-04-29,0.3547837808907201
2019-04-30,-0.1076664679860248
2019-05-01,-0.21471643969985593
2019-05-02,-0.06062649857029781
2019-05-03,0.2735038337895234
2019-05-06,-0.07791771097482537
2019-05-07,-0.4747315548197707
2019-05-08,-0.02505029655791742
2019-05-09,-0.06552642831554593
2019-05-10,0.10588159936693757
2019-05-13,-0.7089322051766023
2019-05-14,0.21934863343680128
2019-05-15,0.21580553422985954
2019-05-16,0.26495604567994796
2019-05-17,-0.1586330629831836
2019-05-20,-0.17236389347390485
2019-05-21,0.2329261539606582
2019-05-22,-0.0889398421330033
2019-05-23,-0.3251633904923655
2019-05-24,0.05929617716611116
2019-05-27,0.016578575717033483
2019-05-28,-0.2356776749754385
2019-05-29,-0.18947918575458145
2019-05-30,0.07219985211430809
2019-05-31,-0.37874668983826426
2019-06-03,-0.09237656645311287
2019-06-04,0.3273218615420117
2019-06-05,0.4622638035334461
2019-06-06,0.06101754030287697
2019-06-07,0.3763395431198104
2019-06-10,1.336641417246062
2019-06-11,1.0886656864003026
2019-06-12,-0.9149628975646447
2019-06-13,0.08603678002791663
2019-06-14,-0.5238956766768739
2019-06-17,0.17745091146223993
2019-06-18,0.8038002799001798
2019-06-19,1.3831023897514523
2019-06-20,1.6155389686847625
2019-06-21,-0.10287362004398748
2019-06-24,0.040543957309897
2019-06-25,-1.0515589531803062
2019-06-26,-0.04981208889466864
2019-06-27,0.9403832335605256
2019-06-28,0.04024206279947798
2019-07-01,0.10325639797596409
2019-07-02,0.6112985264662805
2019-07-03,0.5234633642768141
2019-07-04,-0.5627929248375471
2019-07-05,0.1893306188147048
2019-07-08,-1.2784158571247588
2019-07-09,-0.531333533653106
2019-07-10,-0.004036791808069217
2019-07-11,0.7274651546143817
2019-07-12,0.010613972938791433
2019-07-15,0.3422319417510086
2019-07-16,-0.1257769316110071
2019-07-17,-0.23012512817989736
2019-07-18,-0.0802625627435013
2019-07-19,1.0234625193938554
2019-07-22,-0.8140252314773995
2019-07-23,-0.03830417706552655
2019-07-24,0.41284527020293627
2019-07-25,0.3718127713582044
2019-07-26,-0.26494900091743884
2019-07-29,-0.25353567767055213
2019-07-30,0.3308966021480946
2019-07-31,-0.48702007192132557
2019-08-01,-1.3187746670161706
2019-08-02,0.7552946599095756
2019-08-05,0.2310450979134464
2019-08-06,0.7688253352761829
2019-08-07,0.9452469647842029
2019-08-08,1.2876317031012001
2019-08-09,-0.1389620648045591
2019-08-12,-0.8952039914416048
2019-08-13,2.0383408152888522
2019-08-14,-2.8552568100899114
2019-08-15,0.6278167263616061
2019-08-16,0.8341847811315489
2019-08-19,0.3208843256794281
2019-08-20,-0.6052130773211677
2019-08-21,0.4849997409976479
2019-08-22,0.10824049278758943
2019-08-23,-1.3885976023438424
2019-08-26,2.3677215638289466
2019-08-27,-0.18904526932861954
2019-08-28,0.35483570023136457
2019-08-29,1.2419566175819288
2019-08-30,-0.7658339556238942
2019-09-02,0.24940333988049748
2019-09-03,0.036885866405670605
2019-09-04,0.152331069567625
2019-09-05,0.17679256721923575
2019-09-06,0.10783277094315169
2019-09-09,0.14088871898346733
2019-09-10,-0.03918154571295305
2019-09-11,-0.10780613486860818
2019-09-12,0.19786342288978637
2019-09-13,1.1930791977037895e-07
2019-09-16,-0.01137200260861148
2019-09-17,-0.2689610484514234
2019-09-18,0.09397819062138285
2019-09-19,0.06732194772866501
2019-09-20,0.0614922267829873
2019-09-23,-0.16491336064755932
2019-09-24,0.06182285036621173
2019-09-25,-0.11715543102431544
2019-09-26,-0.11355081719280939
2019-09-27,0.06355500640251538
2019-09-30,-0.1287099250238701
2019-10-01,-0.2639984483012961
2019-10-02,-0.38667084013376346
2019-10-03,0.16995512080808256
2019-10-04,0.30215327823104554
2019-10-07,-0.09606844177098407
2019-10-08,-0.2555789623679539
2019-10-09,0.228182577559346
2019-10-10,0.13982924768216054
2019-10-11,0.23759530277593754
2019-10-14,-0.008791669041204181
2019-10-15,0.2219056124400192
2019-10-16,-0.0349304859898607
2019-10-17,0.08754091257100378
2019-10-18,-0.0728141966650879
2019-10-21,0.17637020043266488
2019-10-22,-0.07225090037138214
2019-10-23,0.07619463755827512
2019-10-24,0.048288129117610414
2019-10-25,0.11581666736900577
2019-10-28,0.149966014560799
2019-10-29,-0.016527887168067253
2019-10-30,0.07783641744224477
2019-10-31,-0.05968691699431762
2019-11-01,0.3005837607986687
2019-11-04,0.10934477076707799
2019-11-05,0.01768990376956248
2019-11-06,0.004238042634758069
2019-11-07,0.08419467336361922
2019-11-08,0.03546392842231177
2019-11-11,-0.09537521574497647
2019-11-12,0.02670210713505528
2019-11-13,0.028220278966080394
2019-11-14,0.02490602759393184
2019-11-15,0.1443212700446378
2019-11-18,0.09995588454925781
2019-11-19,0.05964812734957804
2019-11-20,-0.1134165535334582
2019-11-21,-0.025866143784282376
2019-11-22,0.03235270154656281
2019-11-25,0.1874649283268
2019-11-26,0.0757093436161039
2019-11-27,0.08174551079227257
2019-11-28,-0.00662787052378633
2019-11-29,-0.11369777873595005
2019-12-02,0.07180073461078978
2019-12-03,0.11767068954075995
2019-12-04,0.11233592629351764
2019-12-05,0.17222750465814315
2019-12-06,0.11439185917789832
2019-12-09,-0.07594315598188257
2019-12-10,0.05310213341722926
2019-12-11,0.023460948104538595
2019-12-12,-0.03890097607227735
2019-12-13,0.413549127420635
2019-12-16,0.21337695000156034
2019-12-17,0.339123360160279
2019-12-18,-0.05375356740689824
2019-12-19,-0.024517553437311792
2019-12-20,-0.029630770908523854
2019-12-23,-0.2588928596593831
2019-12-24,0.21570858599521175
2019-12-25,0.04301564653965019
2019-12-26,0.2489698850624072
2019-12-27,0.02104523089637151
2019-12-30,0.39034304011866666
2019-12-31,0.14943998255023974
2020-01-02,0.07650531236036108
2020-01-03,0.16210559526026141
2020-01-06,0.4286845544462684
2020-01-07,-0.1877207583233058
2020-01-08,0.390835580747756
2020-01-09,-0.4898447281836804
2020-01-10,0.05209389960735028
2020-01-13,0.1301468458076217
2020-01-14,-0.2172721466777947
2020-01-15,0.17477071757023677
2020-01-16,0.14587510196465145
2020-01-17,0.0705207239285884
2020-01-20,0.046478638768713804
2020-01-21,0.14375704491397348
2020-01-22,-0.09145698462533397
2020-01-23,0.1614498804624634
2020-01-24,-0.13155695094783784
2020-01-27,-0.2296453952917429
2020-01-28,0.1448828942738611
2020-01-29,-0.012560374075615065
2020-01-30,0.045325247570622715
2020-01-31,-0.25873901778853275
2020-02-03,-0.33602515786568604
2020-02-04,0.23680917105667837
2020-02-05,0.02998688686926719
2020-02-06,0.17416514248821202
2020-02-07,0.16354225842780856
2020-02-10,0.13250315759678924
2020-02-11,0.037623365334732074
2020-02-12,0.05783911854792798
2020-02-13,0.05032763659006278
2020-02-14,0.09245142521988166
2020-02-17,0.29071164232716146
2020-02-18,-0.15380151312680823
2020-02-19,0.14767903039526703
2020-02-20,0.2496432368912247
2020-02-21,0.3655289576434308
2020-02-24,0.27247677443067897
2020-02-25,-0.30690029341845193
2020-02-26,0.11237088429845633
2020-02-27,0.08525512420302576
2020-02-28,-0.5571346827391046
2020-03-02,4.501085839196648
2020-03-03,-2.8510525580603168
2020-03-04,4.133634394458162
2020-03-05,-3.451071789788861
2020-03-06,-1.7201001867943113
2020-03-09,-7.901038581683471
2020-03-10,4.821507393515636
2020-03-11,-5.010284908910942
2020-03-12,-9.994483904238445
2020-03-13,8.880834066220311
2020-03-16,-12.765212417344152
2020-03-17,5.822627793994745
2020-03-18,-5.322233163857251
2020-03-19,0.46968429397912526
2020-03-20,-4.432762260608735
2020-03-23,-2.97314911618862
2020-03-24,8.96831464980527
2020-03-25,1.1469000461185976
2020-03-26,6.054381807200096
2020-03-27,-3.426780181662383
2020-03-30,3.296660949814405
2020-03-31,-1.6142377504296865
2020-04-01,-3.0181263374782943
2020-04-02,1.6895429437201177
2020-04-03,-0.7231686570331578
2020-04-06,3.8000355735048377
2020-04-07,1.0288333662453255
2020-04-08,1.5573330851860412
2020-04-09,0.9208417093097823
2020-04-10,0.026896118721234374
2020-04-13,-0.6501766143794786
2020-04-14,2.325183177960787
2020-04-15,-1.4634135044750696
2020-04-16,0.5621654512925689
2020-04-17,1.1909956569451285
2020-04-20,-1.038658923787491
2020-04-21,-1.7349993662012246
2020-04-22,1.3696750002340523
2020-04-23,0.37643277182283075
2020-04-24,0.8464566547847323
2020-04-27,0.7247837230775612
2020-04-28,-0.3784353867625837
2020-04-29,1.663336169176106
2020-04-30,-0.188842058389929
2020-05-01,-1.6095711397601075e-06
2020-05-04,2.392493600882794e-07
2020-05-05,5.091418069352734e-07
2020-05-06,0.18753612120911223
2020-05-07,-0.2957164983753898
2020-05-08,0.9314500630944718
2020-05-11,-0.2179156490734332
2020-05-12,-0.06573774682832749
2020-05-13,0.17159531492989782
2020-05-14,-0.18444343058714607
2020-05-15,0.45313559950155613
2020-05-18,1.1025600400782172
2020-05-19,-0.3320544459836931
2020-05-20,0.22896979722471983
2020-05-21,-0.5568888788564212
2020-05-22,-1.0495799306704607
2020-05-25,-0.052769666256849715
2020-05-26,0.6824943050597009
2020-05-27,-0.7351228156735837
2020-05-28,0.4338513220936966
2020-05-29,0.057988328348976
2020-06-01,0.32177697584154075
2020-06-02,0.13298988612493456
2020-06-03,0.10127919613384134
2020-06-04,-0.29272186463428723
2020-06-05,0.62993090034568
2020-06-08,0.06317518820099816
2020-06-09,-0.21818885788104786
2020-06-10,0.14809382605920543
2020-06-11,-1.2655715955094604
2020-06-12,0.3037702183294868
2020-06-15,0.132338564519983
2020-06-16,0.41631884464121066
2020-06-17,-0.0655039333389711
2020-06-18,-0.032437127879147924
2020-06-19,-0.08187591435664189
2020-06-22,0.43577678346035864
2020-06-23,0.009825725505465129
2020-06-24,-0.4750971895671358
2020-06-25,0.26734110610996753
2020-06-26,-0.6015310942744644
2020-06-29,0.3771262832537968
2020-06-30,0.39830993284302196
2020-07-01,0.02740406056061446
2020-07-02,0.0054799478560026765
2020-07-03,-0.010960063248490363
2020-07-06,-0.08223897623227731
2020-07-07,-0.06583999791764651
2020-07-08,0.01097638154589596
2020-07-09,-0.038422452418274224
2020-07-10,-0.016471337119238993
2020-07-13,0.038428853974386626
2020-07-14,-0.010978172448100664
2020-07-15,-0.010979385492447303
2020-07-16,0.010979250840384187
2020-07-17,0.010978167237370513
2020-07-20,0.010977012957052001
2020-07-21,0.054866679498924716
2020-07-22,0.01645414481161761
2020-07-23,0.005484107408490863
2020-07-24,0.043861954882017114
2020-07-27,0.04384283514406237
2020-07-28,0.03286952564883278
2020-07-29,-0.010955248446739417
2020-07-30,0.021909392791337134
2020-07-31,-0.021909385024413287
2020-08-03,1.1633264404123962
2020-08-04,0.22731070799392122
2020-08-05,0.33429102182754994
2020-08-06,0.17003194374824246
2020-08-07,-0.5473168963609539
2020-08-10,0.31647828124283633
2020-08-11,-0.8581921930889527
2020-08-12,0.3285949625392031
2020-08-13,-0.23086589568291027
2020-08-14,0.7292373800674851
2020-08-17,1.2971266845648193
2020-08-18,0.0895293987980621
2020-08-19,-0.9752132838853074
2020-08-20,-0.4955818620756312
2020-08-21,0.5940492128197569
2020-08-24,0.8901439345620689
2020-08-25,0.2435995305360735
2020-08-26,-0.08237597932751875
2020-08-27,0.35081615886747997
2020-08-28,1.514705484573356
2020-08-31,-0.4001743969971094
2020-09-01,0.7954215828048687
2020-09-02,-0.5677784168818042
2020-09-03,-1.2074363501305643
2020-09-04,-0.20333692972382228
2020-09-07,-1.021699230674676
2020-09-08,0.2753904526423313
2020-09-09,-1.1287776688563593
2020-09-10,0.3955996497027388
2020-09-11,0.3135137093479029
2020-09-14,0.22543849104951183
2020-09-15,0.5312389747662423
2020-09-16,-0.45494174094215145
2020-09-17,-0.5907603311883344
2020-09-18,1.2361962046534423
2020-09-21,-0.46431484080705826
2020-09-22,-1.731653982957529
2020-09-23,-0.6642965981486537
2020-09-24,-1.5371537523344676
2020-09-25,0.7058245493929618
2020-09-28,0.03860033493358962
2020-09-29,0.796677201060809
2020-09-30,-0.01757075253860175
2020-10-01,0.19628737882593655
2020-10-02,-0.35762007474855195
2020-10-05,0.6624515531171917
2020-10-06,-0.5237899699530097
2020-10-07,0.6416348493573222
2020-10-08,0.29654462122896263
2020-10-09,1.1055616939632802
2020-10-12,1.726135682637032
2020-10-13,-0.10971005971212032
2020-10-14,-0.4955826307394938
2020-10-15,-0.1195546619118706
2020-10-16,-0.04662856804597971
2020-10-19,-0.8847926036356509
2020-10-20,0.47527214155185266
2020-10-21,-0.08565450861350019
2020-10-22,0.08027847104151759
2020-10-23,-0.3349159321773362
2020-10-26,-0.9048435539963318
2020-10-27,-0.04691123087442654
2020-10-28,-1.0333216027372574
2020-10-29,0.7203610335025086
2020-10-30,-1.0652314994738865
2020-11-02,0.7630418147372404
2020-11-03,1.0858964862077272
2020-11-04,0.9006361367064991
2020-11-05,1.1521834211051991
2020-11-06,0.1917136983725407
2020-11-09,0.9264445609983021
2020-11-10,-0.7184664104854481
2020-11-11,-0.17616308142504297
2020-11-12,-0.3037607933325154
2020-11-13,0.10974793461455298
2020-11-16,0.6674783057516539
2020-11-17,-0.24362676208707015
2020-11-18,-0.463683264490009
2020-11-19,0.20493364110558265
2020-11-20,-0.03279394571081844
2020-11-23,0.6143405004429653
2020-11-24,-0.3182518008423534
2020-11-25,-0.6830764781941369
2020-11-26,0.10614964501155798
2020-11-27,0.49926029242354764
2020-11-30,-0.9088946361621999
2020-12-01,1.4930976004394567
2020-12-02,-0.06564159936377091
2020-12-03,0.26824374915310295
2020-12-04,0.28802831555942365
2020-12-07,-1.0499009102536183
2020-12-08,-0.5062105920472248
2020-12-09,-0.2995326927349222
2020-12-10,-0.1963361021285988
2020-12-11,-0.3376974453010037
2020-12-14,0.24017660038727087
2020-12-15,-0.24256909758300232
2020-12-16,0.5689396018767698
2020-12-17,1.0483685810413121
2020-12-18,-0.5128797141417561
2020-12-21,0.10308825874113603
2020-12-22,-1.177250295966304
2020-12-23,0.8513917677475347
2020-12-24,0.011390935880506369
2020-12-25,0.41822736778306735
2020-12-28,0.08516563800966999
2020-12-29,0.2675367740354625
2020-12-30,1.7740694696406327
2020-12-31,1.0996029811808183
2021-01-04,-0.2844148418017196
2021-01-05,0.15267364373622022
2021-01-06,0.1412978168817463
2021-01-07,0.3315893703315766
2021-01-08,0.13338675669064948
2021-01-11,-0.11396970645597104
2021-01-12,0.01853626987118566
2021-01-13,0.06265333879052803
2021-01-14,-0.06430203216104598
2021-01-15,-0.14993913282383425
2021-01-18,0.028054691659937896
2021-01-19,0.19134980662765524
2021-01-20,0.31173598824034476
2021-01-21,0.019453244405883564
2021-01-22,-0.050983580367973416
2021-01-25,0.11081624390150278
2021-01-26,-0.023550579648277233
2021-01-27,-0.5680171697084181
2021-01-28,0.2237598986019938
2021-01-29,-0.4211343400342966
2021-02-01,0.6548514520570123
2021-02-02,0.48588821323126374
2021-02-03,0.004169669416483775
2021-02-04,-0.1787684320115659
2021-02-05,0.1576843112360832
2021-02-08,0.24554224948160572
2021-02-09,0.4244428721615311
2021-02-10,0.7148281002956767
2021-02-11,0.09807643060287535
2021-02-12,1.4504006525834167e-09
2021-02-16,0.4119762922788154
2021-02-17,0.2395897792146767
2021-02-18,-0.3820903565215127
2021-02-19,0.06541004092615231
2021-02-22,-0.6542259769412209
2021-02-23,0.18641300696901472
2021-02-24,-1.0182682777746719
2021-02-25,0.34903402386468557
2021-02-26,-1.141589289172939
2021-03-01,1.0682296996940102
2021-03-02,-0.8414940370772733
2021-03-03,1.5567365452654507
2021-03-04,-1.8214617440909466
2021-03-05,-0.27031915931420575
2021-03-08,-1.8414325531334177
2021-03-09,-0.45609870504606104
2021-03-10,0.394502432186952
2021-03-11,1.3818340681565844
2021-03-12,-0.6357726895584768
2021-03-15,-0.6102790784415623
2021-03-16,0.5198872530024103
2021-03-17,0.15211018991076003
2021-03-18,0.7039821904043844
2021-03-19,-1.355784488508278
2021-03-22,0.21835153442147068
2021-03-23,-0.7672272498828152
2021-03-24,-1.2414753887491985
2021-03-25,-0.03327503272578896
2021-03-26,1.2836983719892097
2021-03-29,0.07408413617002675
2021-03-30,0.6105945282506963
2021-03-31,-0.5441449636033201
2021-04-01,1.574056080650658
2021-04-02,0.5333153731716995
2021-04-05,0.33068441384084885
2021-04-06,-0.248135607753464
2021-04-07,-0.34434369518472074
2021-04-08,0.5152995533748528
2021-04-09,-0.4420698817794879
2021-04-12,-0.8669104574509785
2021-04-13,-0.13745433427188253
2021-04-14,0.7736183386617861
2021-04-15,-0.05891403651199741
2021-04-16,0.5364192654161862
2021-04-19,0.8571497698103699
2021-04-20,-0.3539388788986648
2021-04-21,0.00813698318606329
2021-04-22,-0.1293648497718687
2021-04-23,0.7805836794871004
2021-04-26,-0.5101373961398241
2021-04-27,0.06902100455485612
2021-04-28,0.16219236113862998
2021-04-29,0.6824378478869244
2021-04-30,-1.036417288168497
2021-05-03,-0.21478567304655652
2021-05-04,0.006645194596515636
2021-05-05,-0.08869469423989215
2021-05-06,0.36044324081906726
2021-05-07,0.13904736320451172
2021-05-10,-0.211959217070038
2021-05-11,-0.6146211860525963
2021-05-12,-0.2805932464375592
2021-05-13,-0.0978342070308897
2021-05-14,0.5460511383673673
2021-05-17,0.08118700457466142
2021-05-18,0.1326213341340557
2021-05-19,-0.05016418638139904
2021-05-20,0.13450279791602898
2021-05-21,0.011059041803385945
2021-05-24,0.18708959485073837
2021-05-25,0.31151368382858163
2021-05-26,0.23848635338091143
2021-05-27,-0.0106490581314255
2021-05-28,0.03989817591849308
2021-05-31,0.02610899466764277
2021-06-01,-0.017648279506576253
2021-06-02,0.04618666142150599
2021-06-03,-0.07989285659613278
2021-06-04,0.2138427618496279
2021-06-07,0.008201329015108205
2021-06-08,0.028160159672730785
2021-06-09,-0.04914282869229309
2021-06-10,0.12168567917224586
2021-06-11,0.04299594925166072
2021-06-14,0.042854726182741214
2021-06-15,-0.005563209573151599
2021-06-16,-0.11571391199358481
2021-06-17,0.007702648314195571
2021-06-18,-0.3031895371897993
2021-06-21,0.3525705155387917
2021-06-22,0.1357730439865852
2021-06-23,-0.010624879678410718
2021-06-24,0.14591126480939756
2021-06-25,0.0905574821789747
2021-06-28,0.09058726441629182
2021-06-29,0.0065528943316782015
2021-06-30,0.03435736200371683
2021-07-01,0.038514260054525795
2021-07-02,-2.19458337392141
2021-07-05,-0.3467374163610102
2021-07-06,-0.18027603219820423
2021-07-07,0.14466627214987562
2021-07-08,-2.247035183000707
2021-07-09,0.3183423651500075
2021-07-12,0.8435713237230542
2021-07-13,1.1027330515108407
2021-07-14,-0.8184562497089553
2021-07-15,0.9589814495940232
2021-07-16,-0.37684084630021825
2021-07-19,-1.0601233331572666
2021-07-20,-0.5721833853680892
2021-07-21,0.16303423968783026
2021-07-22,1.2203165833684797
2021-07-23,-1.3745306861883362
2021-07-26,-3.8830009613017893
2021-07-27,-4.057046029418181
2021-07-28,1.0530159934593881
2021-07-29,2.7553408607051106
2021-07-30,-1.1600281246750621
2021-08-02,-0.023027631239578572
2021-08-03,0.13584779178682937
2021-08-04,0.22507047222441035
2021-08-05,-0.14814808361803328
2021-08-06,-0.16487110610720285
2021-08-09,-0.6957424725341935
2021-08-10,0.28006287966663357
2021-08-11,0.08739149119803559
2021-08-12,0.1739373792061195
2021-08-13,-0.03217936643991984
2021-08-16,0.05893336437790164
2021-08-17,-0.3227071995352897
2021-08-18,-0.0936576052344004
2021-08-19,-0.6988842296187161
2021-08-20,-0.254117056208695
2021-08-23,0.4279268325814691
2021-08-24,0.9701025164173993
2021-08-25,-0.2229305986325906
2021-08-26,-0.5143679860432413
2021-08-27,0.4876139685200772
2021-08-30,0.3263249266185737
2021-08-31,0.3505475783066645
2021-09-01,0.14916963550946438
2021-09-02,0.09075723308281827
2021-09-03,-0.15283082679402896
2021-09-06,0.2367389840891334
2021-09-07,0.09143193168863198
2021-09-08,-0.052807323259897766
2021-09-09,-0.5790896397441074
2021-09-10,0.28427664684208076
2021-09-13,-0.2513115921635463
2021-09-14,-0.3586445964041814
2021-09-15,-0.2496319010187875
2021-09-16,-0.34468559747920835
2021-09-17,0.06940717768689732
2021-09-20,-1.0199079979810657
2021-09-21,0.09556111030728497
2021-09-22,0.18900664110970078
2021-09-23,0.4807618951030682
2021-09-24,-0.2547613983335145
2021-09-27,-0.026580507421206982
2021-09-28,-0.09864709498582794
2021-09-29,0.1801755822229554
2021-09-30,-0.27385443369727436
2021-10-01,0.5712964831161187
2021-10-04,-0.653548898170756
2021-10-05,0.5234723582700513
2021-10-06,0.2047233728318317
2021-10-07,0.41320632163947596
2021-10-08,0.5126907541871754
2021-10-11,-0.5558858215409473
2021-10-12,0.16070328408372436
2021-10-13,0.10874629901358909
2021-10-14,1.4884224276163591
2021-10-15,0.2882905290355167
2021-10-18,-0.4891706767189632
2021-10-19,0.5370384980669726
2021-10-20,0.04230003169849711
2021-10-21,0.4023084625103185
2021-10-22,0.15598663103696564
2021-10-25,0.0971821282236397
2021-10-26,0.2584564195479297
2021-10-27,-0.6029222355366303
2021-10-28,0.9640613163235905
2021-10-29,-0.12559421850138908
2021-11-01,0.09576873651916834
2021-11-02,0.1591391895363122
2021-11-03,0.24117141373273138
2021-11-04,0.2043046184190863
2021-11-05,0.1547385963708011
2021-11-08,0.07951542831287171
2021-11-09,-0.13328224303592495
2021-11-10,-0.3473547496902053
2021-11-11,0.05997603046165548
2021-11-12,0.28347422967334757
2021-11-15,0.012419818889221439
2021-11-16,0.15023529736338126
2021-11-17,-0.0693715614376587
2021-11-18,0.12838422107446165
2021-11-19,-0.0352663503360239
2021-11-22,-0.08304256076817677
2021-11-23,0.07088661232161465
2021-11-24,0.1148535189252723
2021-11-25,0.009605465079547447
2021-11-26,-0.8791940167036892
2021-11-29,0.5171026888885383
2021-11-30,-0.7423130913933004
2021-12-01,0.06707592539521737
2021-12-02,0.07257417866026988
2021-12-03,0.19784327272948188
2021-12-06,-0.008998307858869667
2021-12-07,0.09167123877074292
2021-12-08,0.31272995678833987
2021-12-09,0.3691964479832952
2021-12-10,-0.08677464652105224
2021-12-13,0.12963409964106395
2021-12-14,-0.14457802029375594
2021-12-15,-0.17379132859571997
2021-12-16,0.13666197101564492
2021-12-17,-0.3441887141347299
2021-12-20,-0.3228449163968669
2021-12-21,0.21774355734726214
2021-12-22,-0.0023835906200983174
2021-12-23,0.1753977861921272
2021-12-24,-0.0988054714830472
2021-12-27,0.023844919533916466
2021-12-28,0.17280735172335504
2021-12-29,-0.2952173582834668
2021-12-30,0.2245970866311921
2021-12-31,0.0857615436726983
2022-01-03,0.38820711391183826
2022-01-04,-0.0219978748003665
2022-01-05,-1.1905073317113677
2022-01-06,-0.05591367430658531
2022-01-07,-0.24945959880423133
2022-01-10,-0.07163655605411852
2022-01-11,0.5616043312859897
2022-01-12,0.17341332531666076
2022-01-13,-0.8750124352123299
2022-01-14,0.05456505570955467
2022-01-17,0.01197146148279976
2022-01-18,-1.129433061398361
2022-01-19,-0.5874171833778643
2022-01-20,-0.6601633151783107
2022-01-21,-1.1562619324609922
2022-01-24,0.18405812261208548
2022-01-25,-0.7437654063461391
2022-01-26,-0.0825461414075963
2022-01-27,-0.3223761612459236
2022-01-28,1.4757390646222337
2022-01-31,1.1431379098951524
2022-02-01,0.3590991518699353
2022-02-02,0.4924020344371246
2022-02-03,-1.2964980184207031
2022-02-04,0.27006641279364224
2022-02-07,0.531508287313648
2022-02-08,0.1790614198676592
2022-02-09,1.2007491766731109
2022-02-10,-1.0845652908900139
2022-02-11,-1.4009425982975752
2022-02-14,-0.7179052177069014
2022-02-15,1.3238796753331523
2022-02-16,0.2305698674612367
2022-02-17,-1.0088028205897017
2022-02-18,-0.151698534509984
2022-02-21,-0.17310982623499563
2022-02-22,-1.1558718847886456
2022-02-23,-0.470722045038572
2022-02-24,-0.1933524360193483
2022-02-25,1.6219711733969862
2022-02-28,-0.04310150336204306
2022-03-01,0.6640178252918684
2022-03-02,-1.1482491286559628
2022-03-03,-0.28743114545292653
2022-03-04,-1.5691478097734068
2022-03-07,-3.4328688745011737
2022-03-08,-1.8598546794504778
2022-03-09,-0.8526132993861684
2022-03-10,1.482276607707097
2022-03-11,-0.19783968691029033
2022-03-14,-3.6371852585160127
2022-03-15,-5.001939240615179
2022-03-16,5.418453220270595
2022-03-17,3.2353507149805067
2022-03-18,0.3770731745264967
2022-03-21,-0.36146208890418496
2022-03-22,0.7640454093254617
2022-03-23,0.6848393672184132
2022-03-24,-0.6849860967314421
2022-03-25,-2.000765495333423
2022-03-28,-0.11514822240338439
2022-03-29,0.04180363333047896
2022-03-30,2.466518142982551
2022-03-31,-0.8283639578324099
2022-04-01,0.2672292440289959
2022-04-04,1.4418285310320207
2022-04-05,-0.6315324409585027
2022-04-06,-1.4342832917526878
2022-04-07,-0.4065157519707836
2022-04-08,0.011590977790681627
2022-04-11,-2.3918523662490783
2022-04-12,0.08951277543174188
2022-04-13,0.6849554777900597
2022-04-14,-0.27581462839361814
2022-04-15,-2.6786393925470666e-06
2022-04-18,-0.010266543559411716
2022-04-19,-0.35601619378987676
2022-04-20,-0.22895282891336102
2022-04-21,-1.3736518000621771
2022-04-22,-1.5122795671568248
2022-04-25,-1.6151231527122902
2022-04-26,-1.2632535463617742
2022-04-27,0.13411775378310847
2022-04-28,2.0422083030797094
2022-04-29,0.11831930841546141
2022-05-02,5.675303631810769e-07
2022-05-03,0.030145772420904427
2022-05-04,-0.5633272776243727
2022-05-05,-0.19332693706992132
2022-05-06,-2.452695321950122
2022-05-09,-0.14324225291348058
2022-05-10,-0.7387777587070362
2022-05-11,0.7646098330948703
2022-05-12,-1.2354905134198997
2022-05-13,1.4875727075980458
2022-05-16,-0.006337074271971278
2022-05-17,1.8718851612616976
2022-05-18,0.04195992262353451
2022-05-19,-1.2616183147629494
2022-05-20,1.8513787568680669
2022-05-23,-0.7081728864629058
2022-05-24,-1.3372776429595625
2022-05-25,0.2699435810522306
2022-05-26,-0.08687892938040384
2022-05-27,1.4911730501613558
2022-05-30,1.1801345881509513
2022-05-31,0.990297294267437
2022-06-01,0.014111436584989994
2022-06-02,0.008132567419864331
2022-06-03,-0.002721777692915279
2022-06-06,0.01074991904642787
2022-06-07,0.022027330199496372
2022-06-08,-0.0017921049848786303
2022-06-09,0.021594359936661905
2022-06-10,-0.004878395029982375
2022-06-13,0.0036976024903243943
2022-06-14,-0.010851231235663143
2022-06-15,0.002392271606245145
2022-06-16,-0.015685904915241265
2022-06-17,0.06171492818497299
2022-06-20,0.030661813135680508
2022-06-21,0.034645697642437384
2022-06-22,-0.00021506479394448142
2022-06-23,-0.0495259499347033
2022-06-24,0.06627931867433746
2022-06-27,0.014829421710681955
2022-06-28,-0.0799892560328954
2022-06-29,0.040758566959802206
2022-06-30,0.024086293437643548
2022-07-01,0.06017246204973575
2022-07-04,0.25282946550464325
2022-07-05,0.012735794708216841
2022-07-06,-0.8014303301315469
2022-07-07,0.08783430476107046
2022-07-08,-0.06900116001000572
2022-07-11,-0.607212520918141
2022-07-12,-0.4368589116402276
2022-07-13,-0.5403644806081007
2022-07-14,-0.19165387880572735
2022-07-15,0.6455668945800397
2022-07-18,-0.2670088641120177
2022-07-19,1.2654094135522311
2022-07-20,0.29392532451755493
2022-07-21,0.05762492919463541
2022-07-22,0.3521306680197756
2022-07-25,0.17599413375647815
2022-07-26,-0.5529793743204381
2022-07-27,1.166978226996838
2022-07-28,1.1245675573071392
2022-07-29,1.3295391820053337
2022-08-01,0.03728359841354088
2022-08-02,0.3040381289869736
2022-08-03,-0.127104199210263
2022-08-04,0.0360186970644819
2022-08-05,0.2994423874930359
2022-08-08,-0.1896660187238676
2022-08-09,0.15659464807915235
2022-08-10,0.0923858858154155
2022-08-11,-0.1698578506356294
2022-08-12,0.18897964887879765
2022-08-15,0.12649315488391233
2022-08-16,-0.008709401128703803
2022-08-17,-0.07227389735919901
2022-08-18,-0.18639962633464438
2022-08-19,0.015389050369161786
2022-08-22,-0.07819609013068807
2022-08-23,0.1363553648180399
2022-08-24,0.2253329031516238
2022-08-25,0.11310762280591664
2022-08-26,0.019872014519037275
2022-08-29,-0.316051983095191
2022-08-30,0.20845393031519804
2022-08-31,-0.27334736157596995
2022-09-01,-0.4341252836610947
2022-09-02,-0.10436784920804004
2022-09-05,0.4627868380411585
2022-09-06,0.3704306856178512
2022-09-07,-0.3058487981490093
2022-09-08,0.2992859156858181
2022-09-09,0.17330550313907966
2022-09-12,9.903298840086524e-10
2022-09-13,0.11609458714572998
2022-09-14,-0.5276238572216444
2022-09-15,-0.36552175468280534
2022-09-16,-0.48099354431589764
2022-09-19,0.1524251297529843
2022-09-20,0.060169038846226416
2022-09-21,0.060085109370522874
2022-09-22,-0.1938826839833473
2022-09-23,0.1798703960413698
2022-09-26,-0.49849891008746633
2022-09-27,0.3516476940675603
2022-09-28,-0.18324720401928177
2022-09-29,0.39333336408069963
2022-09-30,-0.0936477021570615
2022-10-03,1.1538054750335867
2022-10-04,1.3601756262320197
2022-10-05,-0.09120470753519552
2022-10-06,-0.46495674087949507
2022-10-07,-1.2824185413121458
2022-10-10,0.005086676805685031
2022-10-11,-0.3901664830334107
2022-10-12,-0.06446739293070494
2022-10-13,1.2291647444935936
2022-10-14,-1.113666878314709
2022-10-17,0.968637556185961
2022-10-18,0.6244897391383473
2022-10-19,-0.42083948133549043
2022-10-20,-0.5344129294147669
2022-10-21,0.9997777808984261
2022-10-24,1.098117892837317
2022-10-25,0.8312299086536237
2022-10-26,-0.40531708184933835
2022-10-27,-0.3799973118650636
2022-10-28,1.1830024709227023
2022-10-31,-0.5003021929632299
2022-11-01,4.842602242997092
2022-11-02,2.1865313833443007
2022-11-03,-2.7561722392453234
2022-11-04,4.894833200959941
2022-11-07,2.2607265345913268
2022-11-08,-0.30673792192167854
2022-11-09,-1.164516502634154
2022-11-10,-1.5592570777112824
2022-11-11,6.6949001978982645
2022-11-14,1.4349201351050878
2022-11-15,3.677249816762525
2022-11-16,-0.5294637313339763
2022-11-17,-1.040279711088191
2022-11-18,-0.3196507743676714
2022-11-21,-1.7220588668826173
2022-11-22,-1.10478357012652
2022-11-23,0.4939153540480964
2022-11-24,0.5816940736908306
2022-11-25,-0.33426901175402246
2022-11-28,-1.508564906796505
2022-11-29,4.774741952359108
2022-11-30,1.8082053378325462
2022-12-01,-0.04004757502659297
2022-12-02,-0.004215149916051953
2022-12-05,-0.5472622961513162
2022-12-06,-0.4453863106974239
2022-12-07,-0.07489251176509909
2022-12-08,0.24176959691705488
2022-12-09,-0.22640855239087554
2022-12-12,0.45725623496776646
2022-12-13,0.20617739672756807
2022-12-14,-0.19851253675707456
2022-12-15,-0.7785971592005679
2022-12-16,-0.3422152309315178
2022-12-19,-0.2561086468518012
2022-12-20,-0.006428805501521325
2022-12-21,0.42142607091187356
2022-12-22,-0.4028796954242629
2022-12-23,0.17504636509147056
2022-12-26,0.07676270941085157
2022-12-27,-0.11061827236112612
2022-12-28,-0.39274177510251634
2022-12-29,0.5533893574600527
2022-12-30,-0.06668722900192058
2023-01-03,0.04854890888839057
2023-01-04,0.06689233534102661
2023-01-05,0.01655756048896809
2023-01-06,-0.05068561914971269
2023-01-09,0.1423383859350709
2023-01-10,-0.0033088923826712336
2023-01-11,0.053008992708222236
2023-01-12,-0.009654601307256153
2023-01-13,0.03882664780155756
2023-01-16,0.07658403315501822
2023-01-17,0.06430748200964262
2023-01-18,-0.01839690948322528
2023-01-19,0.06610369206918634
2023-01-20,0.09993393021104685
2023-01-23,8.288631245091105e-09
2023-01-24,-4.994581695252348e-10
2023-01-25,-1.2754104546151248e-10
2023-01-26,6.214978742267588e-08
2023-01-27,1.430589321141917e-08
2023-01-30,0.0778727816311304
2023-01-31,-0.07686812866685548
