date,nav,return
2020-01-03,1.98,-0.011482775836245684
2020-01-06,1.975,-0.002525252525252486
2020-01-07,1.998,0.011645569620253093
2020-01-08,1.988,-0.005005005005005003
2020-01-09,2.023,0.01760563380281699
2020-01-10,2.023,0.0
2020-01-13,2.041,0.008897676717745773
2020-01-14,2.033,-0.0039196472317492015
2020-01-15,2.03,-0.0014756517461879115
2020-01-16,2.033,0.001477832512315258
2020-01-17,2.035,0.000983767830792015
2020-01-20,2.025,-0.004914004914005066
2020-01-21,1.986,-0.019259259259259198
2020-01-22,2.008,0.011077542799597273
2020-01-23,1.953,-0.027390438247011928
2020-02-03,1.819,-0.06861239119303641
2020-02-04,1.889,0.03848268279274336
2020-02-05,1.912,0.012175754367390157
2020-02-06,1.93,0.009414225941422494
2020-02-07,1.933,0.0015544041450776813
2020-02-10,1.944,0.005690636316606268
2020-02-11,1.978,0.017489711934156382
2020-02-12,1.978,0.0
2020-02-13,1.958,-0.010111223458038388
2020-02-14,1.963,0.0025536261491319046
2020-02-17,1.992,0.014773306164034494
2020-02-18,1.986,-0.003012048192771122
2020-02-19,1.99,0.002014098690835908
2020-02-20,2.034,0.022110552763819014
2020-02-21,2.033,-0.000491642084562427
2020-02-24,2.019,-0.006886374815543439
2020-02-25,2.007,-0.005943536404160454
2020-02-26,1.979,-0.013951170901843613
2020-02-27,1.993,0.0070742799393632705
2020-02-28,1.942,-0.025589563472152577
2020-03-02,1.994,0.026776519052523096
2020-03-03,2.013,0.00952858575727178
2020-03-04,2.029,0.007948335817188346
2020-03-05,2.069,0.019714144898965058
2020-03-06,2.041,-0.013533107781536935
2020-03-09,1.969,-0.03527682508574226
2020-03-10,2.02,0.02590147282884714
2020-03-11,2.0,-0.00990099009900991
2020-03-12,1.956,-0.02200000000000002
2020-03-13,1.939,-0.008691206543967267
2020-03-16,1.866,-0.03764827230531198
2020-03-17,1.846,-0.010718113612004254
2020-03-18,1.814,-0.017334777898158182
2020-03-19,1.797,-0.009371554575523744
2020-03-20,1.816,0.01057317751808573
2020-03-23,1.755,-0.033590308370044175
2020-03-24,1.804,0.02792022792022797
2020-03-25,1.846,0.02328159645232808
2020-03-26,1.828,-0.009750812567713929
2020-03-27,1.836,0.004376367614879584
2020-03-30,1.818,-0.009803921568627416
2020-03-31,1.832,0.007700770077007757
2020-04-01,1.828,-0.0021834061135370675
2020-04-02,1.859,0.01695842450765861
2020-04-03,1.845,-0.007530930607853703
2020-04-07,1.881,0.019512195121951237
2020-04-08,1.88,-0.0005316321105794941
2020-04-09,1.89,0.005319148936170137
2020-04-10,1.885,-0.002645502645502562
2020-04-13,1.877,-0.004244031830238693
2020-04-14,1.904,0.014384656366542403
2020-04-15,1.884,-0.010504201680672232
2020-04-16,1.878,-0.0031847133757961776
2020-04-17,1.898,0.010649627263045858
2020-04-20,1.912,0.007376185458377149
2020-04-21,1.886,-0.013598326359832602
2020-04-22,1.906,0.010604453870625585
2020-04-23,1.92,0.00734522560335793
2020-04-24,1.905,-0.0078125
2020-04-27,1.915,0.005249343832020914
2020-04-28,1.936,0.010966057441253119
2020-04-29,1.929,-0.003615702479338734
2020-04-30,1.96,0.01607050285121825
2020-05-06,1.962,0.0010204081632652073
2020-05-07,1.96,-0.0010193679918450993
2020-05-08,2.003,0.021938775510204067
2020-05-11,2.016,0.006490264603095319
2020-05-12,2.021,0.0024801587301586103
2020-05-13,2.016,-0.002474022761009387
2020-05-14,1.992,-0.011904761904761862
2020-05-15,1.975,-0.008534136546184734
2020-05-18,1.987,0.006075949367088551
2020-05-19,2.015,0.014091595369904342
2020-05-20,2.015,0.0
2020-05-21,2.026,0.0054590570719601494
2020-05-22,1.98,-0.02270483711747273
2020-05-25,2.007,0.013636363636363669
2020-05-26,2.041,0.016940707523667164
2020-05-27,2.043,0.0009799118079374391
2020-05-28,2.05,0.0034263338228093243
2020-05-29,2.075,0.012195121951219745
2020-06-01,2.107,0.015421686746988073
2020-06-02,2.104,-0.0014238253440911341
2020-06-03,2.097,-0.0033269961977187013
2020-06-04,2.117,0.009537434430138214
2020-06-05,2.133,0.0075578649031649014
2020-06-08,2.134,0.00046882325363339916
2020-06-09,2.156,0.01030927835051565
2020-06-10,2.164,0.0037105751391466324
2020-06-11,2.136,-0.012939001848428888
2020-06-12,2.13,-0.002808988764045006
2020-06-15,2.091,-0.018309859154929442
2020-06-16,2.138,0.02247728359636514
2020-06-17,2.131,-0.003274087932647385
2020-06-18,2.134,0.001407789770061063
2020-06-19,2.168,0.015932521087160367
2020-06-22,2.166,-0.000922509225092405
2020-06-23,2.182,0.007386888273314796
2020-06-24,2.21,0.012832263978001857
2020-06-29,2.221,0.004977375565610842
2020-06-30,2.248,0.012156686177397624
2020-07-01,2.282,0.015124555160142217
2020-07-02,2.307,0.010955302366345343
2020-07-03,2.317,0.004334633723450443
2020-07-06,2.379,0.02675873974967624
2020-07-07,2.396,0.007145859604875904
2020-07-08,2.426,0.01252086811352271
2020-07-09,2.463,0.015251442704039553
2020-07-10,2.449,-0.005684125050751221
2020-07-13,2.529,0.03266639444671293
2020-07-14,2.524,-0.0019770660340054924
2020-07-15,2.518,-0.002377179080824132
2020-07-16,2.429,-0.035345512311358185
2020-07-17,2.476,0.019349526554137464
2020-07-20,2.537,0.02463651050080773
2020-07-21,2.568,0.012219156484036375
2020-07-22,2.595,0.010514018691588856
2020-07-23,2.589,-0.0023121387283238093
2020-07-24,2.457,-0.05098493626882972
2020-07-27,2.479,0.008954008954008996
2020-07-28,2.488,0.003630496167809527
2020-07-29,2.558,0.02813504823151125
2020-07-30,2.557,-0.0003909304143862036
2020-07-31,2.584,0.010559249120062564
2020-08-03,2.64,0.021671826625387025
2020-08-04,2.639,-0.00037878787878797837
2020-08-05,2.673,0.012883668056081987
2020-08-06,2.663,-0.0037411148522260573
2020-08-07,2.64,-0.008636875704092994
2020-08-10,2.652,0.00454545454545463
2020-08-11,2.638,-0.005279034690799489
2020-08-12,2.63,-0.0030326004548900665
2020-08-13,2.654,0.009125475285171047
2020-08-14,2.694,0.015071590052750494
2020-08-17,2.745,0.018930957683741756
2020-08-18,2.768,0.008378870673952488
2020-08-19,2.736,-0.01156069364161838
2020-08-20,2.705,-0.011330409356725246
2020-08-21,2.741,0.013308687615526837
2020-08-24,2.765,0.008755928493250575
2020-08-25,2.771,0.0021699819168172763
2020-08-26,2.738,-0.011909058101768233
2020-08-27,2.777,0.014243973703433221
2020-08-28,2.84,0.022686352178609814
2020-08-31,2.852,0.004225352112676051
2020-09-01,2.884,0.011220196353436185
2020-09-02,2.875,-0.003120665742024964
2020-09-03,2.866,-0.00313043478260866
2020-09-04,2.854,-0.004187020237264472
2020-09-07,2.786,-0.02382620882971276
2020-09-08,2.771,-0.005384063173007991
2020-09-09,2.683,-0.03175748827138225
2020-09-10,2.701,0.006708907938874464
2020-09-11,2.744,0.015920029618659903
2020-09-14,2.768,0.008746355685131046
2020-09-15,2.779,0.0039739884393064084
2020-09-16,2.776,-0.0010795250089961073
2020-09-17,2.781,0.0018011527377523873
2020-09-18,2.814,0.011866235167206085
2020-09-21,2.792,-0.00781805259417212
2020-09-22,2.745,-0.016833810888252088
2020-09-23,2.763,0.006557377049180246
2020-09-24,2.704,-0.021353601158161317
2020-09-25,2.703,-0.0003698224852072274
2020-09-28,2.712,0.0033296337402886067
2020-09-29,2.717,0.0018436578171090456
2020-09-30,2.722,0.001840264998159702
2020-10-09,2.781,0.02167523879500366
2020-10-12,2.828,0.016900395541172175
2020-10-13,2.853,0.008840169731259007
2020-10-14,2.86,0.002453557658604888
2020-10-15,2.873,0.00454545454545463
2020-10-16,2.853,-0.006961364427427785
2020-10-19,2.833,-0.007010164738871394
2020-10-20,2.863,0.010589481115425237
2020-10-21,2.854,-0.0031435557107928336
2020-10-22,2.847,-0.0024526979677645944
2020-10-23,2.808,-0.013698630136986356
2020-10-26,2.804,-0.0014245014245014564
2020-10-27,2.815,0.003922967189728954
2020-10-28,2.852,0.013143872113676736
2020-10-29,2.901,0.01718092566619922
2020-10-30,2.841,-0.020682523267838593
2020-11-02,2.925,0.029567053854276493
2020-11-03,2.962,0.012649572649572782
2020-11-04,2.991,0.00979068197164068
2020-11-05,3.044,0.017719826145101925
2020-11-06,3.057,0.004270696452036704
2020-11-09,3.084,0.00883218842001976
2020-11-10,3.066,-0.005836575875486472
2020-11-11,3.058,-0.002609262883235486
2020-11-12,3.084,0.008502289077828795
2020-11-13,3.075,-0.0029182879377431803
2020-11-16,3.1,0.008130081300812941
2020-11-17,3.049,-0.016451612903225832
2020-11-18,3.024,-0.008199409642505762
2020-11-19,3.068,0.014550264550264647
2020-11-20,3.074,0.001955671447196883
2020-11-23,3.097,0.007482108002602406
2020-11-24,3.083,-0.00452050371327084
2020-11-25,3.028,-0.01783976646123908
2020-11-26,3.025,-0.0009907529722589237
2020-11-27,3.046,0.006942148760330502
2020-11-30,3.003,-0.014116874589625628
2020-12-01,3.033,0.009990009990009874
2020-12-02,3.051,0.005934718100890191
2020-12-03,3.031,-0.006555227794165841
2020-12-04,3.058,0.008907951171230444
2020-12-07,3.07,0.003924133420536213
2020-12-08,3.071,0.0003257328990229347
2020-12-09,3.023,-0.015630087919244584
2020-12-10,3.029,0.001984783327819928
2020-12-11,3.002,-0.008913832948167721
2020-12-14,3.025,0.007661558960692982
2020-12-15,3.029,0.0013223140495868257
2020-12-16,3.044,0.0049521294156487095
2020-12-17,3.064,0.006570302233902758
2020-12-18,3.068,0.0013054830287206887
2020-12-21,3.093,0.008148631029986975
2020-12-22,3.051,-0.013579049466537318
2020-12-23,3.093,0.013765978367748177
2020-12-24,3.061,-0.01034594245069509
2020-12-25,3.091,0.009800718719372936
2020-12-28,3.085,-0.0019411193788418935
2020-12-29,3.056,-0.009400324149108519
2020-12-30,3.105,0.016034031413612482
2020-12-31,3.17,0.02093397745571668
2021-01-04,3.188,0.005678233438485947
2021-01-05,3.248,0.01882057716436636
2021-01-06,3.238,-0.0030788177339902134
2021-01-07,3.24,0.0006176652254479276
2021-01-08,3.22,-0.006172839506172867
2021-01-11,3.173,-0.014596273291925477
2021-01-12,3.244,0.022376300031516028
2021-01-13,3.207,-0.011405672009864531
2021-01-14,3.196,-0.003429996881820885
2021-01-15,3.221,0.007822277847309156
2021-01-18,3.272,0.01583359205215773
2021-01-19,3.24,-0.009779951100244322
2021-01-20,3.273,0.010185185185185075
2021-01-21,3.338,0.019859456156431365
2021-01-22,3.346,0.002396644697423511
2021-01-25,3.349,0.0008965929468021105
2021-01-26,3.293,-0.01672140937593314
2021-01-27,3.312,0.00576981475857874
2021-01-28,3.217,-0.028683574879227014
2021-01-29,3.2,-0.005284426484302163
2021-02-01,3.2,0.0
2021-02-02,3.273,0.022812499999999902
2021-02-03,3.266,-0.0021387106630003094
2021-02-04,3.284,0.005511328842620955
2021-02-05,3.257,-0.008221680876979165
2021-02-08,3.297,0.012281240405281002
2021-02-09,3.365,0.02062481043372766
2021-02-10,3.419,0.016047548291233227
2021-02-18,3.341,-0.02281368821292773
2021-02-19,3.343,0.0005986231667165498
2021-02-22,3.268,-0.022434938677834304
2021-02-23,3.266,-0.000611995104039087
2021-02-24,3.212,-0.016533986527862754
2021-02-25,3.222,0.0031133250311332628
2021-02-26,3.182,-0.012414649286157653
2021-03-01,3.212,0.009428032683846732
2021-03-02,3.201,-0.003424657534246589
2021-03-03,3.253,0.01624492346141837
2021-03-04,3.178,-0.023055640946818334
2021-03-05,3.205,0.00849590937696676
2021-03-08,3.146,-0.018408736349454058
2021-03-09,3.099,-0.014939605848696691
2021-03-10,3.135,0.011616650532429773
2021-03-11,3.179,0.01403508771929829
2021-03-12,3.177,-0.0006291286568101961
2021-03-15,3.131,-0.014479068303431042
2021-03-16,3.151,0.006387735547748408
2021-03-17,3.16,0.0028562361155188842
2021-03-18,3.188,0.008860759493670933
2021-03-19,3.158,-0.00941028858218329
2021-03-22,3.2,0.013299556681444002
2021-03-23,3.203,0.0009374999999998135
2021-03-24,3.117,-0.026849828285981814
2021-03-25,3.132,0.004812319538017418
2021-03-26,3.188,0.017879948914431676
2021-03-29,3.217,0.009096612296110473
2021-03-30,3.224,0.0021759403170655833
2021-03-31,3.217,-0.002171215880893307
2021-04-01,3.225,0.0024867889337891746
2021-04-02,3.237,0.0037209302325580396
2021-04-06,3.234,-0.000926784059314234
2021-04-07,3.218,-0.0049474335188620655
2021-04-08,3.238,0.00621504039776255
2021-04-09,3.208,-0.009264978381717026
2021-04-12,3.147,-0.019014962593516316
2021-04-13,3.126,-0.006673021925643452
2021-04-14,3.156,0.009596928982725572
2021-04-15,3.144,-0.0038022813688213253
2021-04-16,3.178,0.010814249363867656
2021-04-19,3.214,0.01132787916928879
2021-04-20,3.221,0.002177971375233456
2021-04-21,3.232,0.0034150884818380245
2021-04-22,3.246,0.004331683168316669
2021-04-23,3.264,0.005545286506469349
2021-04-26,3.253,-0.003370098039215619
2021-04-27,3.273,0.006148170919151541
2021-04-28,3.299,0.007943782462572546
2021-04-29,3.286,-0.003940588056986938
2021-04-30,3.264,-0.0066950699939136715
2021-05-06,3.264,0.0
2021-05-07,3.185,-0.02420343137254899
2021-05-10,3.149,-0.011302982731554168
2021-05-11,3.168,0.006033661479834862
2021-05-12,3.168,0.0
2021-05-13,3.141,-0.008522727272727293
2021-05-14,3.186,0.014326647564469885
2021-05-17,3.2,0.00439422473320783
2021-05-18,3.199,-0.00031250000000004885
2021-05-19,3.189,-0.003125976867771163
2021-05-20,3.196,0.002195045468799117
2021-05-21,3.19,-0.001877346683354264
2021-05-24,3.207,0.005329153605015735
2021-05-25,3.239,0.009978172747115766
2021-05-26,3.238,-0.0003087372645877995
2021-05-27,3.318,0.024706609017912218
2021-05-28,3.312,-0.001808318264014508
2021-05-31,3.33,0.005434782608695787
2021-06-01,3.339,0.002702702702702675
2021-06-02,3.322,-0.005091344713986201
2021-06-03,3.303,-0.0057194461167972
2021-06-04,3.334,0.009385407205570795
2021-06-07,3.36,0.007798440311937549
2021-06-08,3.309,-0.015178571428571375
2021-06-09,3.299,-0.0030220610456331842
2021-06-10,3.32,0.006365565322825173
2021-06-11,3.272,-0.014457831325301207
2021-06-15,3.245,-0.00825183374083116
2021-06-16,3.217,-0.008628659476117129
2021-06-17,3.236,0.005906123717749567
2021-06-18,3.234,-0.0006180469715698633
2021-06-21,3.227,-0.0021645021645021467
2021-06-22,3.227,0.0
2021-06-23,3.22,-0.002169197396962974
2021-06-24,3.256,0.011180124223602261
2021-06-25,3.269,0.003992628992629088
2021-06-28,3.291,0.006729886815539876
2021-06-29,3.265,-0.007900334244910323
2021-06-30,3.287,0.006738131699846717
2021-07-01,3.261,-0.00790994828110736
2021-07-02,3.211,-0.015332720024532454
2021-07-05,3.174,-0.011522890065400193
2021-07-06,3.187,0.004095778197857669
2021-07-07,3.196,0.002823972387825613
2021-07-08,3.178,-0.005632040050062681
2021-07-09,3.174,-0.0012586532410321372
2021-07-12,3.228,0.017013232514177856
2021-07-13,3.256,0.008674101610904428
2021-07-14,3.273,0.0052211302211302435
2021-07-15,3.27,-0.0009165902841430373
2021-07-16,3.249,-0.00642201834862377
2021-07-19,3.266,0.00523237919359798
2021-07-20,3.276,0.0030618493570115923
2021-07-21,3.318,0.012820512820512997
2021-07-22,3.298,-0.006027727546714878
2021-07-23,3.262,-0.01091570648878104
2021-07-26,3.219,-0.013182096873084026
2021-07-27,3.141,-0.024231127679403497
2021-07-28,3.142,0.0003183699458770839
2021-07-29,3.17,0.008911521323997418
2021-07-30,3.225,0.01735015772870674
2021-08-02,3.286,0.01891472868217048
2021-08-03,3.287,0.000304321363359783
2021-08-04,3.353,0.020079099482811058
2021-08-05,3.362,0.002684163435729081
2021-08-06,3.361,-0.0002974419988102106
2021-08-09,3.407,0.013686402856292634
2021-08-10,3.455,0.014088641033167093
2021-08-11,3.499,0.012735166425470235
2021-08-12,3.459,-0.01143183766790512
2021-08-13,3.457,-0.0005782017924256255
2021-08-16,3.45,-0.0020248770610354905
2021-08-17,3.377,-0.02115942028985518
2021-08-18,3.383,0.0017767249037607957
2021-08-19,3.402,0.005616316878510164
2021-08-20,3.373,-0.008524397413286255
2021-08-23,3.449,0.022531870738215165
2021-08-24,3.488,0.011307625398666366
2021-08-25,3.537,0.014048165137614754
2021-08-26,3.479,-0.01639807746677968
2021-08-27,3.507,0.008048289738430636
2021-08-30,3.518,0.0031365839749071256
2021-08-31,3.559,0.011654349061967162
2021-09-01,3.567,0.002247822422028589
2021-09-02,3.585,0.005046257359125228
2021-09-03,3.561,-0.006694560669456062
2021-09-06,3.605,0.012356079752878335
2021-09-07,3.637,0.008876560332871097
2021-09-08,3.595,-0.011547979103656791
2021-09-09,3.59,-0.0013908205841447474
2021-09-10,3.598,0.0022284122562674646
2021-09-13,3.595,-0.0008337965536407976
2021-09-14,3.587,-0.0022253129346314626
2021-09-15,3.595,0.002230275996654596
2021-09-16,3.523,-0.02002781641168294
2021-09-17,3.508,-0.00425773488504122
2021-09-22,3.528,0.005701254275940704
2021-09-23,3.53,0.0005668934240361523
2021-09-24,3.491,-0.011048158640226569
2021-09-27,3.451,-0.01145803494700659
2021-09-28,3.472,0.006085192697768749
2021-09-29,3.421,-0.014688940092165925
2021-09-30,3.491,0.02046185325928107
2021-10-08,3.488,-0.0008593526210255442
2021-10-11,3.484,-0.0011467889908256534
2021-10-12,3.465,-0.005453501722158527
2021-10-13,3.479,0.004040404040404066
2021-10-14,3.481,0.0005748778384593312
2021-10-15,3.483,0.0005745475438092562
2021-10-18,3.478,-0.0014355440712029433
2021-10-19,3.528,0.014376078205865284
2021-10-20,3.543,0.004251700680272252
2021-10-21,3.518,-0.007056167090036758
2021-10-22,3.525,0.0019897669130188866
2021-10-25,3.545,0.005673758865248235
2021-10-26,3.507,-0.0107193229901269
2021-10-27,3.512,0.0014257199885943095
2021-10-28,3.542,0.008542141230068356
2021-10-29,3.573,0.008752117447769603
2021-11-01,3.618,0.012594458438287104
2021-11-02,3.595,-0.006357103372028661
2021-11-03,3.597,0.0005563282336578101
2021-11-04,3.668,0.019738671114817974
2021-11-05,3.666,-0.0005452562704472141
2021-11-08,3.686,0.0054555373704310295
2021-11-09,3.709,0.00623982637004894
2021-11-10,3.685,-0.006470746832030194
2021-11-11,3.716,0.008412483039348828
2021-11-12,3.763,0.012648008611410022
2021-11-15,3.753,-0.0026574541589157175
2021-11-16,3.751,-0.0005329070077272346
2021-11-17,3.77,0.005065315915755875
2021-11-18,3.763,-0.001856763925729421
2021-11-19,3.82,0.015147488705819834
2021-11-22,3.826,0.0015706806282722585
2021-11-23,3.818,-0.002090956612650241
2021-11-24,3.821,0.0007857517024620897
2021-11-25,3.796,-0.006542789845590202
2021-11-26,3.804,0.0021074815595363283
2021-11-29,3.77,-0.008937960042060933
2021-11-30,3.769,-0.0002652519893898697
2021-12-01,3.771,0.0005306447333510711
2021-12-02,3.741,-0.007955449482895727
2021-12-03,3.783,0.01122694466720131
2021-12-06,3.787,0.0010573618821041464
2021-12-07,3.753,-0.008978082915236274
2021-12-08,3.783,0.007993605115907298
2021-12-09,3.795,0.003172085646312439
2021-12-10,3.826,0.008168642951251748
2021-12-13,3.873,0.012284370099320485
2021-12-14,3.953,0.020655822359927578
2021-12-15,3.939,-0.0035416139640778166
2021-12-16,3.973,0.008631632394008548
2021-12-17,3.942,-0.007802668009061042
2021-12-20,3.891,-0.012937595129375978
2021-12-21,3.941,0.01285016705217168
2021-12-22,3.965,0.006089824917533626
2021-12-23,3.968,0.0007566204287516864
2021-12-24,3.913,-0.013860887096774244
2021-12-27,3.935,0.005622284692052171
2021-12-28,3.962,0.00686149936467606
2021-12-29,3.964,0.0005047955577990315
2021-12-30,3.979,0.0037840565085771605
2021-12-31,4.056,0.01935159587836144
2022-01-04,3.972,-0.020710059171597628
2022-01-05,3.924,-0.012084592145015116
2022-01-06,3.945,0.005351681957186605
2022-01-07,3.932,-0.003295310519645045
2022-01-10,3.936,0.0010172939979653517
2022-01-11,3.894,-0.010670731707317027
2022-01-12,3.928,0.008731381612737454
2022-01-13,3.859,-0.017566191446028556
2022-01-14,3.834,-0.006478362270018079
2022-01-17,3.858,0.006259780907668322
2022-01-18,3.895,0.009590461378952808
2022-01-19,3.864,-0.007958921694480092
2022-01-20,3.831,-0.008540372670807428
2022-01-21,3.818,-0.003393369877316643
2022-01-24,3.794,-0.0062860136196961625
2022-01-25,3.735,-0.015550869794412225
2022-01-26,3.765,0.008032128514056325
2022-01-27,3.719,-0.01221779548472779
2022-01-28,3.715,-0.001075557945684369
2022-02-07,3.714,-0.00026917900403766737
2022-02-08,3.711,-0.0008077544426494665
2022-02-09,3.771,0.01616814874696848
2022-02-10,3.718,-0.014054627419782584
2022-02-11,3.66,-0.01559978483055402
2022-02-14,3.608,-0.014207650273224015
2022-02-15,3.642,0.009423503325942217
2022-02-16,3.654,0.0032948929159801743
2022-02-17,3.654,0.0
2022-02-18,3.679,0.006841817186644672
2022-02-21,3.703,0.006523511823865125
2022-02-22,3.651,-0.014042668106940326
2022-02-23,3.734,0.022733497671870717
2022-02-24,3.68,-0.014461703267273696
2022-02-25,3.707,0.007336956521738935
2022-02-28,3.727,0.005395198273536517
2022-03-01,3.731,0.0010732492621410294
2022-03-02,3.697,-0.009112838381130972
2022-03-03,3.655,-0.011360562618339287
2022-03-04,3.618,-0.01012311901504781
2022-03-07,3.503,-0.03178551686014364
2022-03-08,3.441,-0.017699115044247815
2022-03-09,3.421,-0.005812263876780022
2022-03-10,3.456,0.010230926629640535
2022-03-11,3.455,-0.0002893518518518601
2022-03-14,3.363,-0.026628075253256167
2022-03-15,3.237,-0.03746654772524527
2022-03-16,3.335,0.030274945937596387
2022-03-17,3.39,0.016491754122938573
2022-03-18,3.396,0.001769911504424737
2022-03-21,3.413,0.005005889281507692
2022-03-22,3.429,0.004687957808379828
2022-03-23,3.459,0.008748906386701671
2022-03-24,3.431,-0.008094825093957758
2022-03-25,3.362,-0.02011075488195857
2022-03-28,3.333,-0.008625817965496663
2022-03-29,3.286,-0.014101410141014181
2022-03-30,3.377,0.02769324406573337
2022-03-31,3.367,-0.0029612081729345485
2022-04-01,3.367,0.0
2022-04-06,3.346,-0.006237006237006182
2022-04-07,3.28,-0.01972504482964743
2022-04-08,3.276,-0.0012195121951219523
2022-04-11,3.179,-0.029609279609279615
2022-04-12,3.21,0.009751494180559872
2022-04-13,3.196,-0.004361370716510882
2022-04-14,3.197,0.0003128911138923218
2022-04-15,3.18,-0.005317485142320888
2022-04-18,3.241,0.01918238993710686
2022-04-19,3.23,-0.00339401419315033
2022-04-20,3.22,-0.003095975232198067
2022-04-21,3.15,-0.021739130434782705
2022-04-22,3.177,0.008571428571428674
2022-04-25,3.044,-0.04186339313818066
2022-04-26,3.021,-0.007555847568988194
2022-04-27,3.133,0.037073816617014366
2022-04-28,3.151,0.005745292052345974
2022-04-29,3.271,0.03808314820691838
2022-05-05,3.291,0.0061143381228983
2022-05-06,3.239,-0.015800668489820757
2022-05-09,3.246,0.0021611608521148185
2022-05-10,3.282,0.01109057301293892
2022-05-11,3.293,0.003351614868982278
2022-05-12,3.288,-0.0015183723048892706
2022-05-13,3.305,0.005170316301703171
2022-05-16,3.316,0.0033282904689861947
2022-05-17,3.353,0.011158021712907251
2022-05-18,3.359,0.001789442290486054
2022-05-19,3.365,0.0017862459065198788
2022-05-20,3.391,0.007726597325408591
2022-05-23,3.378,-0.0038336773813034686
2022-05-24,3.294,-0.02486678507992901
2022-05-25,3.338,0.013357619914996954
2022-05-26,3.373,0.010485320551228305
2022-05-27,3.364,-0.002668247850578176
2022-05-30,3.378,0.004161712247324756
2022-05-31,3.414,0.010657193605683846
2022-06-01,3.431,0.004979496192149879
2022-06-02,3.459,0.008160886039055626
2022-06-06,3.481,0.006360219716680993
2022-06-07,3.483,0.0005745475438092562
2022-06-08,3.458,-0.007177720356014938
2022-06-09,3.402,-0.01619433198380571
2022-06-10,3.449,0.013815402704291602
2022-06-13,3.458,0.0026094520150770073
2022-06-14,3.454,-0.0011567379988433046
2022-06-15,3.459,0.001447596988998212
2022-06-16,3.463,0.001156403584851029
2022-06-17,3.473,0.002887669650591951
2022-06-20,3.517,0.012669162107687981
2022-06-21,3.494,-0.0065396644867784515
2022-06-22,3.437,-0.016313680595306357
2022-06-23,3.477,0.011638056444573719
2022-06-24,3.504,0.007765314926660993
2022-06-27,3.541,0.010559360730593603
2022-06-28,3.556,0.004236091499576489
2022-06-29,3.513,-0.012092238470191252
2022-06-30,3.563,0.014232849416453197
2022-07-01,3.556,-0.0019646365422397727
2022-07-04,3.566,0.0028121484814398467
2022-07-05,3.518,-0.01346045989904654
2022-07-06,3.492,-0.007390562819783897
2022-07-07,3.497,0.001431844215349365
2022-07-08,3.492,-0.001429796968830388
2022-07-11,3.457,-0.010022909507445665
2022-07-12,3.431,-0.007520971940989218
2022-07-13,3.433,0.0005829204313609893
2022-07-14,3.41,-0.00669967958054174
2022-07-15,3.36,-0.014662756598240567
2022-07-18,3.443,0.024702380952380976
2022-07-19,3.439,-0.0011617775196050006
2022-07-20,3.475,0.010468159348647976
2022-07-21,3.466,-0.0025899280575539807
2022-07-22,3.441,-0.00721292556260833
2022-07-25,3.417,-0.006974716652136004
2022-07-26,3.45,0.009657594381036194
2022-07-27,3.446,-0.001159420289855051
2022-07-28,3.452,0.0017411491584444772
2022-07-29,3.44,-0.0034762456546929554
2022-08-01,3.449,0.0026162790697674687
2022-08-02,3.389,-0.01739634676717894
2022-08-03,3.36,-0.00855709648863967
2022-08-04,3.383,0.006845238095238182
2022-08-05,3.423,0.011823825007389877
2022-08-08,3.441,0.005258545135845782
2022-08-09,3.458,0.004940424295263091
2022-08-10,3.441,-0.004916136495083934
2022-08-11,3.502,0.017727404824178894
2022-08-12,3.471,-0.008852084523129577
2022-08-15,3.475,0.0011524056467877575
2022-08-16,3.46,-0.004316546762589968
2022-08-17,3.48,0.005780346820809301
2022-08-18,3.478,-0.0005747126436781436
2022-08-19,3.498,0.005750431282346202
2022-08-22,3.509,0.0031446540880502027
2022-08-23,3.513,0.0011399259048161525
2022-08-24,3.448,-0.018502704241389112
2022-08-25,3.468,0.0058004640371229765
2022-08-26,3.463,-0.0014417531718569077
2022-08-29,3.459,-0.0011550678602367803
2022-08-30,3.45,-0.002601908065914982
2022-08-31,3.421,-0.008405797101449397
2022-09-01,3.401,-0.005846243788365957
2022-09-02,3.387,-0.004116436342252228
2022-09-05,3.383,-0.001180986123412997
2022-09-06,3.404,0.006207508128879713
2022-09-07,3.399,-0.001468860164512309
2022-09-08,3.401,0.0005884083553986397
2022-09-09,3.441,0.011761246692149285
2022-09-13,3.449,0.0023249055507119643
2022-09-14,3.439,-0.0028993911278630824
2022-09-15,3.413,-0.007560337307356835
2022-09-16,3.364,-0.014356870788162834
2022-09-19,3.32,-0.013079667063020217
2022-09-20,3.316,-0.001204819277108471
2022-09-21,3.306,-0.00301568154402887
2022-09-22,3.292,-0.004234724742891771
2022-09-23,3.27,-0.006682867557715633
2022-09-26,3.237,-0.010091743119266083
2022-09-27,3.275,0.011739264751312817
2022-09-28,3.232,-0.01312977099236634
2022-09-29,3.236,0.0012376237623761277
2022-09-30,3.259,0.007107540173053151
2022-10-10,3.219,-0.012273703590058305
2022-10-11,3.187,-0.009940975458216816
2022-10-12,3.229,0.013178537809852564
2022-10-13,3.214,-0.004645401052957632
2022-10-14,3.254,0.012445550715619147
2022-10-17,3.286,0.009834050399508243
2022-10-18,3.282,-0.001217285453438799
2022-10-19,3.245,-0.011273613650213288
2022-10-20,3.225,-0.006163328197226536
2022-10-21,3.211,-0.004341085271317935
2022-10-24,3.167,-0.013702896293989464
2022-10-25,3.17,0.000947268708556992
2022-10-26,3.193,0.007255520504731994
2022-10-27,3.201,0.0025054807391167166
2022-10-28,3.155,-0.01437050921587013
2022-10-31,3.119,-0.011410459587955502
2022-11-01,3.201,0.026290477717217042
2022-11-02,3.227,0.008122461730709185
2022-11-03,3.209,-0.005577936163619346
2022-11-04,3.27,0.01900903708320345
2022-11-07,3.281,0.0033639143730888055
2022-11-08,3.265,-0.00487656202377329
2022-11-09,3.252,-0.003981623277182322
2022-11-10,3.23,-0.006765067650676415
2022-11-11,3.304,0.022910216718266208
2022-11-14,3.288,-0.004842615012106588
2022-11-15,3.331,0.013077858880778725
2022-11-16,3.31,-0.006304413089162408
2022-11-17,3.307,-0.0009063444108761143
2022-11-18,3.316,0.002721499848805431
2022-11-21,3.312,-0.0012062726176116367
2022-11-22,3.339,0.008152173913043459
2022-11-23,3.33,-0.0026954177897573484
2022-11-24,3.321,-0.002702702702702675
2022-11-25,3.34,0.0057211683227942345
2022-11-28,3.312,-0.008383233532934131
2022-11-29,3.36,0.01449275362318847
2022-11-30,3.37,0.0029761904761904656
2022-12-01,3.383,0.0038575667655786905
2022-12-02,3.358,-0.007389890629618701
2022-12-05,3.432,0.02203692674210833
2022-12-06,3.424,-0.002331002331002363
2022-12-07,3.402,-0.006425233644859807
2022-12-08,3.397,-0.0014697236919459788
2022-12-09,3.422,0.007359434795407793
2022-12-12,3.407,-0.0043834015195792775
2022-12-13,3.397,-0.0029351335485765517
2022-12-14,3.395,-0.0005887547836325169
2022-12-15,3.4,0.0014727540500736325
2022-12-16,3.407,0.0020588235294118906
2022-12-19,3.352,-0.01614323451717059
2022-12-20,3.32,-0.009546539379474916
2022-12-21,3.311,-0.002710843373493921
2022-12-22,3.32,0.0027182120205375693
2022-12-23,3.316,-0.001204819277108471
2022-12-26,3.328,0.003618817852834688
2022-12-27,3.351,0.006911057692307709
2022-12-28,3.336,-0.004476275738585556
2022-12-29,3.319,-0.005095923261390856
2022-12-30,3.33,0.0033142512805062196
2022-12-31,3.329,-0.0003003003003002602
2023-01-03,3.356,0.00811054370681874
2023-01-04,3.367,0.003277711561382679
2023-01-05,3.384,0.005049005049005073
2023-01-06,3.372,-0.0035460992907800915
2023-01-09,3.386,0.004151838671411667
2023-01-10,3.381,-0.001476668635558287
2023-01-11,3.388,0.0020703933747412417
2023-01-12,3.403,0.004427390791027275
2023-01-13,3.412,0.002644725242433088
2023-01-16,3.421,0.002637749120750321
2023-01-17,3.426,0.0014615609470916002
2023-01-18,3.433,0.0020431990659659505
2023-01-19,3.446,0.003786775415088872
2023-01-20,3.482,0.010446894950667529
2023-01-30,3.47,-0.003446295232624963
2023-01-31,3.474,0.0011527377521614035
2023-02-01,3.511,0.010650546919976911
2023-02-02,3.504,-0.00199373397892344
2023-02-03,3.485,-0.005422374429223775
2023-02-06,3.465,-0.0057388809182209455
2023-02-07,3.478,0.0037518037518038394
2023-02-08,3.472,-0.0017251293847039273
2023-02-09,3.501,0.008352534562211966
2023-02-10,3.491,-0.002856326763781669
2023-02-13,3.536,0.012890289315382386
2023-02-14,3.548,0.0033936651583710287
2023-02-15,3.548,0.0
2023-02-16,3.538,-0.002818489289740711
2023-02-17,3.503,-0.009892594686263356
2023-02-20,3.598,0.02711961176134725
2023-02-21,3.603,0.0013896609227348478
2023-02-22,3.599,-0.0011101859561476468
2023-02-23,3.59,-0.0025006946373993255
2023-02-24,3.562,-0.007799442896935904
2023-02-27,3.57,0.002245929253228418
2023-02-28,3.588,0.005042016806722671
2023-03-01,3.636,0.013377926421404673
2023-03-02,3.636,0.0
2023-03-03,3.639,0.0008250825082507518
2023-03-06,3.651,0.0032976092333059093
2023-03-07,3.599,-0.014242673240208004
2023-03-08,3.598,-0.0002778549597111102
2023-03-09,3.619,0.005836575875486583
2023-03-10,3.576,-0.01188173528599068
2023-03-13,3.632,0.015659955257270708
2023-03-14,3.584,-0.013215859030836996
2023-03-15,3.606,0.006138392857142794
2023-03-16,3.568,-0.010537992235163607
2023-03-17,3.607,0.010930493273542563
2023-03-20,3.55,-0.01580260604380379
2023-03-21,3.569,0.0053521126760562865
2023-03-22,3.593,0.006724572709442489
2023-03-23,3.617,0.006679654884497621
2023-03-24,3.571,-0.012717721868952148
2023-03-27,3.538,-0.009241108933072062
2023-03-28,3.544,0.0016958733747880483
2023-03-29,3.548,0.0011286681715576563
2023-03-30,3.568,0.005636978579481422
2023-03-31,3.589,0.0058856502242152775
2023-04-03,3.592,0.0008358874338256772
2023-04-04,3.592,0.0
2023-04-06,3.605,0.003619153674832898
2023-04-07,3.639,0.009431345353675402
2023-04-10,3.618,-0.00577081615828523
2023-04-11,3.628,0.0027639579878386833
2023-04-12,3.653,0.0068908489525909555
2023-04-13,3.627,-0.007117437722420017
2023-04-14,3.642,0.0041356492969395475
2023-04-17,3.705,0.017298187808896248
2023-04-18,3.73,0.006747638326585648
2023-04-19,3.711,-0.005093833780160928
2023-04-20,3.734,0.006197790353004606
2023-04-21,3.692,-0.01124799143010169
2023-04-24,3.699,0.001895991332610869
2023-04-25,3.673,-0.007028926736955876
2023-04-26,3.661,-0.0032670841274162754
2023-04-27,3.671,0.0027314941272875704
2023-04-28,3.678,0.0019068373740125377
2023-05-04,3.616,-0.016856987493202746
2023-05-05,3.593,-0.006360619469026552
2023-05-08,3.635,0.011689396047870781
2023-05-09,3.599,-0.009903713892709609
2023-05-10,3.59,-0.0025006946373993255
2023-05-11,3.567,-0.006406685236768683
2023-05-12,3.54,-0.007569386038688064
2023-05-15,3.575,0.009887005649717562
2023-05-16,3.565,-0.002797202797202858
2023-05-17,3.562,-0.0008415147265077305
2023-05-18,3.594,0.008983717012914116
2023-05-19,3.61,0.004451864218141255
2023-05-22,3.626,0.004432132963988922
2023-05-23,3.593,-0.009100937672366194
2023-05-24,3.569,-0.006679654884497621
2023-05-25,3.569,0.0
2023-05-26,3.599,0.008405715886803167
2023-05-29,3.585,-0.0038899694359545434
2023-05-30,3.581,-0.0011157601115759919
2023-05-31,3.543,-0.010611561016475757
2023-06-01,3.55,0.0019757267852100746
2023-06-02,3.591,0.011549295774647916
2023-06-05,3.591,0.0
2023-06-06,3.575,-0.004455583402951824
2023-06-07,3.577,0.0005594405594404606
2023-06-08,3.61,0.009225608051439682
2023-06-09,3.626,0.004432132963988922
2023-06-12,3.637,0.0030336458907886943
2023-06-13,3.64,0.000824855650261247
2023-06-14,3.653,0.0035714285714285587
2023-06-15,3.693,0.0109499041883383
2023-06-16,3.716,0.00622799891686987
2023-06-19,3.725,0.0024219590958018955
2023-06-20,3.76,0.009395973154362247
2023-06-21,3.726,-0.009042553191489278
2023-06-26,3.704,-0.005904455179817414
2023-06-27,3.754,0.013498920086393085
2023-06-28,3.749,-0.0013319126265316505
2023-06-29,3.763,0.0037343291544411628
2023-06-30,3.797,0.009035344140313706
2023-07-03,3.806,0.00237029233605468
2023-07-04,3.814,0.0021019442984759884
2023-07-05,3.802,-0.0031463030938647663
2023-07-06,3.782,-0.005260389268805898
2023-07-07,3.77,-0.0031729243786356998
2023-07-10,3.774,0.001061007957559701
2023-07-11,3.812,0.010068892421833509
2023-07-12,3.797,-0.00393494228751301
2023-07-13,3.818,0.005530682117461216
2023-07-14,3.834,0.004190675746464034
2023-07-17,3.845,0.002869066249348018
2023-07-18,3.849,0.001040312093627982
2023-07-19,3.85,0.00025980774227063463
2023-07-20,3.817,-0.008571428571428563
2023-07-21,3.816,-0.0002619858527640462
2023-07-24,3.808,-0.002096436058700246
2023-07-25,3.845,0.009716386554621925
2023-07-26,3.823,-0.005721716514954567
2023-07-27,3.805,-0.004708344232278283
2023-07-28,3.838,0.008672798948751614
2023-07-31,3.843,0.0013027618551328946
2023-08-01,3.837,-0.0015612802498047307
2023-08-02,3.835,-0.0005212405525150121
2023-08-03,3.824,-0.002868318122555391
2023-08-04,3.84,0.004184100418409997
2023-08-07,3.799,-0.010677083333333282
2023-08-08,3.794,-0.0013161358252171684
2023-08-09,3.778,-0.004217185028993153
2023-08-10,3.777,-0.000264690312334559
2023-08-11,3.742,-0.009266613714588368
2023-08-14,3.742,0.0
2023-08-15,3.73,-0.003206841261357618
2023-08-16,3.696,-0.009115281501340444
2023-08-17,3.721,0.006764069264069139
2023-08-18,3.678,-0.011556033324375159
2023-08-21,3.645,-0.008972267536704659
2023-08-22,3.673,0.007681755829904047
2023-08-23,3.644,-0.007895453307922629
2023-08-24,3.657,0.003567508232711347
2023-08-25,3.622,-0.009570686354935742
2023-08-28,3.634,0.00331308669243513
2023-08-29,3.682,0.01320858558062743
2023-08-30,3.725,0.011678435632808348
2023-08-31,3.745,0.005369127516778427
2023-09-01,3.755,0.002670226969292422
2023-09-04,3.797,0.011185086551265044
2023-09-05,3.782,-0.003950487226757948
2023-09-06,3.775,-0.0018508725542041304
2023-09-07,3.754,-0.0055629139072846945
2023-09-08,3.744,-0.002663825253063301
2023-09-11,3.763,0.005074786324786196
2023-09-12,3.764,0.00026574541589163836
2023-09-13,3.748,-0.004250797024441977
2023-09-14,3.766,0.0048025613660618305
2023-09-15,3.755,-0.0029208709506107766
2023-09-18,3.756,0.0002663115845538133
2023-09-19,3.761,0.0013312034078807322
2023-09-20,3.76,-0.00026588673225214077
2023-09-21,3.753,-0.0018617021276594592
2023-09-22,3.79,0.009858779642952342
2023-09-25,3.763,-0.0071240105540897325
2023-09-26,3.745,-0.004783417486048269
2023-09-27,3.739,-0.0016021361815754531
2023-09-28,3.732,-0.0018721583311044343
2023-10-09,3.726,-0.001607717041800738
2023-10-10,3.672,-0.01449275362318836
2023-10-11,3.68,0.002178649237472685
2023-10-12,3.693,0.003532608695652195
2023-10-13,3.664,-0.007852694286487938
2023-10-16,3.646,-0.004912663755458624
2023-10-17,3.655,0.0024684585847503104
2023-10-18,3.634,-0.005745554035567646
2023-10-19,3.589,-0.012383048981838174
2023-10-20,3.56,-0.00808024519364725
2023-10-23,3.525,-0.0098314606741573
2023-10-24,3.51,-0.004255319148936176
2023-10-25,3.513,0.0008547008547008517
2023-10-26,3.52,0.00199259891830339
2023-10-27,3.575,0.015625
2023-10-30,3.562,-0.003636363636363771
2023-10-31,3.525,-0.010387422796181878
2023-11-01,3.516,-0.002553191489361728
2023-11-02,3.507,-0.0025597269624573205
2023-11-03,3.532,0.007128599942971103
2023-11-06,3.531,-0.00028312570781419133
2023-11-07,3.524,-0.0019824412347777542
2023-11-08,3.512,-0.0034052213393870323
2023-11-09,3.52,0.002277904328018332
2023-11-10,3.506,-0.003977272727272774
2023-11-13,3.5,-0.0017113519680547196
2023-11-14,3.501,0.0002857142857142225
2023-11-15,3.527,0.007426449585832717
2023-11-16,3.511,-0.00453643322937336
2023-11-17,3.505,-0.0017089148390772024
2023-11-20,3.524,0.005420827389443605
2023-11-21,3.511,-0.003688989784335961
2023-11-22,3.486,-0.007120478496154936
2023-11-23,3.513,0.007745266781411297
2023-11-24,3.492,-0.005977796754910281
2023-11-27,3.484,-0.002290950744558984
2023-11-28,3.488,0.0011481056257176547
2023-11-29,3.47,-0.0051605504587155515
2023-11-30,3.475,0.0014409221902016434
2023-12-01,3.451,-0.0069064748201438375
2023-12-04,3.442,-0.002607939727615194
2023-12-05,3.406,-0.01045903544450899
2023-12-06,3.408,0.0005871990604815469
2023-12-07,3.397,-0.0032276995305164924
2023-12-08,3.404,0.002060641742714253
2023-12-11,3.419,0.004406580493537149
2023-12-12,3.431,0.0035097981866043515
2023-12-13,3.398,-0.009618187117458432
2023-12-14,3.404,0.0017657445556209517
2023-12-15,3.398,-0.001762632197414793
2023-12-18,3.4,0.0005885815185402432
2023-12-19,3.399,-0.0002941176470587781
2023-12-20,3.373,-0.007649308620182316
2023-12-21,3.405,0.009487103468722058
2023-12-22,3.42,0.004405286343612369
2023-12-25,3.431,0.003216374269005895
2023-12-26,3.424,-0.0020402215097639065
2023-12-27,3.451,0.00788551401869153
2023-12-28,3.486,0.01014198782961473
2023-12-29,3.503,0.004876649454962578
2023-12-31,3.503,0.0
2024-01-02,3.497,-0.0017128175849272509
2024-01-03,3.488,-0.0025736345438946984
2024-01-04,3.501,0.003727064220183429
2024-01-05,3.512,0.003141959440160047
2024-01-08,3.477,-0.009965831435079786
2024-01-09,3.49,0.0037388553350590215
2024-01-10,3.48,-0.002865329512894088
2024-01-11,3.486,0.0017241379310346527
2024-01-12,3.49,0.0011474469305794432
2024-01-15,3.503,0.0037249283667621924
2024-01-16,3.515,0.0034256351698545018
2024-01-17,3.464,-0.014509246088193484
2024-01-18,3.474,0.0028868360277136684
2024-01-19,3.453,-0.006044905008635637
2024-01-22,3.384,-0.019982623805386623
2024-01-23,3.413,0.008569739952718702
2024-01-24,3.466,0.015528860240257902
2024-01-25,3.518,0.015002885170224856
2024-01-26,3.519,0.00028425241614571384
2024-01-29,3.531,0.0034100596760442414
2024-01-30,3.495,-0.010195412064570974
2024-01-31,3.467,-0.008011444921316224
2024-02-01,3.472,0.0014421690222092831
2024-02-02,3.46,-0.003456221198156695
2024-02-05,3.481,0.006069364161849666
2024-02-06,3.566,0.024418270611893167
2024-02-07,3.632,0.01850813236118909
2024-02-08,3.633,0.0002753303964757592
2024-02-19,3.664,0.008532892925956492
2024-02-20,3.683,0.005185589519650646
2024-02-21,3.687,0.0010860711376594612
2024-02-22,3.722,0.009492812584757315
2024-02-23,3.706,-0.004298764105319708
2024-02-26,3.724,0.004856988667026441
2024-02-27,3.762,0.010204081632652962
2024-02-28,3.724,-0.010101010101010055
2024-02-29,3.773,0.013157894736842035
2024-03-01,3.793,0.005300821627352237
2024-03-04,3.81,0.004481940416556807
2024-03-05,3.811,0.0002624671916009458
2024-03-06,3.819,0.0020991865652060238
2024-03-07,3.827,0.0020947892118354794
2024-03-08,3.861,0.008884243532793379
2024-03-11,3.855,-0.0015540015540016494
2024-03-12,3.842,-0.0033722438391698972
2024-03-13,3.838,-0.0010411244143675447
2024-03-14,3.842,0.0010422094841062712
2024-03-15,3.829,-0.003383654346694409
2024-03-18,3.835,0.0015669887699136797
2024-03-19,3.821,-0.003650586701434144
2024-03-20,3.827,0.0015702695629415953
2024-03-21,3.812,-0.003919519205644151
2024-03-22,3.805,-0.001836306400839316
2024-03-25,3.808,0.0007884362680683488
2024-03-26,3.816,0.0021008403361344463
2024-03-27,3.801,-0.0039308176100628645
2024-03-28,3.839,0.009997369113391219
2024-03-29,3.865,0.006772597030476835
2024-04-01,3.911,0.01190168175937889
2024-04-02,3.935,0.006136537969828604
2024-04-03,3.938,0.000762388818297266
2024-04-08,3.926,-0.003047232097511454
2024-04-09,3.909,-0.004330106979113735
2024-04-10,3.919,0.0025581990278844557
2024-04-11,3.9443,0.0064557285021689115
2024-04-12,3.9325,-0.002991658849479051
2024-04-15,4.003,0.01792752701843603
2024-04-16,3.9886,-0.003597302023482407
2024-04-17,4.0298,0.01032943890086746
2024-04-18,4.042,0.0030274455307954806
2024-04-19,4.0453,0.0008164275111330888
2024-04-22,4.038,-0.0018045633203964684
2024-04-23,4.001,-0.009162951956414034
2024-04-24,4.0232,0.0055486128467883145
2024-04-25,4.0296,0.0015907735136211354
2024-04-26,4.0752,0.011316259678379792
2024-04-29,4.0776,0.0005889281507658328
2024-04-30,4.1206,0.01054541887384719
2024-05-06,4.1832,0.015191962335582287
2024-05-07,4.1688,-0.0034423407917384408
2024-05-08,4.1494,-0.0046536173479179155
2024-05-09,4.1889,0.009519448594977664
2024-05-10,4.2157,0.0063978610136312675
2024-05-13,4.2278,0.002870223213226719
2024-05-14,4.203,-0.005865935001655664
2024-05-15,4.1995,-0.0008327385201049031
2024-05-16,4.1849,-0.0034766043576615058
2024-05-17,4.1876,0.0006451767067312542
2024-05-20,4.1752,-0.0029611233164580364
2024-05-21,4.1549,-0.004862042536884603
2024-05-22,4.1287,-0.006305807600664126
2024-05-23,4.1088,-0.0048199191028655
2024-05-24,4.1026,-0.0015089563862927813
2024-05-27,4.1597,0.013918003217471941
2024-05-28,4.1345,-0.0060581291920089875
2024-05-29,4.1177,-0.00406336921030348
2024-05-30,4.0993,-0.004468513976248811
2024-05-31,4.0979,-0.0003415217232211054
2024-06-03,4.1159,0.004392493716293577
2024-06-04,4.1251,0.0022352340921791836
2024-06-05,4.091,-0.008266466267484285
2024-06-06,4.1284,0.009142019066243012
2024-06-07,4.1182,-0.002470690824532551
2024-06-11,4.0948,-0.005682094118789727
2024-06-12,4.1037,0.0021734883266582017
2024-06-13,4.0908,-0.003143504642152184
2024-06-14,4.1003,0.002322284149799625
2024-06-17,4.0842,-0.003926541960344365
2024-06-18,4.1077,0.005753880808971212
2024-06-19,4.1043,-0.0008277138057793954
2024-06-20,4.097,-0.0017786224203882872
2024-06-21,4.0903,-0.0016353429338541448
2024-06-24,4.0812,-0.0022247756888248427
2024-06-25,4.1066,0.006223659707929041
2024-06-26,4.1062,-9.740417863923767e-05
2024-06-27,4.0736,-0.007939213871706263
2024-06-28,4.1096,0.008837391987431387
2024-06-30,4.1093,-7.299980533392869e-05
2024-07-01,4.1179,0.0020928138612414937
2024-07-02,4.0855,-0.00786808810315942
2024-07-03,4.0749,-0.002594541671765871
2024-07-04,4.0755,0.00014724287712564177
2024-07-05,4.0669,-0.002110170531223088
2024-07-08,4.06,-0.0016966239641990066
2024-07-09,4.076,0.003940886699507429
2024-07-10,4.0534,-0.005544651619234453
2024-07-11,4.1026,0.01213795825726538
2024-07-12,4.1102,0.0018524837907667457
2024-07-15,4.0946,-0.0037954357452192333
2024-07-16,4.0858,-0.002149172080300854
2024-07-17,4.041,-0.010964804934162076
2024-07-18,4.0824,0.01024498886414249
2024-07-19,4.0688,-0.003331373701743967
2024-07-22,4.0627,-0.0014992135273299567
2024-07-23,4.0151,-0.011716346272183542
2024-07-24,3.977,-0.00948917835172236
2024-07-25,3.946,-0.007794820216243337
2024-07-26,4.0002,0.013735428281804518
2024-07-29,3.9831,-0.004274786260687113
2024-07-30,3.9274,-0.013984082749617044
2024-07-31,4.0042,0.01955492183123697
2024-08-01,3.9942,-0.002497377753358898
2024-08-02,3.9722,-0.005507986580541857
2024-08-05,3.9228,-0.012436433210815112
2024-08-06,3.9026,-0.005149383093708604
2024-08-07,3.9199,0.004432942141136653
2024-08-08,3.9346,0.0037500956657057216
2024-08-09,3.9105,-0.0061251461393788675
2024-08-12,3.8955,-0.00383582662063664
2024-08-13,3.9113,0.0040559620074445135
2024-08-14,3.8881,-0.005931531715797855
2024-08-15,3.9088,0.005323937141534341
2024-08-16,3.9257,0.004323577568563275
2024-08-19,3.9496,0.006088086201187171
2024-08-20,3.9397,-0.0025065829451084154
2024-08-21,3.9345,-0.0013198974541209774
2024-08-22,3.9467,0.0031007751937983663
2024-08-23,3.9872,0.010261737654242875
2024-08-26,4.0004,0.0033105939004816065
2024-08-27,3.9967,-0.0009249075092490067
2024-08-28,3.9784,-0.00457877749143043
2024-08-29,3.9959,0.004398753267645272
2024-08-30,4.0413,0.01136164568682907
2024-09-02,4.0297,-0.0028703634968945124
2024-09-03,4.0619,0.007990669280591556
2024-09-04,4.0388,-0.005686993771387594
2024-09-05,4.03,-0.0021788650094086703
2024-09-06,4.0097,-0.005037220843672641
2024-09-09,3.9507,-0.014714317779384922
2024-09-10,3.9557,0.0012655985015315174
2024-09-11,3.9697,0.0035391966023712307
2024-09-12,3.9535,-0.004080912915333634
2024-09-13,3.9711,0.004451751612495114
2024-09-18,4.0365,0.016468988441489918
2024-09-19,4.0539,0.0043106651802302665
2024-09-20,4.064,0.002491428007597829
2024-09-23,4.0828,0.0046259842519684735
2024-09-24,4.1417,0.014426374057019853
2024-09-25,4.1731,0.00758142791607308
2024-09-26,4.2367,0.015240468716302136
2024-09-27,4.2979,0.014445204994453231
2024-09-30,4.4891,0.04448684241140999
2024-10-08,4.6079,0.026464101935800066
2024-10-09,4.4254,-0.03960589422513516
2024-10-10,4.5231,0.02207710037510746
2024-10-11,4.4659,-0.012646193982003506
2024-10-14,4.5159,0.011195951543921723
2024-10-15,4.4207,-0.021081069111362094
2024-10-16,4.4094,-0.0025561562648449554
2024-10-17,4.3626,-0.010613688937270438
2024-10-18,4.4537,0.020882042818503033
2024-10-21,4.4147,-0.008756764038889142
2024-10-22,4.4441,0.006659569166647783
2024-10-23,4.4679,0.005355415044665968
2024-10-24,4.4401,-0.006222162537209863
2024-10-25,4.4223,-0.004008918718046983
2024-10-28,4.4102,-0.002736132781584244
2024-10-29,4.3805,-0.006734388463108254
2024-10-30,4.3402,-0.009199863029334399
2024-10-31,4.2967,-0.010022579604626491
2024-11-01,4.3113,0.003397956571322025
2024-11-04,4.3237,0.0028761626423583486
2024-11-05,4.3551,0.007262298494345343
2024-11-06,4.3012,-0.012376294459369608
2024-11-07,4.3633,0.014437831302892334
2024-11-08,4.3395,-0.005454587124424037
2024-11-11,4.323,-0.0038022813688212143
2024-11-12,4.3,-0.005320379366181016
2024-11-13,4.3467,0.010860465116279139
2024-11-14,4.3028,-0.010099615800492234
2024-11-15,4.2958,-0.0016268476340988158
2024-11-18,4.2798,-0.0037245681828762534
2024-11-19,4.296,0.003785223608580024
2024-11-20,4.2933,-0.000628491620111693
2024-11-21,4.2854,-0.001840076398108792
2024-11-22,4.2186,-0.015587809772716565
2024-11-25,4.2196,0.00023704546532021809
2024-11-26,4.2186,-0.00023698928808402187
2024-11-27,4.2724,0.012753046034229332
2024-11-28,4.2281,-0.010368879318415791
2024-11-29,4.2495,0.005061375085735786
2024-12-02,4.2598,0.002423814566419491
2024-12-03,4.274,0.0033334898352035403
2024-12-04,4.2884,0.0033692091717361095
2024-12-05,4.2713,-0.003987501165936047
2024-12-06,4.3003,0.0067895020251445
2024-12-09,4.327,0.006208869148664142
2024-12-10,4.3321,0.0011786457129649985
2024-12-11,4.3559,0.005493871332610256
2024-12-12,4.3832,0.006267361509676661
2024-12-13,4.3328,-0.011498448622011437
2024-12-16,4.3365,0.0008539512555392204
2024-12-17,4.3631,0.006133979015334967
2024-12-18,4.3924,0.0067154087689944575
2024-12-19,4.425,0.0074219105728075
2024-12-20,4.403,-0.004971751412429448
2024-12-23,4.4326,0.006722689075630228
2024-12-24,4.4798,0.01064837792717599
2024-12-25,4.4891,0.002075985535068492
2024-12-26,4.5016,0.0027845225100799897
2024-12-27,4.4916,-0.002221432379598265
2024-12-30,4.5162,0.005476890195030837
2024-12-31,4.5193,0.0006864177848633357
2025-01-02,4.4615,-0.012789591308388526
2025-01-03,4.4348,-0.005984534349434023
2025-01-06,4.4397,0.0011048976278524858
2025-01-07,4.4278,-0.0026803612856723946
2025-01-08,4.4653,0.008469217218483038
2025-01-09,4.4801,0.0033144469576511515
2025-01-10,4.4291,-0.011383674471551974
2025-01-13,4.3901,-0.008805400645729322
2025-01-14,4.4462,0.012778752192432963
2025-01-15,4.4405,-0.0012819936125230136
2025-01-16,4.453,0.0028149983110010712
2025-01-17,4.4641,0.0024927015495170846
2025-01-20,4.4695,0.0012096503214533705
2025-01-21,4.4645,-0.0011186933661483378
2025-01-22,4.4321,-0.007257251651920704
2025-01-23,4.4096,-0.005076600257214459
2025-01-24,4.4404,0.006984760522496414
2025-01-27,4.4575,0.0038510044140165345
2025-02-05,4.447,-0.002355580482333086
2025-02-06,4.4645,0.0039352372385879075
2025-02-07,4.5047,0.009004367790345968
2025-02-10,4.5313,0.005904943725442369
2025-02-11,4.5268,-0.0009930924900138915
2025-02-12,4.5747,0.010581426173014163
2025-02-13,4.5512,-0.005136948870964275
2025-02-14,4.6321,0.017775531727896032
2025-02-17,4.6532,0.004555169361628586
2025-02-18,4.6693,0.0034599845267773155
2025-02-19,4.6751,0.0012421562118518636
2025-02-20,4.6478,-0.005839447284549992
2025-02-21,4.7907,0.03074572916218421
2025-02-24,4.7415,-0.010269897927233984
2025-02-25,4.6671,-0.015691236950332366
2025-02-26,4.6977,0.006556534036125328
2025-02-27,4.6986,0.00019158311514133608
2025-02-28,4.6566,-0.008938832843825795
2025-03-03,4.6364,-0.004337928961044568
2025-03-04,4.6461,0.0020921404538003507
2025-03-05,4.7075,0.013215384946514197
2025-03-06,4.7708,0.013446627721720894
2025-03-07,4.7764,0.0011738073279112804
2025-03-10,4.7428,-0.007034586718030256
2025-03-11,4.7409,-0.00040060723623180916
2025-03-12,4.7201,-0.004387352612373108
2025-03-13,4.7129,-0.0015253914111988953
2025-03-14,4.7779,0.013791932780241378
2025-03-17,4.78,0.00043952364009292033
2025-03-18,4.8539,0.015460251046025109
2025-03-19,4.86,0.0012567213992871196
2025-03-20,4.7981,-0.012736625514403355
2025-03-21,4.7814,-0.003480544382151285
2025-03-24,4.8029,0.004496590956623692
2025-03-25,4.7826,-0.0042266130879260455
2025-03-26,4.7834,0.00016727303140551264
2025-03-27,4.8048,0.004473805243132567
2025-03-28,4.8028,-0.0004162504162503744
2025-03-31,4.8,-0.0005829932539352933
2025-04-01,4.8083,0.0017291666666667815
2025-04-02,4.8189,0.0022045213485015758
2025-04-03,4.7493,-0.014443130174936258
2025-04-07,4.4175,-0.06986292716821418
2025-04-08,4.4809,0.014352009054895198
2025-04-09,4.4802,-0.00015621861679571136
2025-04-10,4.5505,0.015691263782867004
2025-04-11,4.5608,0.002263487528842978
2025-04-14,4.5779,0.0037493422206629212
2025-04-15,4.6119,0.007426986172699435
2025-04-16,4.5904,-0.004661853032372876
2025-04-17,4.5957,0.0011545834785640086
2025-04-18,4.5941,-0.00034815153295464363
2025-04-21,4.6127,0.004048671121656078
2025-04-22,4.6194,0.001452511544214774
2025-04-23,4.6276,0.0017751223102568936
2025-04-24,4.6307,0.0006698936813898104
2025-04-25,4.627,-0.0007990152676701223
2025-04-28,4.6397,0.0027447590231253205
2025-04-29,4.6485,0.001896674353945249
2025-04-30,4.6462,-0.0004947832634183413
2025-05-06,4.6878,0.008953553441522155
2025-05-07,4.7085,0.004415717394086638
2025-05-08,4.7246,0.0034193479876818422
2025-05-09,4.7412,0.00351352495449353
2025-05-12,4.7997,0.012338648443432021
2025-05-13,4.7733,-0.005500343771485672
2025-05-14,4.7999,0.0055726646135796365
2025-05-15,4.7887,-0.0023333819454571803
2025-05-16,4.7865,-0.0004594148725124425
2025-05-19,4.7996,0.0027368640969391844
2025-05-20,4.8474,0.009959163263605353
2025-05-21,4.8622,0.003053183149729577
2025-05-22,4.8566,-0.0011517420097897357
2025-05-23,4.8623,0.0011736605855947602
2025-05-26,4.8388,-0.0048331036752155
2025-05-27,4.8264,-0.002562618831115193
2025-05-28,4.8396,0.0027349577324715657
2025-05-29,4.8498,0.002107612199355291
2025-05-30,4.8238,-0.005361045816322241
2025-06-03,4.821,-0.0005804552427547405
2025-06-04,4.8129,-0.0016801493466085393
2025-06-05,4.8245,0.0024101892829686555
2025-06-06,4.831,0.001347289874598534
2025-06-09,4.8417,0.0022148623473401408
2025-06-10,4.8275,-0.0029328541627942073
2025-06-11,4.859,0.0065251165199378125
2025-06-12,4.8398,-0.00395143033545986
2025-06-13,4.8184,-0.004421670316955395
2025-06-16,4.8261,0.0015980408434337345
2025-06-17,4.8239,-0.0004558546238163652
2025-06-18,4.8114,-0.0025912643296918114
2025-06-19,4.7625,-0.01016336201521384
2025-06-20,4.7767,0.0029816272965879076
2025-06-23,4.7597,-0.0035589423660686847
2025-06-24,4.7973,0.00789965754144184
2025-06-25,4.8208,0.004898588789527425
2025-06-26,4.7916,-0.006057085960836428
2025-06-27,4.7809,-0.00223307454712407
2025-06-30,4.764,-0.003534899286745108
2025-07-01,4.7648,0.00016792611251048584
2025-07-02,4.7829,0.003798690396239035
2025-07-03,4.7925,0.002007150473562147
2025-07-04,4.7938,0.00027125717266551774
2025-07-07,4.7692,-0.00513162835328973
2025-07-08,4.7765,0.0015306550364841964
2025-07-09,4.7576,-0.003956872186747673
2025-07-10,4.7664,0.0018496721035816677
2025-07-11,4.7852,0.003944276602886765
2025-07-14,4.8011,0.003322745130819982
2025-07-15,4.8218,0.004311511945179092
2025-07-16,4.8232,0.00029034800282068396
2025-07-17,4.8309,0.0015964504893015707
2025-07-18,4.8548,0.004947318305077886
2025-07-21,4.8756,0.0042844195435445265
2025-07-22,4.8965,0.004286651899253258
2025-07-23,4.9176,0.00430920044930061
2025-07-24,4.9323,0.002989263055148683
2025-07-25,4.9036,-0.00581878636741473
2025-07-28,4.8948,-0.0017945998857982204
2025-07-29,4.8898,-0.0010214921957996115
2025-07-30,4.8943,0.0009202830381611626
2025-07-31,4.8188,-0.015426107921459598
2025-08-01,4.8067,-0.0025109985888603914
2025-08-04,4.8185,0.0024549066927412877
2025-08-05,4.8405,0.004565736224966033
2025-08-06,4.859,0.0038219192232207266
2025-08-07,4.8573,-0.00034986622761878916
2025-08-08,4.869,0.0024087455994068474
2025-08-11,4.8801,0.0022797288971041496
2025-08-12,4.8995,0.003975328374418607
2025-08-13,4.9346,0.007163996326155608
2025-08-14,4.9288,-0.0011753738904874966
2025-08-15,4.952,0.004707028079857123
2025-08-18,4.969,0.003432956381260066
2025-08-19,4.956,-0.0026162205675186456
2025-08-20,5.0083,0.010552865213882212
2025-08-21,5.0389,0.006109857636323657
2025-08-22,5.0589,0.0039691202444978035
2025-08-25,5.0998,0.008084761509419058
2025-08-26,5.1087,0.0017451664771166442
2025-08-27,5.0304,-0.01532679546655702
2025-08-28,5.0399,0.0018885178117047374
2025-08-29,5.0511,0.002222266314807708
2025-09-01,5.0711,0.003959533566946005
2025-09-02,5.0618,-0.00183392163435947
2025-09-03,5.0532,-0.001699000355604663
2025-09-04,5.0094,-0.00866777487532655
2025-09-05,5.0788,0.013853954565417048
2025-09-08,5.1102,0.006182562810112646
2025-09-09,5.1492,0.007631795233063343
2025-09-10,5.1404,-0.0017090033403248661
2025-09-11,5.1688,0.005524861878453136
2025-09-12,5.1464,-0.004333694474539573
2025-09-15,5.1492,0.0005440696409142465
2025-09-16,5.1382,-0.0021362541754058606
2025-09-17,5.179,0.007940523918882114
2025-09-18,5.1169,-0.011990731801506116
2025-09-19,5.1256,0.0017002481971506445
2025-09-22,5.0919,-0.006574840018729655
2025-09-23,5.0708,-0.0041438362890079405
2025-09-24,5.1258,0.010846414766900736
2025-09-25,5.1109,-0.0029068633188965576
2025-09-26,5.107,-0.0007630749965759076
2025-09-29,5.1339,0.0052672802036419775
2025-09-30,5.1287,-0.0010128752020879261
2025-10-09,5.1567,0.005459473160839945
2025-10-10,5.1337,-0.00446021680532116
2025-10-13,5.0819,-0.010090188363168884
2025-10-14,5.0262,-0.010960467541667462
2025-10-15,5.0754,0.009788707174406053
2025-10-16,5.0866,0.00220672262284749
2025-10-17,5.0038,-0.016278063932685827
2025-10-20,5.0421,0.007654182821055899
2025-10-21,5.066,0.004740088455207125
2025-10-22,5.0477,-0.003612317410185528
2025-10-23,5.0883,0.008043267230619877
2025-10-24,5.1066,0.0035964860562467393
2025-10-27,5.1625,0.010946618102063876
2025-10-28,5.1636,0.00021307506053269698
2025-10-29,5.1798,0.0031373460376482587
2025-10-30,5.1781,-0.0003281979999228968
2025-10-31,5.1631,-0.0028968154342325914
2025-11-03,5.1514,-0.0022660804555403313
2025-11-04,5.1324,-0.0036883177388671307
2025-11-05,5.1559,0.0045787545787545625
2025-11-06,5.2398,0.016272619717217163
2025-11-07,5.2311,-0.0016603687163632141
2025-11-10,5.2749,0.008372999942650727
2025-11-11,5.2701,-0.0009099698572483383
2025-11-12,5.2955,0.004819642891026543
2025-11-13,5.3178,0.0042111226513077415
2025-11-14,5.2682,-0.00932716536913758
2025-11-17,5.2304,-0.00717512622907257
2025-11-18,5.1866,-0.008374120526154827
2025-11-19,5.1954,0.0016966799059112692
2025-11-20,5.1904,-0.0009623898063672032
2025-11-21,5.1469,-0.008380856966707873
2025-11-24,5.16,0.002545221395403141
2025-11-25,5.1669,0.0013372093023256149
2025-11-26,5.1869,0.0038707929319319323
2025-11-27,5.1943,0.0014266710366501734
2025-11-28,5.2093,0.0028877808366862823
2025-12-01,5.2352,0.004971877219588139
2025-12-02,5.2447,0.001814639364303261
2025-12-03,5.2431,-0.0003050698800693974
2025-12-04,5.2519,0.0016783963685604864
2025-12-05,5.2798,0.005312363144766685
2025-12-08,5.2478,-0.006060835637713535
2025-12-09,5.2091,-0.007374518845992495
2025-12-10,5.2316,0.004319364189591335
2025-12-11,5.2275,-0.0007836990595612159
2025-12-12,5.2939,0.012702056432329023
2025-12-15,5.2633,-0.005780237631991536
2025-12-16,5.2146,-0.009252750175745339
2025-12-17,5.2529,0.007344762781421377
2025-12-18,5.2316,-0.004054903005958677
2025-12-19,5.2526,0.0040140683538496535
2025-12-22,5.2649,0.0023416974450747308
2025-12-23,5.2513,-0.0025831449790120198
2025-12-24,5.2453,-0.0011425742197168631
2025-12-25,5.2566,0.002154309572379054
2025-12-26,5.2542,-0.0004565688848304772
2025-12-29,5.2144,-0.007574892466978733
2025-12-30,5.2404,0.004986192083461072
2025-12-31,5.2147,-0.004904205785817961
2026-01-05,5.2595,0.00859109824150961
2026-01-06,5.302,0.008080616028139476
2026-01-07,5.2892,-0.0024141833270463486
2026-01-08,5.2368,-0.009906980261665366
2026-01-09,5.2673,0.005824167430491967
2026-01-12,5.2549,-0.0023541472860857393
2026-01-13,5.2455,-0.0017888066376144929
2026-01-14,5.2519,0.0012200934134019015
2026-01-15,5.2545,0.0004950589310535047
2026-01-16,5.2363,-0.003463697782852826
2026-01-19,5.2648,0.0054427744781619936
2026-01-20,5.2779,0.002488223674213641
2026-01-21,5.3043,0.005001989427613207
2026-01-22,5.3113,0.0013196840299380952
2026-01-23,5.3101,-0.00022593338730625412
2026-01-26,5.299,-0.0020903561138208016
2026-01-27,5.3132,0.002679750896395605
2026-01-28,5.3732,0.011292629677030819
2026-01-29,5.4199,0.008691282662100841
2026-01-30,5.3312,-0.01636561560176386
2026-02-02,5.2097,-0.022790366146458574
2026-02-03,5.2682,0.011229053496362607
2026-02-04,5.3324,0.012186325500170847
2026-02-05,5.3338,0.0002625459455405377
2026-02-06,5.3178,-0.0029997375229667833
2026-02-09,5.353,0.006619278649065308
2026-02-10,5.4023,0.009209788903418836
2026-02-11,5.4235,0.003924254484201084
2026-02-12,5.4348,0.0020835253987279145
2026-02-13,5.3627,-0.013266357547655816
2026-02-24,5.4074,0.008335353460010797
2026-02-25,5.4071,-5.547952805418088e-05
2026-02-26,5.3981,-0.0016644781860886138
2026-02-27,5.392,-0.0011300272318037763
2026-03-02,5.3934,0.00025964391691379873
2026-03-03,5.3333,-0.011143249156376211
2026-03-04,5.3004,-0.006168788554928528
2026-03-05,5.3107,0.001943249566070504
2026-03-06,5.3616,0.009584423898921113
2026-03-09,5.2919,-0.012999850790808676
2026-03-10,5.3524,0.011432566752962225
2026-03-11,5.3926,0.007510649428293714
2026-03-12,5.3814,-0.0020769202240106255
2026-03-13,5.356,-0.004719961348348067
2026-03-16,5.3397,-0.0030433159073935956
2026-03-17,5.3123,-0.0051313744217840185
2026-03-18,5.3131,0.00015059390471194867
2026-03-19,5.2345,-0.014793623308426485
2026-03-20,5.208,-0.00506256567007346
2026-03-23,5.0828,-0.024039938556067675
2026-03-24,5.1137,0.006079326355552084
2026-03-25,5.1553,0.008135009875432697
2026-03-26,5.1234,-0.006187806723178091
2026-03-27,5.1509,0.005367529375024382
2026-03-30,5.1122,-0.007513250111631065
2026-03-31,5.0995,-0.002484253354720023
2026-04-01,5.151,0.010099029316599673
2026-04-02,5.1117,-0.007629586488060558
2026-04-03,5.0729,-0.007590429798305931
2026-04-07,5.047,-0.005105560921760732
2026-04-08,5.1475,0.01991281949673085
2026-04-09,5.1305,-0.003302574065080166
2026-04-10,5.1618,0.006100769905467374
2026-04-13,5.1264,-0.006858072765314471
2026-04-14,5.1594,0.006437265917602852
2026-04-15,5.1637,0.0008334302438268715
2026-04-16,5.2362,0.014040319925634703
2026-04-17,5.2359,-5.729345708727074e-05
2026-04-20,5.2229,-0.002482858725338488
2026-04-21,5.2444,0.004116487009132808
2026-04-22,5.262,0.0033559606437343348
2026-04-23,5.2531,-0.0016913721018623207
2026-04-24,5.2496,-0.0006662732481772515
