date,market_return
2020-01-03,-0.0017523071884091301
2020-01-06,-0.0037802499611576668
2020-01-07,0.007490867085059305
2020-01-08,-0.011516198515129084
2020-01-09,0.012657584519870424
2020-01-10,-0.00028455691606565914
2020-01-13,0.009801152195050733
2020-01-14,-0.0033544339327323813
2020-01-15,-0.005525687333736484
2020-01-16,-0.004245771388334485
2020-01-17,0.001400322917839203
2020-01-20,0.007455618766777139
2020-01-21,-0.017086694872940345
2020-01-22,0.0042833448541041985
2020-01-23,-0.030985512584793873
2020-02-03,-0.07880914138486439
2020-02-04,0.026374887246543688
2020-02-05,0.01132966525844914
2020-02-06,0.018609768195444465
2020-02-07,2.4103954715304354e-05
2020-02-10,0.004137574877515204
2020-02-11,0.00931025368966587
2020-02-12,0.008088119208675915
2020-02-13,-0.006152445317174404
2020-02-14,0.007024387878738825
2020-02-17,0.02249147009304031
2020-02-18,-0.004883965954975422
2020-02-19,-0.0015280307380635128
2020-02-20,0.023040942312486656
2020-02-21,0.0011663211615149383
2020-02-24,-0.004013023287199213
2020-02-25,-0.002173808893549567
2020-02-26,-0.012328031011767271
2020-02-27,0.002911847857177019
2020-02-28,-0.03545445087058974
2020-03-02,0.032897568760583695
2020-03-03,0.005330904305169026
2020-03-04,0.005790493676798514
2020-03-05,0.0222774827632799
2020-03-06,-0.016216415382512728
2020-03-09,-0.034160749275040314
2020-03-10,0.021415101951211213
2020-03-11,-0.01330055625749571
2020-03-12,-0.019242687887578214
2020-03-13,-0.014072273101766286
2020-03-16,-0.04299346640403301
2020-03-17,-0.004870810167325379
2020-03-18,-0.019792989275469575
2020-03-19,-0.012970454642019846
2020-03-20,0.017868388238297284
2020-03-23,-0.03364647318769587
2020-03-24,0.026855690518368114
2020-03-25,0.026869081600896072
2020-03-26,-0.006573749097418702
2020-03-27,0.0032485523711001107
2020-03-30,-0.00968978807757992
2020-03-31,0.003278153723616617
2020-04-01,-0.0030056521495799293
2020-04-02,0.01617784318897586
2020-04-03,-0.005706821628399528
2020-04-07,0.022838167096181694
2020-04-08,-0.0046542391783258585
2020-04-09,0.003297583064189036
2020-04-10,-0.006230814853523614
2020-04-13,-0.004224156873240847
2020-04-14,0.019301238289969103
2020-04-15,-0.0074069599462226465
2020-04-16,0.0013215225737086556
2020-04-17,0.009758754817968507
2020-04-20,0.0036379859174420215
2020-04-21,-0.011783632823436863
2020-04-22,0.008228889167713582
2020-04-23,-0.0025084496640789267
2020-04-24,-0.00855940429570845
2020-04-27,0.006794071518197331
2020-04-28,0.006900103040492489
2020-04-29,0.004646614515711578
2020-04-30,0.01177781823372559
2020-05-06,0.006051433311015542
2020-05-07,-0.00288581486067252
2020-05-08,0.009867042034708451
2020-05-11,-0.0008682463313792743
2020-05-12,1.451954094111585e-05
2020-05-13,0.002023893615681338
2020-05-14,-0.01084487331943984
2020-05-15,-0.0031595190248938643
2020-05-18,0.0025801878386355614
2020-05-19,0.00849822849696058
2020-05-20,-0.0053150085706170636
2020-05-21,-0.0054449532961546865
2020-05-22,-0.022926827361341773
2020-05-25,0.001375630742581846
2020-05-26,0.011345499708891316
2020-05-27,-0.007012190060029733
2020-05-28,0.0028653165483218945
2020-05-29,0.002694267672490591
2020-06-01,0.026976047105173873
2020-06-02,0.0030789354183256012
2020-06-03,2.008250041796167e-05
2020-06-04,-0.0003671509405813733
2020-06-05,0.004787773426202513
2020-06-08,0.005174381841438702
2020-06-09,0.0062343811960696716
2020-06-10,-0.001809771923321657
2020-06-11,-0.01084745022600786
2020-06-12,0.0018014283996088398
2020-06-15,-0.012014390209106107
2020-06-16,0.015065000318711386
2020-06-17,0.0007532313172651239
2020-06-18,0.00666819477856162
2020-06-19,0.013432279752255027
2020-06-22,0.0008140123128999033
2020-06-23,0.004814304978888684
2020-06-24,0.004171751021836423
2020-06-29,-0.007072523377988582
2020-06-30,0.013199767263746054
2020-07-01,0.020129810449596164
2020-07-02,0.02073104714494045
2020-07-03,0.019315960247190622
2020-07-06,0.056679259448064734
2020-07-07,0.006002340552008878
2020-07-08,0.016150651033995267
2020-07-09,0.013985534407363831
2020-07-10,-0.018104119442786226
2020-07-13,0.02100254583644845
2020-07-14,-0.009534590962730127
2020-07-15,-0.012944770187186094
2020-07-16,-0.04810138172057077
2020-07-17,0.0062989161015154504
2020-07-20,0.029837806480853546
2020-07-21,0.002294273753037146
2020-07-22,0.004988848427615045
2020-07-23,-0.0004262855605453586
2020-07-24,-0.04389345832347369
2020-07-27,0.005073563496869715
2020-07-28,0.008790557475515826
2020-07-29,0.024243466480524223
2020-07-30,-0.004885095302252118
2020-07-31,0.008353595779311718
2020-08-03,0.016243631425820748
2020-08-04,0.000941376529066007
2020-08-05,0.0002735665947990462
2020-08-06,-0.0030027994547079384
2020-08-07,-0.011513901947948546
2020-08-10,0.0035989306714281355
2020-08-11,-0.009118981630329426
2020-08-12,-0.007291900307141552
2020-08-13,-0.002567321950563861
2020-08-14,0.01486636596065094
2020-08-17,0.0235081883612156
2020-08-18,-0.0005128938805177841
2020-08-19,-0.014976448839172596
2020-08-20,-0.012977889409245602
2020-08-21,0.008482024016988943
2020-08-24,0.007842176401245515
2020-08-25,0.0012829675357024506
2020-08-26,-0.011722191916014757
2020-08-27,0.005357884063641016
2020-08-28,0.023866384212810843
2020-08-31,-0.005790331214732047
2020-09-01,0.005379119990752912
2020-09-02,0.0003644476307422817
2020-09-03,-0.005531053882966264
2020-09-04,-0.009731217269693948
2020-09-07,-0.0211418595246885
2020-09-08,0.005358691284903516
2020-09-09,-0.023389772480314486
2020-09-10,-0.0005695603620887724
2020-09-11,0.009887674044667394
2020-09-14,0.005136513598715586
2020-09-15,0.008048052454040278
2020-09-16,-0.006638437775155714
2020-09-17,-0.005291454486302749
2020-09-18,0.02252988107921694
2020-09-21,-0.0096389582065457
2020-09-22,-0.011865747233768764
2020-09-23,0.003573631322824067
2020-09-24,-0.01918644030053518
2020-09-25,0.001524391814038406
2020-09-28,0.00260105991621562
2020-09-29,0.0021586637969746025
2020-09-30,-0.0009591011523520931
2020-10-09,0.020435539967528005
2020-10-12,0.03033802953860909
2020-10-13,0.003326285530197648
2020-10-14,-0.006633099141779786
2020-10-15,-0.0017403416499099933
2020-10-16,-0.0014712415629606346
2020-10-19,-0.007552284419898192
2020-10-20,0.007986415021684623
2020-10-21,-0.00013326470659891232
2020-10-22,-0.0030971065018727817
2020-10-23,-0.012452196109049796
2020-10-26,-0.005775621220704075
2020-10-27,0.0017145375273071028
2020-10-28,0.008084771809259594
2020-10-29,0.007525006270486578
2020-10-30,-0.016255458555997415
2020-11-02,0.005430391338737017
2020-11-03,0.012016845422966105
2020-11-04,0.007555236136398191
2020-11-05,0.014844308372321757
2020-11-06,0.00012405038509055721
2020-11-09,0.019573766622378308
2020-11-10,-0.005515392745865544
2020-11-11,-0.009886703654811146
2020-11-12,0.0007268040899768291
2020-11-13,-0.010514839370287521
2020-11-16,0.00974299954375768
2020-11-17,-0.0019137992642833668
2020-11-18,-0.000636268878762114
2020-11-19,0.007424353670839157
2020-11-20,0.003104532029098994
2020-11-23,0.012489480180419177
2020-11-24,-0.0061421842793943915
2020-11-25,-0.012782840872322287
2020-11-26,0.001810576903496397
2020-11-27,0.012434732381828795
2020-11-30,-0.004118463729969268
2020-12-01,0.021540518940177167
2020-12-02,9.15711463500557e-06
2020-12-03,-0.001990154336820038
2020-12-04,0.0017512150290159845
2020-12-07,-0.008622566464432158
2020-12-08,-0.0024603587354959933
2020-12-09,-0.013409506569680207
2020-12-10,-0.0004397800019607656
2020-12-11,-0.010301678673859116
2020-12-14,0.009245281830368768
2020-12-15,0.002080069462096823
2020-12-16,0.0017728660694424914
2020-12-17,0.012840756524145736
2020-12-18,-0.0034899203552125613
2020-12-21,0.009374420371267123
2020-12-22,-0.016261047805046114
2020-12-23,0.008530259602821166
2020-12-24,-0.0014195974994424265
2020-12-25,0.008399634129127032
2020-12-28,0.004442867737546985
2020-12-29,-0.004241082390034179
2020-12-30,0.014034363830229823
2020-12-31,0.019081643358574762
2021-01-04,0.01082833928691529
2021-01-05,0.019132914496696296
2021-01-06,0.00915763344092313
2021-01-07,0.01771779025871223
2021-01-08,-0.0033056464450236245
2021-01-11,-0.009875895803324264
2021-01-12,0.028522272546270155
2021-01-13,-0.0032845322020012002
2021-01-14,-0.019274893697459272
2021-01-15,-0.002262169610970144
2021-01-18,0.011073360359680873
2021-01-19,-0.014677321575592539
2021-01-20,0.007155868055666703
2021-01-21,0.016166670951693662
2021-01-22,0.0008637424109418923
2021-01-25,0.010080692652630896
2021-01-26,-0.02007766476442474
2021-01-27,0.002727315040729872
2021-01-28,-0.027290269032757664
2021-01-29,-0.00468243106138877
2021-02-01,0.012272839024383586
2021-02-02,0.015402088478093212
2021-02-03,-0.002888644917104277
2021-02-04,-0.002051574848453974
2021-02-05,0.0017293735462386994
2021-02-08,0.01479877317306344
2021-02-09,0.021868460513817967
2021-02-10,0.021361863394614655
2021-02-18,-0.00677334756083503
2021-02-19,0.0018134376482108472
2021-02-22,-0.03140928580501068
2021-02-23,-0.0031558960216890863
2021-02-24,-0.02546742878846142
2021-02-25,0.005883162883673521
2021-02-26,-0.024279382408641914
2021-03-01,0.015369397568476328
2021-03-02,-0.012761830666907725
2021-03-03,0.019175606178827076
2021-03-04,-0.0314563491426646
2021-03-05,-0.003391592086042672
2021-03-08,-0.03472891728005101
2021-03-09,-0.021461549615330644
2021-03-10,0.006560592222159656
2021-03-11,0.02490270978439768
2021-03-12,0.0035417777676896023
2021-03-15,-0.02153640620221764
2021-03-16,0.008701800466805576
2021-03-17,0.004231968169863265
2021-03-18,0.00802021918625817
2021-03-19,-0.02619281876987034
2021-03-22,0.009998081320955476
2021-03-23,-0.00947294050089853
2021-03-24,-0.016082380783103423
2021-03-25,-0.0004744470092258313
2021-03-26,0.022662431669194794
2021-03-29,0.0017640765814159742
2021-03-30,0.009481466886464451
2021-03-31,-0.00910124936770429
2021-04-01,0.012363637170378805
2021-04-02,0.009935886849920639
2021-04-06,-0.004110213335050017
2021-04-07,-0.007119954552438523
2021-04-08,0.0016587434617589825
2021-04-09,-0.015036788600527706
2021-04-12,-0.01739535865064379
2021-04-13,-0.001637533568569105
2021-04-14,0.008296974773768229
2021-04-15,-0.006355383424648142
2021-04-16,0.003476882208779175
2021-04-19,0.024331653954383636
2021-04-20,-0.0007177291443816181
2021-04-21,0.0030254563246623345
2021-04-22,-0.0018634782061758282
2021-04-23,0.009079915315508336
2021-04-26,-0.011336136357502635
2021-04-27,0.0026160487439903513
2021-04-28,0.00564237107823673
2021-04-29,0.008776123324974128
2021-04-30,-0.007877394876992128
2021-05-06,-0.012172291186728357
2021-05-07,-0.012857162728503457
2021-05-10,-0.0007267137114067568
2021-05-11,0.006136800935498066
2021-05-12,0.004277990336367665
2021-05-13,-0.010223770093499618
2021-05-14,0.023556362342618486
2021-05-17,0.014557066511751815
2021-05-18,0.0005045337351294865
2021-05-19,-0.00295498807897987
2021-05-20,0.002733808276131011
2021-05-21,-0.010077043628620386
2021-05-24,0.0041758045828166335
2021-05-25,0.03159494432011889
2021-05-26,0.0003976137534085211
2021-05-27,0.0033154576932754587
2021-05-28,-0.0032116058480700094
2021-05-31,0.0019697097319522072
2021-06-01,0.0018962896029717236
2021-06-02,-0.009679764032280547
2021-06-03,-0.006557329511058474
2021-06-04,0.005136105355265652
2021-06-07,-0.0008803210857621924
2021-06-08,-0.008623307243514677
2021-06-09,0.0008281161170626827
2021-06-10,0.006687126713897484
2021-06-11,-0.008870985625801353
2021-06-15,-0.011128536875684714
2021-06-16,-0.016658822310714805
2021-06-17,0.004212486631951284
2021-06-18,0.00011237006880038258
2021-06-21,-0.002367541637761428
2021-06-22,0.0062417474323259725
2021-06-23,0.004926731764615555
2021-06-24,0.0016668629472258445
2021-06-25,0.0162907344486507
2021-06-28,0.0022503952504753233
2021-06-29,-0.011656262917097315
2021-06-30,0.00645336919854933
2021-07-01,0.001076408090977754
2021-07-02,-0.028404691834707174
2021-07-05,0.0009201126083060451
2021-07-06,-0.0005285508704603314
2021-07-07,0.011289479147614578
2021-07-08,-0.010161152150109265
2021-07-09,-0.003698811101625621
2021-07-12,0.012481210681401178
2021-07-13,0.0018295018022451703
2021-07-14,-0.01147667496334337
2021-07-15,0.013452008247983427
2021-07-16,-0.011004622260093577
2021-07-19,0.0036747076076621976
2021-07-20,-0.0008801026382251331
2021-07-21,0.006860195826023707
2021-07-22,0.0014986072821943086
2021-07-23,-0.012136357425766464
2021-07-26,-0.03221101384292413
2021-07-27,-0.03532496199723101
2021-07-28,0.001929908637886113
2021-07-29,0.018861953197770287
2021-07-30,-0.008062450732170823
2021-08-02,0.025475406759208896
2021-08-03,0.00014640021273937265
2021-08-04,0.008995840536335953
2021-08-05,-0.006061161257808201
2021-08-06,-0.005477350147978122
2021-08-09,0.013003588066210048
2021-08-10,0.011550411350758738
2021-08-11,-0.00551389727210061
2021-08-12,-0.008372252923360746
2021-08-13,-0.0055029296243706005
2021-08-16,-0.0009937963999026023
2021-08-17,-0.0209801217858262
2021-08-18,0.011749071826426594
2021-08-19,-0.006558528084778303
2021-08-20,-0.019100974357090683
2021-08-23,0.013966588330393215
2021-08-24,0.01085883428577672
2021-08-25,0.001997999259551797
2021-08-26,-0.019711045615277367
2021-08-27,0.005296953142419181
2021-08-30,-0.0028532994514468557
2021-08-31,-0.0015915166866901087
2021-09-01,0.013286305240880925
2021-09-02,-9.734141497186322e-06
2021-09-03,-0.005411105855855691
2021-09-06,0.018720345209675582
2021-09-07,0.011979424395297755
2021-09-08,-0.004145344922059424
2021-09-09,-0.0004261954086340891
2021-09-10,0.008754222046045701
2021-09-13,-0.004360627206993817
2021-09-14,-0.014924514687479462
2021-09-15,-0.01013653872720921
2021-09-16,-0.012249228718061889
2021-09-17,0.01003440773669273
2021-09-22,-0.007037298358822497
2021-09-23,0.006517983291396856
2021-09-24,-0.0007763956438022745
2021-09-27,0.005761937640600401
2021-09-28,0.001324115304933482
2021-09-29,-0.010217374567654813
2021-09-30,0.0067138979580601
2021-10-08,0.013060687008045635
2021-10-11,0.00126794623440607
2021-10-12,-0.010606334219022684
2021-10-13,0.011522088299058542
2021-10-14,-0.005363565973211748
2021-10-15,0.0037642571026614835
2021-10-18,-0.011624460646485368
2021-10-19,0.00983592002691891
2021-10-20,-0.0025470861331388095
2021-10-21,0.0036314316981076455
2021-10-22,0.006434598137230019
2021-10-25,0.00399177341552015
2021-10-26,-0.003298528463617112
2021-10-27,-0.013083359378891268
2021-10-28,-0.006946765608765504
2021-10-29,0.009175747069676055
2021-11-01,-0.003684222245405211
2021-11-02,-0.010395148933224019
2021-11-03,-0.003870743234644869
2021-11-04,0.00987946369799042
2021-11-05,-0.005421544321336902
2021-11-08,0.0012047260234906432
2021-11-09,-0.0002960080170300028
2021-11-10,-0.005271971841551926
2021-11-11,0.016066647411402846
2021-11-12,-0.002098127834286867
2021-11-15,-0.001226828981549688
2021-11-16,0.00019312311704200447
2021-11-17,0.0004983903780553245
2021-11-18,-0.009852296300444485
2021-11-19,0.010839837825161291
2021-11-22,0.004568760183290443
2021-11-23,0.00019271643040386088
2021-11-24,0.0006741231336522269
2021-11-25,-0.0041117971620519
2021-11-26,-0.0074166308855802
2021-11-29,-0.0017907970090903502
2021-11-30,-0.0039982083607221774
2021-12-01,0.0024472136532378563
2021-12-02,0.0025417792578672493
2021-12-03,0.009236613350910972
2021-12-06,-0.001713236078018543
2021-12-07,0.006025523048393211
2021-12-08,0.014999345299969935
2021-12-09,0.01656554501626495
2021-12-10,-0.00464153148466373
2021-12-13,0.00567415133322724
2021-12-14,-0.0067086422172292215
2021-12-15,-0.008673038153411139
2021-12-16,0.005759804467493357
2021-12-17,-0.015884102353728058
2021-12-20,-0.01500417810356458
2021-12-21,0.006775546962393353
2021-12-22,0.00019723270567206796
2021-12-23,0.006976257628924287
2021-12-24,-0.005535551693786167
2021-12-27,-0.00041068042193104226
2021-12-28,0.007448300109864636
2021-12-29,-0.014625609497921244
2021-12-30,0.007787581168545277
2021-12-31,0.003832644158118237
2022-01-04,-0.004576172411910662
2022-01-05,-0.010095052726489362
2022-01-06,-0.010247980318974226
2022-01-07,0.0008586344891088338
2022-01-10,0.004494927793682546
2022-01-11,-0.009552264490683582
2022-01-12,0.009964038527454422
2022-01-13,-0.016439646310976275
2022-01-14,-0.008222422407463847
2022-01-17,0.008577702855442348
2022-01-18,0.009664008978544247
2022-01-19,-0.00684945395171177
2022-01-20,0.009022444750399039
2022-01-21,-0.009162395899698916
2022-01-24,0.0015532563228422003
2022-01-25,-0.022622213036657346
2022-01-26,0.007237395299482863
2022-01-27,-0.01961551390847327
2022-01-28,-0.012144155801567469
2022-02-07,0.01540784684248031
2022-02-08,-0.00546320864426908
2022-02-09,0.009392521814212351
2022-02-10,-0.0026221496799407884
2022-02-11,-0.008290590507800566
2022-02-14,-0.010802701519689095
2022-02-15,0.010636647794692866
2022-02-16,0.003888348140068665
2022-02-17,0.0024200142689805304
2022-02-18,0.0047677929986897905
2022-02-21,-0.0036381083926126934
2022-02-22,-0.012981726896759138
2022-02-23,0.01068914905267615
2022-02-24,-0.020273990322182578
2022-02-25,0.009737843806935098
2022-02-28,0.0017976025712198584
2022-03-01,0.008302758622179773
2022-03-02,-0.008893569437681714
2022-03-03,-0.005890970138540341
2022-03-04,-0.012127132613179437
2022-03-07,-0.03194814481826358
2022-03-08,-0.020076031912956815
2022-03-09,-0.009153838417157889
2022-03-10,0.01573252527839486
2022-03-11,0.0031877051760684783
2022-03-14,-0.030596385941814686
2022-03-15,-0.04573815146205973
2022-03-16,0.04324225139138105
2022-03-17,0.019637393977643747
2022-03-18,0.006655999548433877
2022-03-21,-0.0016774413718910752
2022-03-22,-0.000810308969126261
2022-03-23,0.00498729230288375
2022-03-24,-0.005895287600139243
2022-03-25,-0.018049017924162136
2022-03-28,-0.006254027057418177
2022-03-29,-0.0034524084238070074
2022-03-30,0.029015631071011683
2022-03-31,-0.007405116980237492
2022-04-01,0.012684422059904055
2022-04-06,-0.0028803659733809273
2022-04-07,-0.012838494380102428
2022-04-08,0.005147680271206712
2022-04-11,-0.030891940655014438
2022-04-12,0.01948805609503812
2022-04-13,-0.009625828417491822
2022-04-14,0.01252045721745132
2022-04-15,-0.0006730654806922365
2022-04-18,-0.00533878005337729
2022-04-19,-0.007556359898044818
2022-04-20,-0.01550527791265277
2022-04-21,-0.018413850936854104
2022-04-22,0.00435949477330122
2022-04-25,-0.04942057182685222
2022-04-26,-0.008071718128700556
2022-04-27,0.029443121753174983
2022-04-28,0.006564231300539181
2022-04-29,0.024261947639127257
2022-05-05,-0.001501603115948491
2022-05-06,-0.025284260660451197
2022-05-09,-0.00802765032369146
2022-05-10,0.010943312958015206
2022-05-11,0.014427703746380915
2022-05-12,-0.0044469865392342545
2022-05-13,0.007542854544627886
2022-05-16,-0.008038509349721168
2022-05-17,0.012474441669684033
2022-05-18,-0.003491480826723903
2022-05-19,0.0019267733924355213
2022-05-20,0.01950230803172648
2022-05-23,-0.0057920102899750026
2022-05-24,-0.02339137001165492
2022-05-25,0.006068038624715166
2022-05-26,0.0024769666354889086
2022-05-27,0.002067144454134029
2022-05-30,0.006927525632427045
2022-05-31,0.015512390749120364
2022-06-01,-0.0020384612301312943
2022-06-02,0.0015652027053834061
2022-06-06,0.018710239384197136
2022-06-07,0.00313087707043902
2022-06-08,0.009734972255579288
2022-06-09,-0.010459588699231803
2022-06-10,0.015163753057679585
2022-06-13,-0.011710539029829992
2022-06-14,0.007867253573565103
2022-06-15,0.013240709815955487
2022-06-16,-0.006581338612541177
2022-06-17,0.01387815244269186
2022-06-20,0.004963606316054525
2022-06-21,-0.0011239292294292769
2022-06-22,-0.012701922432943324
2022-06-23,0.017153329887934055
2022-06-24,0.011716304838296443
2022-06-27,0.011261470816133157
2022-06-28,0.010407280269742802
2022-06-29,-0.015401256951149023
2022-06-30,0.014396892175863707
2022-07-01,-0.004078674682344241
2022-07-04,0.006562402340206219
2022-07-05,-0.0014439404467536665
2022-07-06,-0.01460473118137795
2022-07-07,0.004408664815026553
2022-07-08,-0.003306557284373235
2022-07-11,-0.016745984956131332
2022-07-12,-0.009414904416271463
2022-07-13,0.0018182646847018091
2022-07-14,0.00014173445063736523
2022-07-15,-0.017016575050932792
2022-07-18,0.010370299374091285
2022-07-19,-0.005415314004905691
2022-07-20,0.0033875492842558863
2022-07-21,-0.011145447945116738
2022-07-22,0.0005137559737735664
2022-07-25,-0.006037892055089422
2022-07-26,0.007912299071265005
2022-07-27,-0.004931752083937924
2022-07-28,0.00015090996745903418
2022-07-29,-0.013150898343229911
2022-08-01,0.004454687306322258
2022-08-02,-0.019494072402407303
2022-08-03,-0.00975124567083141
2022-08-04,0.008498035173755802
2022-08-05,0.01350089101970009
2022-08-08,-0.0021257370647161933
2022-08-09,0.001980702082840846
2022-08-10,-0.011200708362386624
2022-08-11,0.020391936000386357
2022-08-12,-0.000570114605721983
2022-08-15,-0.0013057507816466307
2022-08-16,-0.0018736265371875893
2022-08-17,0.009364080025141996
2022-08-18,-0.008740659678280971
2022-08-19,-0.006943805836588046
2022-08-22,0.007304784607780279
2022-08-23,-0.004858233367727727
2022-08-24,-0.018904408595811772
2022-08-25,0.008284327468061514
2022-08-26,-0.0021121462414384062
2022-08-29,-0.004388265449524531
2022-08-30,-0.0033565793349121797
2022-08-31,0.0007474617765859115
2022-09-01,-0.008605559001796603
2022-09-02,-0.004977175211212326
2022-09-05,-0.0020346638199384426
2022-09-06,0.009178053917262785
2022-09-07,0.0006669825053065015
2022-09-08,-0.004266133791436366
2022-09-09,0.01389497082721114
2022-09-13,0.004232535377875157
2022-09-14,-0.011129707041727888
2022-09-15,-0.00940640174705365
2022-09-16,-0.023450017091624642
2022-09-19,-0.0011906630858030676
2022-09-20,0.0012311608647870287
2022-09-21,-0.007399571011871053
2022-09-22,-0.008809717299443687
2022-09-23,-0.0034431676273807277
2022-09-26,-0.005016543996179346
2022-09-27,0.014496319510634903
2022-09-28,-0.01633617184720071
2022-09-29,-0.00040911954204525536
2022-09-30,-0.00581585210525426
2022-10-10,-0.022063424618870897
2022-10-11,0.0018141131943532063
2022-10-12,0.015188964244232217
2022-10-13,-0.008359127580155779
2022-10-14,0.02392878420072253
2022-10-17,0.0010259286878455676
2022-10-18,-0.0021176099210798993
2022-10-19,-0.016083613991700996
2022-10-20,-0.005721278521691908
2022-10-21,-0.0032048559986613823
2022-10-24,-0.02926068229203127
2022-10-25,-0.0016290921717292406
2022-10-26,0.008118227929659216
2022-10-27,-0.007043638322671297
2022-10-28,-0.02473470625572416
2022-10-31,-0.009212952367183003
2022-11-01,0.03575959142058016
2022-11-02,0.012006004556964989
2022-11-03,-0.008132160129964427
2022-11-04,0.032697746970130614
2022-11-07,0.0021561251766775147
2022-11-08,-0.006879458572942476
2022-11-09,-0.009349602679159519
2022-11-10,-0.007695158650807943
2022-11-11,0.027878156279349087
2022-11-14,0.001472479942726812
2022-11-15,0.01896551810480762
2022-11-16,-0.008169406063560758
2022-11-17,-0.004101278276369302
2022-11-18,-0.0044768013106154525
2022-11-21,-0.008533766824568079
2022-11-22,0.00011827672875641682
2022-11-23,0.001049455817631495
2022-11-24,-0.004430998497507055
2022-11-25,0.005049020069749721
2022-11-28,-0.011264967914943247
2022-11-29,0.030852537193941654
2022-11-30,0.0011989588253098482
2022-12-01,0.010830990051612588
2022-12-02,-0.006116126998761184
2022-12-05,0.01961486021588832
2022-12-06,0.00540224738254369
2022-12-07,-0.0024587987408591916
2022-12-08,0.00018666440112813376
2022-12-09,0.009866791096479144
2022-12-12,-0.011205143497738379
2022-12-13,-0.001963351795129964
2022-12-14,0.0023327783721405204
2022-12-15,-0.0007325622583731484
2022-12-16,0.0005664237130245109
2022-12-19,-0.015428122866997795
2022-12-20,-0.0164910763985201
2022-12-21,0.0003972559747902338
2022-12-22,0.0014331144676684726
2022-12-23,-0.0020357515638571577
2022-12-26,0.003988774100372572
2022-12-27,0.011542976567096463
2022-12-28,-0.004267032661205872
2022-12-29,-0.003762000859460879
2022-12-30,0.0038719883033704328
2023-01-03,0.00420117212531812
2023-01-04,0.0012985161755223462
2023-01-05,0.019427566417087982
2023-01-06,0.003102017745297392
2023-01-09,0.008096382898211019
2023-01-10,0.0010849664186434183
2023-01-11,-0.0018526070251561055
2023-01-12,0.0019546732171065173
2023-01-13,0.014064171128318481
2023-01-16,0.015606581540854814
2023-01-17,-0.00017450609711644471
2023-01-18,-0.0016745212547623067
2023-01-19,0.00622068882263993
2023-01-20,0.006140267738194982
2023-01-30,0.004739489048342094
2023-01-31,-0.010588799539195337
2023-02-01,0.00940022533366447
2023-02-02,-0.0035233878365843463
2023-02-03,-0.009451324782877246
2023-02-06,-0.013220392666958292
2023-02-07,0.001799809091433735
2023-02-08,-0.0044189956435068956
2023-02-09,0.013423333161847628
2023-02-10,-0.005942302764571972
2023-02-13,0.009074887848814717
2023-02-14,0.00041418350438560125
2023-02-15,-0.005210950007794479
2023-02-16,-0.007323951394689221
2023-02-17,-0.014408398354498475
2023-02-20,0.024534001304248543
2023-02-21,0.0026282877305414676
2023-02-22,-0.009025050372149734
2023-02-23,-0.0008045628793293957
2023-02-24,-0.010381157849788436
2023-02-27,-0.004235682449966083
2023-02-28,0.00633414579453162
2023-03-01,0.014125416729256823
2023-03-02,-0.002230174573591648
2023-03-03,0.00311180578597825
2023-03-06,-0.005215066569927429
2023-03-07,-0.014640581812135567
2023-03-08,-0.003641575529102492
2023-03-09,-0.0035341644448412257
2023-03-10,-0.013113746394299963
2023-03-13,0.010473754461405749
2023-03-14,-0.005984604431477081
2023-03-15,0.0005537185826691715
2023-03-16,-0.01197709399428426
2023-03-17,0.004993183174900162
2023-03-20,-0.004986941308815385
2023-03-21,0.010992727484128828
2023-03-22,0.004285002363662915
2023-03-23,0.009913081140029867
2023-03-24,-0.0029818106283606705
2023-03-27,-0.003617689265358992
2023-03-28,-0.003230523110025918
2023-03-29,0.0016575260993538787
2023-03-30,0.00808300949741203
2023-03-31,0.003070427408695009
2023-04-03,0.009785886717201375
2023-04-04,0.0030650025194547403
2023-04-06,-0.0015756846790083712
2023-04-07,0.006502865763162058
2023-04-10,-0.0044789828602225246
2023-04-11,-0.0011362031262920347
2023-04-12,-0.0006976089813736097
2023-04-13,-0.0069092050067462996
2023-04-14,0.005657488589396742
2023-04-17,0.014023660026488916
2023-04-18,0.0030482599873389304
2023-04-19,-0.009003558838567405
2023-04-20,-0.002797802208619249
2023-04-21,-0.019560326876178924
2023-04-24,-0.01238027725861579
2023-04-25,-0.005016040981228764
2023-04-26,-0.0008664621679678186
2023-04-27,0.007371681626258786
2023-04-28,0.010196347248915716
2023-05-04,0.00028822915610282607
2023-05-05,-0.0033173400211615744
2023-05-08,0.01139815718547954
2023-05-09,-0.00856261155246374
2023-05-10,-0.007697829977560855
2023-05-11,-0.0015526651545665349
2023-05-12,-0.013256316236319288
2023-05-15,0.015522775854773574
2023-05-16,-0.005171888819469617
2023-05-17,-0.004534808584795491
2023-05-18,-0.0010340225722917928
2023-05-19,-0.0029144579617028654
2023-05-22,0.006283976867976104
2023-05-23,-0.014143327092897784
2023-05-24,-0.0138236898496219
2023-05-25,-0.002226921944233795
2023-05-26,0.00011725751120716943
2023-05-29,-0.004416960786648327
2023-05-30,0.0009941465983727138
2023-05-31,-0.01021683755528724
2023-06-01,0.0021914979304962223
2023-06-02,0.01443858874115378
2023-06-05,-0.004553406844007846
2023-06-06,-0.009387086560361468
2023-06-07,-0.004942304332621772
2023-06-08,0.008139909680356716
2023-06-09,0.004323322731844437
2023-06-12,0.002014698767634604
2023-06-13,0.005325883737739678
2023-06-14,-0.0002283883955408461
2023-06-15,0.015909499750351053
2023-06-16,0.00964246740172725
2023-06-19,-0.00818575009343725
2023-06-20,-0.0016968599035352971
2023-06-21,-0.01534193507187398
2023-06-26,-0.014062020133734365
2023-06-27,0.00938059050482809
2023-06-28,-0.0012052737670609215
2023-06-29,-0.004935197591459217
2023-06-30,0.005392188350988203
2023-07-03,0.013124563494827157
2023-07-04,0.0015749770587709655
2023-07-05,-0.007747575521222183
2023-07-06,-0.0067335255477053435
2023-07-07,-0.004438456610306063
2023-07-10,0.0048692019350817795
2023-07-11,0.0065445006770885605
2023-07-12,-0.006731953372309585
2023-07-13,0.014306466173543697
2023-07-14,0.00017437820817223226
2023-07-17,-0.00818849936935484
2023-07-18,-0.0031639634400812966
2023-07-19,-0.0010565665716188999
2023-07-20,-0.007055996724685154
2023-07-21,-0.0004667213746620824
2023-07-24,-0.004366664835121714
2023-07-25,0.028879873205787554
2023-07-26,-0.002069543137082075
2023-07-27,-0.0011945187382031985
2023-07-28,0.023163452095916304
2023-07-31,0.005483080080193492
2023-08-01,-0.0041421250739887006
2023-08-02,-0.007030013249121336
2023-08-03,0.008838747624307475
2023-08-04,0.0038939732067337918
2023-08-07,-0.007567591256503525
2023-08-08,-0.0026116541743724797
2023-08-09,-0.003057240886710888
2023-08-10,0.002054509400374771
2023-08-11,-0.023005362102520133
2023-08-14,-0.007298107039246493
2023-08-15,-0.0024301421655470445
2023-08-16,-0.007331766087599334
2023-08-17,0.0033436050038371246
2023-08-18,-0.012293333550503327
2023-08-21,-0.014389203308939669
2023-08-22,0.007687807258506707
2023-08-23,-0.016388897839622385
2023-08-24,0.007248594457784918
2023-08-25,-0.0038345296364294956
2023-08-28,0.011719040771505762
2023-08-29,0.009989635506334471
2023-08-30,-0.0004213601690948865
2023-08-31,-0.006134839776179013
2023-09-01,0.006964551100455463
2023-09-04,0.015155118914689902
2023-09-05,-0.0074395061907376325
2023-09-06,-0.002169741184331997
2023-09-07,-0.014048557824190344
2023-09-08,-0.004917446832422567
2023-09-11,0.007364800471401978
2023-09-12,-0.0018399819298390296
2023-09-13,-0.006369587147258882
2023-09-14,-0.0008412880270631806
2023-09-15,-0.006624092405112747
2023-09-18,0.005105295368828644
2023-09-19,-0.0019338677274068905
2023-09-20,-0.003981263711690941
2023-09-21,-0.00897133915526327
2023-09-22,0.018104533524915034
2023-09-25,-0.006506937126736667
2023-09-26,-0.005844741930343789
2023-09-27,0.0020586029467195566
2023-09-28,-0.002966576093198392
2023-10-09,-0.001298272847189863
2023-10-10,-0.007490730928465972
2023-10-11,0.002849888214130125
2023-10-12,0.00949792535792926
2023-10-13,-0.010526195241204572
2023-10-16,-0.01004888777954005
2023-10-17,0.0035307477764554562
2023-10-18,-0.00792028514136578
2023-10-19,-0.021335151251599238
2023-10-20,-0.006496479667936761
2023-10-23,-0.010352992342680722
2023-10-24,0.0037091236947734973
2023-10-25,0.004968956995067275
2023-10-26,0.0027642508786522857
2023-10-27,0.013727465072014056
2023-10-30,0.006003477838485205
2023-10-31,-0.003143671145579119
2023-11-01,-0.0004139391691926342
2023-11-02,-0.004715142434663311
2023-11-03,0.008425973082072158
2023-11-06,0.013524038873074185
2023-11-07,-0.0035371552848911803
2023-11-08,-0.0023998833292590005
2023-11-09,0.00048572829738136036
2023-11-10,-0.007289860572593843
2023-11-13,-0.0019727369603472766
2023-11-14,0.0007387521885215964
2023-11-15,0.007031431983353542
2023-11-16,-0.009669788476270536
2023-11-17,-0.001202453019836347
2023-11-20,0.0023135206064570646
2023-11-21,0.0013265299588547386
2023-11-22,-0.010234713817450003
2023-11-23,0.004825674817759751
2023-11-24,-0.006601590713898431
2023-11-27,-0.0073675059080550165
2023-11-28,0.0018738348328264376
2023-11-29,-0.008587665415990431
2023-11-30,0.002263418707405762
2023-12-01,-0.003810276680746294
2023-12-04,-0.006530024436951165
2023-12-05,-0.019039963145978556
2023-12-06,0.0015735107396550596
2023-12-07,-0.0024460833310291363
2023-12-08,0.0024119195267229276
2023-12-11,0.005881225080981878
2023-12-12,0.0021489390647888573
2023-12-13,-0.01669135926401366
2023-12-14,-0.005235361414765216
2023-12-15,-0.0031062983703374902
2023-12-18,-0.0036468087565426632
2023-12-19,0.0014043215498977801
2023-12-20,-0.01095937266762037
2023-12-21,0.010119053142709111
2023-12-22,0.0019089007922195034
2023-12-25,0.0030632308292022348
2023-12-26,-0.006769509502574378
2023-12-27,0.0034790165105755833
2023-12-28,0.023433671910189968
2023-12-29,0.004852659082688282
2024-01-02,-0.013044671055275736
2024-01-03,-0.0023786952816071683
2024-01-04,-0.00924880171137099
2024-01-05,-0.005360090173683885
2024-01-08,-0.012932880527818824
2024-01-09,0.0019607088910587045
2024-01-10,-0.004668307608499567
2024-01-11,0.005658214858188293
2024-01-12,-0.0034909423775431048
2024-01-15,-0.0009887439635754003
2024-01-16,0.006082654572902468
2024-01-17,-0.02175004321579832
2024-01-18,0.014136091929533023
2024-01-19,-0.0015122779945794251
2024-01-22,-0.015559076625517143
2024-01-23,0.004048368549072645
2024-01-24,0.01397801297174217
2024-01-25,0.020081725083960444
2024-01-26,-0.002721453996386236
2024-01-29,-0.008956958790802605
2024-01-30,-0.017833658054739354
2024-01-31,-0.00914839628877162
2024-02-01,0.0007336988755008989
2024-02-02,-0.011835525683802195
2024-02-05,0.006539822462227951
2024-02-06,0.034767417219817576
2024-02-07,0.009644042402249697
2024-02-08,0.006370142057870565
2024-02-19,0.011553911512623749
2024-02-20,0.002070152139612702
2024-02-21,0.0134913711644431
2024-02-22,0.00862149539671897
2024-02-23,0.0008796060039670817
2024-02-26,-0.010425728942223156
2024-02-27,0.011996698286609986
2024-02-28,-0.012741147000816189
2024-02-29,0.019077635834843676
2024-03-01,0.006177670570082672
2024-03-04,0.000866300160568434
2024-03-05,0.006960354304025973
2024-03-06,-0.0040572547977159035
2024-03-07,-0.00600628304640527
2024-03-08,0.00430357143110105
2024-03-11,0.012511911797814745
2024-03-12,0.0022930609580489314
2024-03-13,-0.006986224493667703
2024-03-14,-0.0028379270739994356
2024-03-15,0.0021812503647651305
2024-03-18,0.009393575841745383
2024-03-19,-0.007186762528277879
2024-03-20,0.0021672166629402856
2024-03-21,-0.0011975286997168988
2024-03-22,-0.010077350187939982
2024-03-25,-0.005427048665102463
2024-03-26,0.005100540779338747
2024-03-27,-0.011558416407132066
2024-03-28,0.0051896395858086475
2024-03-29,0.004691753805661447
2024-04-01,0.01644171254696447
2024-04-02,-0.004163562681605004
2024-04-03,-0.0035950754437171772
2024-04-08,-0.00879964480102613
2024-04-09,-0.000825866316262247
2024-04-10,-0.008144504050969892
2024-04-11,-0.00013236478490674664
2024-04-12,-0.008106111996117216
2024-04-15,0.021070309098617734
2024-04-16,-0.010696108246093017
2024-04-17,0.015461870711938497
2024-04-18,0.0012337455261020036
2024-04-19,-0.007882762566818191
2024-04-22,-0.003037387617378151
2024-04-23,-0.006989597141468962
2024-04-24,0.004391332683764793
2024-04-25,0.0024589238271151004
2024-04-26,0.01529263404590453
2024-04-29,0.011060499204775143
2024-04-30,-0.00538591937266486
2024-05-06,0.014838110247816116
2024-05-07,0.0003091684309644016
2024-05-08,-0.007866695876772689
2024-05-09,0.009458839625650528
2024-05-10,0.0004682962024644688
2024-05-13,-0.0004327005179176613
2024-05-14,-0.0020862060746354993
2024-05-15,-0.008473917222903582
2024-05-16,0.003944588940286264
2024-05-17,0.01033150794569937
2024-05-20,0.0035325740593397104
2024-05-21,-0.004010119528991218
2024-05-22,0.0022550426312928362
2024-05-23,-0.011578197131675738
2024-05-24,-0.011070457434454672
2024-05-27,0.009505132257740856
2024-05-28,-0.007298578634438724
2024-05-29,0.00120523475132428
2024-05-30,-0.0053161979932986325
2024-05-31,-0.004002824351285517
2024-06-03,0.0024647445796834866
2024-06-04,0.007502086451702361
2024-06-05,-0.005774252604924257
2024-06-06,-0.0007088585002488212
2024-06-07,-0.005047288807162098
2024-06-11,-0.008739843602651454
2024-06-12,0.0003515222134009566
2024-06-13,-0.005076545745808736
2024-06-14,0.004368102531426388
2024-06-17,-0.0015062685705238277
2024-06-18,0.002655846309084442
2024-06-19,-0.004749900312788657
2024-06-20,-0.007217090249263869
2024-06-21,-0.002187063632365094
2024-06-24,-0.005380905555003479
2024-06-25,-0.005438289383757455
2024-06-26,0.006467071091048382
2024-06-27,-0.007513020273629767
2024-06-28,0.0021827572455193067
2024-07-01,0.004773927630611574
2024-07-02,-0.0018391788332452474
2024-07-03,-0.002411323947788535
2024-07-04,-0.005082066276741126
2024-07-05,-0.004281225027662594
2024-07-08,-0.00853966288265684
2024-07-09,0.011185590848785232
2024-07-10,-0.0031529056929898713
2024-07-11,0.0114329810881455
2024-07-12,0.0012203557554433253
2024-07-15,0.001107389255170732
2024-07-16,0.006339020760523173
2024-07-17,0.0009435772586359192
2024-07-18,0.005525328597038248
2024-07-19,0.005136311958399586
2024-07-22,-0.00680717541906295
2024-07-23,-0.021350954041720827
2024-07-24,-0.0063117356578267225
2024-07-25,-0.005527729882539578
2024-07-26,0.0029481315938391095
2024-07-29,-0.005441333278150773
2024-07-30,-0.006299476633728096
2024-07-31,0.021577339061663592
2024-08-01,-0.006629064644667171
2024-08-02,-0.01019946792098625
2024-08-05,-0.01213553312191784
2024-08-06,-0.00010217387175404102
2024-08-07,-0.00044568034814695956
2024-08-08,0.0004333098208613162
2024-08-09,-0.0033831030433151277
2024-08-12,-0.001729755254143872
2024-08-13,0.0025634838701336093
2024-08-14,-0.0075430281811941224
2024-08-15,0.009885687007970434
2024-08-16,0.0011014517559044812
2024-08-19,0.003387609045101714
2024-08-20,-0.007228040948979109
2024-08-21,-0.003321147630479082
2024-08-22,-0.002558770003326827
2024-08-23,0.004242144383038715
2024-08-26,-0.0008918635707814149
2024-08-27,-0.0056823201788112065
2024-08-28,-0.005699333604369916
2024-08-29,-0.0026820057206223824
2024-08-30,0.013348186516736193
2024-09-02,-0.016987038995194936
2024-09-03,0.0025780005029079067
2024-09-04,-0.006495728239892196
2024-09-05,0.0017197467446989911
2024-09-06,-0.008107447398330248
2024-09-09,-0.01188176802005425
2024-09-10,0.0008780590347814421
2024-09-11,-0.0030119015373893943
2024-09-12,-0.004285826513225288
2024-09-13,-0.004169521036684776
2024-09-18,0.003723418903301967
2024-09-19,0.007891964522851236
2024-09-20,0.0015688185210196437
2024-09-23,0.0036594870738808627
2024-09-24,0.04331009197407876
2024-09-25,0.014804697860234306
2024-09-26,0.04227135235789281
2024-09-27,0.044668600332991026
2024-09-30,0.08482622266273232
2024-10-08,0.05929575100342732
2024-10-09,-0.07051351423870533
2024-10-10,0.010567282642378606
2024-10-11,-0.0276705274934671
2024-10-14,0.01908212330471004
2024-10-15,-0.026593888980664726
2024-10-16,-0.0063293392841365925
2024-10-17,-0.011318359041118442
2024-10-18,0.036167972956809846
2024-10-21,0.0025382945322496298
2024-10-22,0.005737475837933825
2024-10-23,0.003899513754633155
2024-10-24,-0.011168680307748202
2024-10-25,0.007021829940663693
2024-10-28,0.001955277256894483
2024-10-29,-0.009966280598025845
2024-10-30,-0.008969031370703484
2024-10-31,0.0004090296910201907
2024-11-01,-0.00026196083946306015
2024-11-04,0.014072317308986726
2024-11-05,0.025302059422141587
2024-11-06,-0.005016451058795446
2024-11-07,0.030169870504388685
2024-11-08,-0.010046131707898032
2024-11-11,0.006599388359831204
2024-11-12,-0.010986869649649456
2024-11-13,0.006154841359331531
2024-11-14,-0.017337121223454655
2024-11-15,-0.01752350859020335
2024-11-18,-0.004648774646679343
2024-11-19,0.006710897679074179
2024-11-20,0.002233277088395047
2024-11-21,0.000884445819000268
2024-11-22,-0.030982644840837792
2024-11-25,-0.0045549331325313025
2024-11-26,-0.002054577245043876
2024-11-27,0.01741062090060419
2024-11-28,-0.008828719057143108
2024-11-29,0.011370465020404508
2024-12-02,0.007927522132046061
2024-12-03,0.0010789252898952828
2024-12-04,-0.00539852919027739
2024-12-05,-0.0022817886768612405
2024-12-06,0.0131457967245463
2024-12-09,-0.0016535282354097625
2024-12-10,0.007327765333219327
2024-12-11,-0.00170338300760009
2024-12-12,0.00994627297803663
2024-12-13,-0.023662377167826598
2024-12-16,-0.005425430735347847
2024-12-17,0.002605371342234264
2024-12-18,0.005062832968225184
2024-12-19,0.0009065448300180634
2024-12-20,-0.004491081973005184
2024-12-23,0.0014837270075716003
2024-12-24,0.012740685196085622
2024-12-25,0.0004872118254637403
2024-12-26,0.00046441852805623185
2024-12-27,-0.0016174124605663476
2024-12-30,0.004527520975912136
2024-12-31,-0.016039789801335358
2025-01-02,-0.029102488699299323
2025-01-03,-0.011839194018461785
2025-01-06,-0.0016410144531968651
2025-01-07,0.0071997925586930744
2025-01-08,-0.0018150707349940953
2025-01-09,-0.0024643624763153182
2025-01-10,-0.012539216550759513
2025-01-13,-0.0026705028286013732
2025-01-14,0.026333420460855406
2025-01-15,-0.006416240428871345
2025-01-16,0.001147937342895089
2025-01-17,0.003146866542629967
2025-01-20,0.004546679156274047
2025-01-21,0.0007671927581140991
2025-01-22,-0.009288150425773356
2025-01-23,0.0017717331022466531
2025-01-24,0.007655562720718434
2025-01-27,-0.004117939283883265
2025-02-05,-0.005762362551355316
2025-02-06,0.012581168146756472
2025-02-07,0.012977774668958997
2025-02-10,0.00214735119259557
2025-02-11,-0.004595312999142842
2025-02-12,0.009457950369587964
2025-02-13,-0.0037557192387680516
2025-02-14,0.008672852121708985
2025-02-17,0.002129926858497555
2025-02-18,-0.008769168289908702
2025-02-19,0.006996887049368183
2025-02-20,-0.0028588431505905954
2025-02-21,0.012611202042792646
2025-02-24,-0.00219359629040905
2025-02-25,-0.011100640451211952
2025-02-26,0.008735061870637661
2025-02-27,0.0020643235292401307
2025-02-28,-0.01967361890815733
2025-03-03,-0.000404853543350181
2025-03-04,-0.0008365750079118994
2025-03-05,0.004465589188650476
2025-03-06,0.013751525725120839
2025-03-07,-0.0030894509881347343
2025-03-10,-0.003857110761489757
2025-03-11,0.0032106226381793945
2025-03-12,-0.003598757674812214
2025-03-13,-0.003985555727998191
2025-03-14,0.02428108769263604
2025-03-17,-0.00243827823527365
2025-03-18,0.0027360222995087558
2025-03-19,0.0006100970703337705
2025-03-20,-0.008771752205892658
2025-03-21,-0.015168886637703216
2025-03-24,0.005148037563891261
2025-03-25,-0.0006489449174740258
2025-03-26,-0.00329031765698351
2025-03-27,0.003330929367335367
2025-03-28,-0.004385476729204085
2025-03-31,-0.007116070832446364
2025-04-01,9.736821308825583e-05
2025-04-02,-0.0008483971215664798
2025-04-03,-0.005890866967951491
2025-04-07,-0.07045514967046262
2025-04-08,0.017082996163803488
2025-04-09,0.009870632380828193
2025-04-10,0.013106454027012049
2025-04-11,0.00412346061303448
2025-04-14,0.0022998164492906703
2025-04-15,0.0005566695508354425
2025-04-16,0.003080265023603479
2025-04-17,-0.00015858162768633832
2025-04-18,7.976730744463367e-05
2025-04-21,0.003275685794360994
2025-04-22,-0.00024529175372134393
2025-04-23,0.0007743755325448909
2025-04-24,-0.0006667753928667475
2025-04-25,0.0006966308203342209
2025-04-28,-0.001419305239403923
2025-04-29,-0.0017299734177331771
2025-04-30,-0.0011936711113711418
2025-05-06,0.01007059806997379
2025-05-07,0.006061269004120851
2025-05-08,0.005550983955379785
2025-05-09,-0.0017492554886566758
2025-05-12,0.011557771724635346
2025-05-13,0.0014518804456762346
2025-05-14,0.012050664094831687
2025-05-15,-0.009132557660878726
2025-05-16,-0.004636006272728532
2025-05-19,-0.003070156289188164
2025-05-20,0.005422855831583195
2025-05-21,0.004671473451456354
2025-05-22,-0.0006423277491894863
2025-05-23,-0.008071560769940644
2025-05-26,-0.005709900802728041
2025-05-27,-0.0053650848563330245
2025-05-28,-0.0008231240693037378
2025-05-29,0.005855530391425834
2025-05-30,-0.004785938517424926
2025-06-03,0.0030676269245482057
2025-06-04,0.004343235940006185
2025-06-05,0.002277949253231437
2025-06-06,-0.0009210957304880418
2025-06-09,0.0029070330980449643
2025-06-10,-0.005091235023245155
2025-06-11,0.007543723327272378
2025-06-12,-0.0006229097475155543
2025-06-13,-0.007198244118646335
2025-06-16,0.002487693256285839
2025-06-17,-0.0008819516551094031
2025-06-18,0.0011864989125354164
2025-06-19,-0.008227055543231554
2025-06-20,0.0009245422018608895
2025-06-23,0.002926524815408671
2025-06-24,0.011957951441788905
2025-06-25,0.014352333286424601
2025-06-26,-0.00354708716738128
2025-06-27,-0.006148398405025679
2025-06-30,0.003651755342974017
2025-07-01,0.0016978571391006447
2025-07-02,0.00023407448889889437
2025-07-03,0.006182720125535335
2025-07-04,0.003562388906882541
2025-07-07,-0.004276225568990322
2025-07-08,0.008392593859549047
2025-07-09,-0.001763707246055457
2025-07-10,0.004665956105733837
2025-07-11,0.0011926860393338679
2025-07-14,0.0007125622726074088
2025-07-15,0.00034761460367627173
2025-07-16,-0.0029515575814113015
2025-07-17,0.00681001374051049
2025-07-18,0.005962982691001262
2025-07-21,0.006667063195941569
2025-07-22,0.008163046119558537
2025-07-23,0.00019672450184127221
2025-07-24,0.0071043554995868785
2025-07-25,-0.005271922389312067
2025-07-28,0.0020984873048641717
2025-07-29,0.003917115239085778
2025-07-30,-0.00018949790929712051
2025-07-31,-0.018222684852631565
2025-08-01,-0.0050698411558057765
2025-08-04,0.0038900068425371526
2025-08-05,0.008044729775498416
2025-08-06,0.0024455519136337145
2025-08-07,0.00028705585229782393
2025-08-08,-0.0023572022613742583
2025-08-11,0.004273773803145531
2025-08-12,0.005170295984199713
2025-08-13,0.00790390482687342
2025-08-14,-0.0007816208179632911
2025-08-15,0.006958548113727536
2025-08-18,0.008818677858427604
2025-08-19,-0.003783165709871472
2025-08-20,0.011370458515621573
2025-08-21,0.0039038526937729134
2025-08-22,0.020971435942042538
2025-08-25,0.02083692277864846
2025-08-26,-0.0037212743328440823
2025-08-27,-0.014927018327870134
2025-08-28,0.017704778516881126
2025-08-29,0.00738770396941435
2025-09-01,0.005993649960034597
2025-09-02,-0.00735199469302994
2025-09-03,-0.006819624069982377
2025-09-04,-0.021216303869546982
2025-09-05,0.021789657928137807
2025-09-08,0.0016250834104036826
2025-09-09,-0.007009375761109604
2025-09-10,0.0020527433658958927
2025-09-11,0.02309587678617797
2025-09-12,-0.0057247806717385386
2025-09-15,0.002445312890452467
2025-09-16,-0.0021440283647959912
2025-09-17,0.006120769210039123
2025-09-18,-0.011626836427765741
2025-09-19,0.0008471337622097952
2025-09-22,0.004595484215122125
2025-09-23,-0.0006257230341430997
2025-09-24,0.010242250609604042
2025-09-25,0.006004440404209221
2025-09-26,-0.00945660568359008
2025-09-29,0.015385351809531267
2025-09-30,0.00446763292402208
2025-10-09,0.014822892311246116
2025-10-10,-0.019672630662990076
2025-10-13,-0.004950491939920476
2025-10-14,-0.011953495211176945
2025-10-15,0.014809990358365388
2025-10-16,0.0026342035633508676
2025-10-17,-0.02255906985368905
2025-10-20,0.005313326102133198
2025-10-21,0.015347735117563044
2025-10-22,-0.003320730623673107
2025-10-23,0.002999344593550113
2025-10-24,0.011796511885009409
2025-10-27,0.011872743557892473
2025-10-28,-0.005098707625962318
2025-10-29,0.011906462377341054
2025-10-30,-0.00798822571402924
2025-10-31,-0.014701636612666436
2025-11-03,0.0027442603301301993
2025-11-04,-0.0074577253445586855
2025-11-05,0.0018529027329989844
2025-11-06,0.01429490516735954
2025-11-07,-0.0031126241188909054
2025-11-10,0.003474463421602847
2025-11-11,-0.009134129265100266
2025-11-12,-0.001345094021268145
2025-11-13,0.012089327039823683
2025-11-14,-0.01572370046595184
2025-11-17,-0.006500948826135278
2025-11-18,-0.006493988487517255
2025-11-19,0.004399858079545238
2025-11-20,-0.005087709976273946
2025-11-21,-0.024390352898410628
2025-11-24,-0.0012483811999961514
2025-11-25,0.009522582019015013
2025-11-26,0.006061992586102516
2025-11-27,-0.0004920283896928668
2025-11-28,0.0024934431651024713
2025-12-01,0.0110067869884507
2025-12-02,-0.004840155074452679
2025-12-03,-0.005112953160864575
2025-12-04,0.0034247701514389384
2025-12-05,0.00835144516969999
2025-12-08,0.008118093849742936
2025-12-09,-0.005091421450446942
2025-12-10,-0.0013909503131558365
2025-12-11,-0.008633273294054389
2025-12-12,0.006318987752869765
2025-12-15,-0.006306639452515306
2025-12-16,-0.01197372283965692
2025-12-17,0.01830339132077219
2025-12-18,-0.005913349163459758
2025-12-19,0.003379354464773998
2025-12-22,0.009510443561734139
2025-12-23,0.001975573244433315
2025-12-24,0.0028836327110881577
2025-12-25,0.0018293035828247373
2025-12-26,0.0031672992843112535
2025-12-29,-0.0038365856172325463
2025-12-30,0.0025670930770997913
2025-12-31,-0.0045884770946363895
2026-01-05,0.018964869843331567
2026-01-06,0.0154624909095884
2026-01-07,-0.0029281771254092703
2026-01-08,-0.008167245026855396
2026-01-09,0.004489247588721934
2026-01-12,0.006512693284052684
2026-01-13,-0.006029981113445548
2026-01-14,-0.004012113003053819
2026-01-15,0.0020031292739712825
2026-01-16,-0.0041159193929286575
2026-01-19,0.0005458303951026977
2026-01-20,-0.003290219893497426
2026-01-21,0.0008881348113625176
2026-01-22,0.00013548393489548616
2026-01-23,-0.004490644862106263
2026-01-26,0.0009500060031939483
2026-01-27,-0.0002702803760555872
2026-01-28,0.0026137708381157587
2026-01-29,0.00760457087734423
2026-01-30,-0.009998086401063921
2026-02-02,-0.021324468242318484
2026-02-03,0.011751571039204878
2026-02-04,0.008277877887535423
2026-02-05,-0.006015387460044153
2026-02-06,-0.005743146631732476
2026-02-09,0.01625033737324122
2026-02-10,0.001110328021331597
2026-02-11,-0.0022177062756191246
2026-02-12,0.0012218332122886366
2026-02-13,-0.012537646374315758
2026-02-24,0.010114656114909693
2026-02-25,0.006020506659098812
2026-02-26,-0.0019028963916318808
2026-02-27,-0.0034329242419604
2026-03-02,0.003825780276590196
2026-03-03,-0.015389658924727434
2026-03-04,-0.01144172844746838
2026-03-05,0.00979167386817359
2026-03-06,0.0027426300464266085
2026-03-09,-0.009652288121355102
2026-03-10,0.012848375450559502
2026-03-11,0.0063617649194198655
2026-03-12,-0.0035999181123742563
2026-03-13,-0.003929570950994221
2026-03-16,0.000518103976321127
2026-03-17,-0.007303750047816027
2026-03-18,0.004505331304397675
2026-03-19,-0.01611763471408778
2026-03-20,-0.0035418526381852944
2026-03-23,-0.032629782335646285
2026-03-24,0.01283959647687416
2026-03-25,0.014021696630834857
2026-03-26,-0.013208100134136647
2026-03-27,0.005591358618961317
2026-03-30,-0.002358608632785697
2026-03-31,-0.009327953338750472
2026-04-01,0.0170823950197585
2026-04-02,-0.010418030065309614
2026-04-03,-0.008512152532686557
2026-04-07,-3.88894865052114e-05
2026-04-08,0.03489150897571358
2026-04-09,-0.006382753251184425
2026-04-10,0.015404808135002224
2026-04-13,0.002068147209394633
2026-04-14,0.011865532843009508
2026-04-15,-0.003411259779961817
2026-04-16,0.010962347679302376
2026-04-17,-0.0016754818010366046
2026-04-20,0.006084224584341991
2026-04-21,0.0022186503212999753
2026-04-22,0.006633812898791724
2026-04-23,-0.002770986162049738
2026-04-24,-0.003543113317804214
