date,size_return
2020-01-03,0.005194345797989941
2020-01-06,0.010285586701677563
2020-01-07,0.015200530536279677
2020-01-08,-0.013650219740412362
2020-01-09,0.015887122228701145
2020-01-10,-0.002095773971544479
2020-01-13,0.012787317332582315
2020-01-14,-0.0021274829492592406
2020-01-15,-0.0001006068027445961
2020-01-16,-0.0019255881186122092
2020-01-17,-0.0038492876555942246
2020-01-20,0.01283359628479852
2020-01-21,-0.008901627677264212
2020-01-22,0.0030039692584946653
2020-01-23,-0.037262565783727886
2020-02-03,-0.0875320757577458
2020-02-04,0.0022956977109560572
2020-02-05,0.026139176147809806
2020-02-06,0.03128092080907341
2020-02-07,0.01232023621551881
2020-02-10,0.013963584393208883
2020-02-11,-0.0067656240450957306
2020-02-12,0.023295925600425926
2020-02-13,-0.008120075276443095
2020-02-14,0.0035561780468333914
2020-02-17,0.036427938054715
2020-02-18,0.022860508968105986
2020-02-19,-0.008916547942399045
2020-02-20,0.019331511037628424
2020-02-21,0.017783355079594054
2020-02-24,0.021932647155960217
2020-02-25,0.004189226592506312
2020-02-26,-0.028922095230276557
2020-02-27,0.0016480668484457617
2020-02-28,-0.05794573857979235
2020-03-02,0.04129558917561438
2020-03-03,0.013491649751668833
2020-03-04,0.004945535678403834
2020-03-05,0.014342010232660796
2020-03-06,-0.0030235120175735597
2020-03-09,-0.039245225067328526
2020-03-10,0.02591681320339223
2020-03-11,-0.013453627283285252
2020-03-12,-0.020132553653865126
2020-03-13,-0.009029709201694547
2020-03-16,-0.048388111643758
2020-03-17,-0.002625749660904564
2020-03-18,-0.01538398886760528
2020-03-19,0.010994494311683978
2020-03-20,0.009484485031567624
2020-03-23,-0.044775857243604444
2020-03-24,0.0185882182136341
2020-03-25,0.02344825376212456
2020-03-26,-0.009065928441646998
2020-03-27,-0.007474148606149922
2020-03-30,-0.024884974863747078
2020-03-31,0.002164508039990354
2020-04-01,-0.004390790244955256
2020-04-02,0.025040424347848145
2020-04-03,-0.005684699610226773
2020-04-07,0.03414674900688075
2020-04-08,0.004031364197118137
2020-04-09,0.012440504569309896
2020-04-10,-0.026209373812349224
2020-04-13,-0.010408030351439668
2020-04-14,0.020281021772205587
2020-04-15,-0.005982553516462041
2020-04-16,0.007602084444675583
2020-04-17,0.0015949768744227821
2020-04-20,0.016348148624111936
2020-04-21,-0.005237307268438407
2020-04-22,0.009276221499714188
2020-04-23,-0.006363600914680356
2020-04-24,-0.019686062743751287
2020-04-27,-0.005259985816956414
2020-04-28,-0.014959978525083795
2020-04-29,-0.002440067945077118
2020-04-30,0.0235303993622209
2020-05-06,0.021882576940603027
2020-05-07,-0.0011282708709041689
2020-05-08,0.011541749024132963
2020-05-11,-0.0018699022040190583
2020-05-12,0.0030251869180095703
2020-05-13,0.008096132102417775
2020-05-14,-0.009090781877141407
2020-05-15,0.004560672327658555
2020-05-18,-0.005082193279304481
2020-05-19,0.013064153952325297
2020-05-20,-0.01191894510917968
2020-05-21,-0.012649677594408826
2020-05-22,-0.018586099322951743
2020-05-25,-0.0021154130961592577
2020-05-26,0.024079173025565836
2020-05-27,-0.006277816113994472
2020-05-28,-0.0022793328911591137
2020-05-29,0.009979845030509304
2020-06-01,0.030497385126673437
2020-06-02,0.0015100640992262715
2020-06-03,-0.0013657710439313187
2020-06-04,0.002022974599065863
2020-06-05,0.0014254928043795356
2020-06-08,-0.002310082074668207
2020-06-09,0.006815673893803442
2020-06-10,0.001156291343183291
2020-06-11,-0.0036224720720768877
2020-06-12,0.0006242151996169731
2020-06-15,-0.0003673084442027408
2020-06-16,0.02035674304849744
2020-06-17,0.004300577459624755
2020-06-18,-0.004670029155856348
2020-06-19,0.006150141710687285
2020-06-22,0.006611812607382639
2020-06-23,0.0017470892256188364
2020-06-24,-0.0018156734785704787
2020-06-29,-0.002599409050333623
2020-06-30,0.017415530423160464
2020-07-01,0.0031351412388824773
2020-07-02,0.011765130864375584
2020-07-03,0.010040907696222234
2020-07-06,0.038226114815987255
2020-07-07,0.013658764778963217
2020-07-08,0.02290038010432882
2020-07-09,0.029850917480359618
2020-07-10,-0.004421027279347678
2020-07-13,0.035335161858856434
2020-07-14,-0.007847822158805973
2020-07-15,-0.02907070939098666
2020-07-16,-0.052348763302949464
2020-07-17,0.002129565140871703
2020-07-20,0.03412829842285592
2020-07-21,0.007870676664933463
2020-07-22,0.009460232197276541
2020-07-23,-0.0008276532486123367
2020-07-24,-0.047057847939071196
2020-07-27,0.00027920442054174544
2020-07-28,0.010522860802628209
2020-07-29,0.029541220867885132
2020-07-30,-0.0016363349931556304
2020-07-31,0.013138167922221555
2020-08-03,0.032450635656587457
2020-08-04,-0.006394916323687827
2020-08-05,0.013786130260106555
2020-08-06,0.0007508627994945449
2020-08-07,-0.012506057805479975
2020-08-10,0.002595529942302388
2020-08-11,-0.01976077279340205
2020-08-12,-0.01678673596910396
2020-08-13,0.0030419656094484715
2020-08-14,0.009843856061720668
2020-08-17,0.021678174575124887
2020-08-18,0.009611818521081839
2020-08-19,-0.020796880684489483
2020-08-20,-0.014452632830012746
2020-08-21,0.00601474341378383
2020-08-24,0.008251826383037342
2020-08-25,-0.005508613682352781
2020-08-26,-0.024357157725712897
2020-08-27,0.010773833664943666
2020-08-28,0.012788938958056217
2020-08-31,0.0026738076279786416
2020-09-01,0.004822976066956919
2020-09-02,0.001892452606234274
2020-09-03,-0.011380169878980384
2020-09-04,-0.0010786440004135756
2020-09-07,-0.017391989504804473
2020-09-08,0.006502881839357544
2020-09-09,-0.03174455306843171
2020-09-10,-0.035435592231129465
2020-09-11,0.016305561046300765
2020-09-14,0.01576657719746577
2020-09-15,0.004851848733505415
2020-09-16,-0.0099794294506943
2020-09-17,0.0017967208292666292
2020-09-18,0.015327833558705706
2020-09-21,-0.00037193168624771733
2020-09-22,-0.016083405134936557
2020-09-23,0.006923421937073293
2020-09-24,-0.027366260255861752
2020-09-25,-0.006106707565811331
2020-09-28,-0.012664271731083088
2020-09-29,0.010787606175890252
2020-09-30,-0.000584954154501216
2020-10-09,0.031011195182609086
2020-10-12,0.0313543191263288
2020-10-13,0.002500726485218596
2020-10-14,-0.00925194110791172
2020-10-15,-0.008837652688286624
2020-10-16,-0.0029534220061072647
2020-10-19,-0.006954792854609648
2020-10-20,0.009481631151303072
2020-10-21,-0.015641396876400426
2020-10-22,-0.006351417547828531
2020-10-23,-0.01926784006390736
2020-10-26,0.0010828856368088058
2020-10-27,0.005116416117208589
2020-10-28,0.00043267994481621663
2020-10-29,-0.0015985959913717984
2020-10-30,-0.024507884702115068
2020-11-02,0.00040390665383793767
2020-11-03,0.020539078660192223
2020-11-04,-0.002240335761537038
2020-11-05,0.018434065784125764
2020-11-06,-0.009813130357229083
2020-11-09,0.0244176029039469
2020-11-10,-0.010579812554712187
2020-11-11,-0.01707501420423807
2020-11-12,0.0019045037053417868
2020-11-13,0.0014932249862760205
2020-11-16,0.009185702308508237
2020-11-17,-0.009793858318931759
2020-11-18,6.007432154397918e-05
2020-11-19,0.005437402186801554
2020-11-20,0.007085301207946815
2020-11-23,0.006156758426857145
2020-11-24,4.1115102088262745e-05
2020-11-25,-0.017056924845476718
2020-11-26,-0.007275884263150845
2020-11-27,-0.00021242823810729838
2020-11-30,-0.002923044619378312
2020-12-01,0.013721862142421992
2020-12-02,0.0033488647037775987
2020-12-03,-0.003543663980882905
2020-12-04,0.0051828686276313984
2020-12-07,-0.002019897491036038
2020-12-08,0.00020347535913400883
2020-12-09,-0.01957946487066653
2020-12-10,0.00040513340019465716
2020-12-11,-0.01619217247524163
2020-12-14,0.012092045058791356
2020-12-15,0.0029933785133509083
2020-12-16,-0.008055874453479328
2020-12-17,0.008328623216711906
2020-12-18,-0.00370665662543046
2020-12-21,0.017979239856807272
2020-12-22,-0.021163734458024885
2020-12-23,0.007828051837921679
2020-12-24,-0.015893522112328307
2020-12-25,0.009997805067014864
2020-12-28,-0.006371246539296771
2020-12-29,-0.006474405271568506
2020-12-30,0.007660150584930081
2020-12-31,0.018323460441312056
2021-01-04,0.02291303801933453
2021-01-05,0.0012770997035873588
2021-01-06,-0.012118625203859423
2021-01-07,-0.01611875133290963
2021-01-08,-0.0047144945153007045
2021-01-11,-0.016613202861675447
2021-01-12,0.01370926801403849
2021-01-13,-0.007783329698254016
2021-01-14,-0.0010459743100014185
2021-01-15,0.0033248464520372334
2021-01-18,0.01893786299711353
2021-01-19,-0.005716303467113049
2021-01-20,0.008675111380348488
2021-01-21,0.011041080508978007
2021-01-22,-0.0034383138536615565
2021-01-25,-0.009616959400880476
2021-01-26,-0.018502322640460256
2021-01-27,0.0005596029309204997
2021-01-28,-0.02120411753651541
2021-01-29,-0.014847088895648564
2021-02-01,0.006614105151361294
2021-02-02,0.01129038729183085
2021-02-03,-0.017151736756198965
2021-02-04,-0.022139695398269543
2021-02-05,-0.019853215111010014
2021-02-08,0.007199265809438415
2021-02-09,0.02713050069958567
2021-02-10,0.00788214105270102
2021-02-18,0.016069106207497574
2021-02-19,0.019213018453360764
2021-02-22,0.0010612400656193621
2021-02-23,-0.006827132217450349
2021-02-24,-0.008031603885477634
2021-02-25,-0.005978731955099126
2021-02-26,-0.011554617154195035
2021-03-01,0.026836528370058677
2021-03-02,-0.004391703263808999
2021-03-03,0.013448160345980398
2021-03-04,-0.018112498847960623
2021-03-05,0.003323302606072387
2021-03-08,-0.01992320932965863
2021-03-09,-0.03182322383132086
2021-03-10,-0.007841426720877398
2021-03-11,0.02326645541377781
2021-03-12,0.00013093955967224957
2021-03-15,-0.00687080650186056
2021-03-16,0.00902025922691263
2021-03-17,0.007077670951123105
2021-03-18,0.0033937114698345816
2021-03-19,-0.007631667296328248
2021-03-22,0.01740341143051327
2021-03-23,-0.011101169535783106
2021-03-24,-0.014745457513984928
2021-03-25,-0.0008965075262249433
2021-03-26,0.017870222358914445
2021-03-29,0.004009923982217556
2021-03-30,-0.003955436287175207
2021-03-31,-0.001300085654643457
2021-04-01,0.006737082109708581
2021-04-02,0.0040184720099603055
2021-04-06,0.00946909582178912
2021-04-07,0.00019853657567292515
2021-04-08,-0.0029011351923582396
2021-04-09,-0.0007193172454192931
2021-04-12,-0.021270761199688515
2021-04-13,-0.0051505100481301636
2021-04-14,0.014271515094013143
2021-04-15,-0.0037117959758402597
2021-04-16,0.011472461905047027
2021-04-19,0.017042647914551567
2021-04-20,-0.0030503962399658358
2021-04-21,1.320918168534746e-05
2021-04-22,0.0042579304409342544
2021-04-23,-0.004920225265755418
2021-04-26,-0.0034422220250792668
2021-04-27,-0.0046934820741396654
2021-04-28,0.005677650624569486
2021-04-29,-0.0049934236635672535
2021-04-30,-0.0035856411235115626
2021-05-06,0.0025541603905550048
2021-05-07,-0.012219311546284639
2021-05-10,0.0028987131195334914
2021-05-11,0.0008344464255245487
2021-05-12,0.012054879434890697
2021-05-13,-0.007059193090356741
2021-05-14,0.013719434816057197
2021-05-17,-0.0008045832090002314
2021-05-18,0.004575411727742562
2021-05-19,0.00032795722835921026
2021-05-20,-0.0009420786161531414
2021-05-21,-0.0003797257983920721
2021-05-24,0.008870321236547074
2021-05-25,0.011908642053372498
2021-05-26,0.004389080235495779
2021-05-27,0.009073944230566289
2021-05-28,-0.00159572379311812
2021-05-31,0.017928174817742004
2021-06-01,0.00592432475457616
2021-06-02,-0.013899095947361051
2021-06-03,-0.0007972975352020795
2021-06-04,0.004698470908584218
2021-06-07,0.011206734766192383
2021-06-08,-0.007576090775050726
2021-06-09,0.001988747440808014
2021-06-10,0.010962089277596121
2021-06-11,-0.006557255516039251
2021-06-15,-0.005523748759078573
2021-06-16,-0.02081755377202743
2021-06-17,0.017146651570361993
2021-06-18,0.011203729398448603
2021-06-21,0.015236747280146457
2021-06-22,0.004585841161777182
2021-06-23,0.006560149736328125
2021-06-24,-0.010151962600415287
2021-06-25,0.003697351061172638
2021-06-28,0.009005290060980053
2021-06-29,-0.008376477138589578
2021-06-30,0.011335331038477614
2021-07-01,-0.01611701580178504
2021-07-02,-0.008694960217986547
2021-07-05,0.01415094298658448
2021-07-06,-0.003944410518978092
2021-07-07,0.01584771616313385
2021-07-08,0.0013746630552875505
2021-07-09,0.006125705789234326
2021-07-12,0.019786810941226474
2021-07-13,0.0065197927590086024
2021-07-14,-0.011990368489341985
2021-07-15,-0.0003027547827622046
2021-07-16,-0.0018310812116140163
2021-07-19,-0.0031950940594005495
2021-07-20,0.0066629723325482
2021-07-21,0.020064325965357233
2021-07-22,0.006443307816972332
2021-07-23,-0.008956001930146562
2021-07-26,-0.012689113600176105
2021-07-27,-0.02638951517245569
2021-07-28,-0.020913959286762096
2021-07-29,0.037718461140218595
2021-07-30,0.007617139443389043
2021-08-02,0.019273439585876906
2021-08-03,-0.012617445577211672
2021-08-04,0.023156784116602935
2021-08-05,-0.0040474674197312766
2021-08-06,0.004596479396703934
2021-08-09,0.003329072673092348
2021-08-10,0.005657271059126723
2021-08-11,0.00746607215898365
2021-08-12,0.006785414119992783
2021-08-13,-0.00203850412903539
2021-08-16,-0.009654580253287026
2021-08-17,-0.027497439462449424
2021-08-18,0.006175597310501102
2021-08-19,0.008545975702120234
2021-08-20,-0.00018900026238588552
2021-08-23,0.02480094340154504
2021-08-24,0.00816909774243224
2021-08-25,0.007071041140607637
2021-08-26,-0.012883321500075207
2021-08-27,0.0013755604940601796
2021-08-30,0.0062066165707350684
2021-08-31,8.751582317922946e-05
2021-09-01,-0.015727337963455046
2021-09-02,0.011040632169255549
2021-09-03,-0.007803757783152121
2021-09-06,0.013662753017809282
2021-09-07,0.018519373687185592
2021-09-08,0.002018544799641253
2021-09-09,0.0007582606057299213
2021-09-10,0.004102876654024756
2021-09-13,0.001869488475681358
2021-09-14,-0.00384841426237037
2021-09-15,0.0069896712044721365
2021-09-16,-0.02725530144786925
2021-09-17,-0.0031880295660051683
2021-09-22,0.005023942450101515
2021-09-23,0.00485794929041683
2021-09-24,-0.014241965256502453
2021-09-27,-0.029601236942958242
2021-09-28,0.00012252575310545133
2021-09-29,-0.03609091491397309
2021-09-30,0.028653668500051577
2021-10-08,0.0027285940001342546
2021-10-11,-0.005497848220755608
2021-10-12,-0.023882780672565662
2021-10-13,0.01122147506136173
2021-10-14,0.007256011557773112
2021-10-15,0.0011111709776769896
2021-10-18,0.010776632697735877
2021-10-19,0.01001785338954364
2021-10-20,0.0025995147023518683
2021-10-21,-0.002661917532832181
2021-10-22,-0.008669741137852904
2021-10-25,0.012622470239419536
2021-10-26,-0.003144294800286329
2021-10-27,-0.010007433255388998
2021-10-28,-0.022290210113588005
2021-10-29,0.01616080275508147
2021-11-01,0.0095196611313908
2021-11-02,-0.011670486273390956
2021-11-03,0.0022527346070180254
2021-11-04,0.013336525483658379
2021-11-05,-0.01257476874082597
2021-11-08,0.004509061440595374
2021-11-09,0.014691226012580882
2021-11-10,0.0004340969333300748
2021-11-11,0.007764012021454603
2021-11-12,0.013705607052343138
2021-11-15,-0.002770074214112017
2021-11-16,-0.011372822771339552
2021-11-17,0.017908519092717956
2021-11-18,-0.0013327737024868558
2021-11-19,0.011531865921131423
2021-11-22,0.018402545971862194
2021-11-23,-0.000731436784314532
2021-11-24,-0.00035068682423766706
2021-11-25,-0.0016392330215937445
2021-11-26,0.0018961714234049243
2021-11-29,0.007435571136207519
2021-11-30,0.006807304517390422
2021-12-01,0.00018999811578690462
2021-12-02,-0.010872349728439312
2021-12-03,0.006993819835885873
2021-12-06,-0.014607132928846522
2021-12-07,-0.01584906569081934
2021-12-08,0.018134197653041584
2021-12-09,0.0011618352561608702
2021-12-10,0.002189729349356462
2021-12-13,0.004500419914146736
2021-12-14,-0.00038470115709532404
2021-12-15,-0.003288244452789857
2021-12-16,0.00633440827259224
2021-12-17,-0.01397353816434499
2021-12-20,-0.018007440845023703
2021-12-21,0.01252351859611922
2021-12-22,0.01041899113043554
2021-12-23,0.000233280036979977
2021-12-24,-0.019672489243711122
2021-12-27,-2.2529107297941664e-05
2021-12-28,0.011200343417170577
2021-12-29,-0.0010301480509409267
2021-12-30,0.008796234726471397
2021-12-31,0.010826639190790965
2022-01-04,-0.0034025841777801658
2022-01-05,-0.0252271316701973
2022-01-06,0.008075225114049234
2022-01-07,-0.02062833291728905
2022-01-10,0.006701969111811756
2022-01-11,-0.011312540756548861
2022-01-12,0.01737097285399125
2022-01-13,-0.017319363652044673
2022-01-14,0.004000556039015057
2022-01-17,0.01729107364156368
2022-01-18,-0.00633718677871653
2022-01-19,-0.012040824659608873
2022-01-20,-0.022514173435192353
2022-01-21,-0.01386235329627139
2022-01-24,0.004961289565806215
2022-01-25,-0.03936967991766638
2022-01-26,0.005322059042126126
2022-01-27,-0.029412696970165686
2022-01-28,0.0018535340305561032
2022-02-07,0.01270756745178514
2022-02-08,0.0026902748836512558
2022-02-09,0.018474630060898223
2022-02-10,-0.004966116359253481
2022-02-11,-0.019756586510169427
2022-02-14,-0.003948931875359163
2022-02-15,0.016952958198336088
2022-02-16,0.008176580418428392
2022-02-17,0.005220694368722745
2022-02-18,0.004318986163849514
2022-02-21,0.011417715314323118
2022-02-22,-0.007547209993107762
2022-02-23,0.02351404896846665
2022-02-24,-0.02218439337980227
2022-02-25,0.01054754479447495
2022-02-28,0.007861129539558753
2022-03-01,0.0012955282294448978
2022-03-02,-0.0020370974772375705
2022-03-03,-0.00966984285399386
2022-03-04,-0.013762265983358724
2022-03-07,-0.021518960859621128
2022-03-08,-0.030273712315041723
2022-03-09,-0.010941419109228856
2022-03-10,0.023025337713982852
2022-03-11,0.005502709492229529
2022-03-14,-0.027204897263153116
2022-03-15,-0.0481007933026798
2022-03-16,0.033905360990726496
2022-03-17,0.018762741734367427
2022-03-18,0.008919953125482216
2022-03-21,0.010907938477294765
2022-03-22,-0.0044522712336479975
2022-03-23,0.0062844312988969975
2022-03-24,-0.009494251475171467
2022-03-25,-0.011736874353209581
2022-03-28,-0.007707161811056795
2022-03-29,-0.0061434544332645835
2022-03-30,0.020677710214153988
2022-03-31,-0.01350135385875606
2022-04-01,7.95916731575197e-05
2022-04-06,-0.0012278733193945568
2022-04-07,-0.020800798806875243
2022-04-08,-0.007292500193663898
2022-04-11,-0.03759807638399515
2022-04-12,0.01364609833666064
2022-04-13,-0.019981187383062315
2022-04-14,0.011685406956951194
2022-04-15,-0.013308126097544393
2022-04-18,0.008119762759713156
2022-04-19,0.00312384178841163
2022-04-20,-0.017576183351027286
2022-04-21,-0.04056094048436998
2022-04-22,-0.014975797492229326
2022-04-25,-0.07810851551297071
2022-04-26,-0.03038812871599228
2022-04-27,0.05205793582384999
2022-04-28,-0.00844832852237376
2022-04-29,0.0437913452310581
2022-05-05,0.017862956361391458
2022-05-06,-0.012375722085732122
2022-05-09,0.013218104509626905
2022-05-10,0.018794600864094457
2022-05-11,0.008799147470416324
2022-05-12,0.005254764586979599
2022-05-13,0.006147013524254952
2022-05-16,0.0018470379627026912
2022-05-17,0.005848428522013505
2022-05-18,0.0015275746310687843
2022-05-19,0.008548348383750515
2022-05-20,0.013471600580577947
2022-05-23,0.01277635917573261
2022-05-24,-0.041274730639420554
2022-05-25,0.01753261614876611
2022-05-26,0.006274775303092062
2022-05-27,-0.002730918346991462
2022-05-30,0.011636169032360977
2022-05-31,0.011300124790775135
2022-06-01,0.003143445593116301
2022-06-02,0.010922975727149398
2022-06-06,0.025150359297499092
2022-06-07,-0.0010811545883158136
2022-06-08,0.0016758982556535074
2022-06-09,-0.017932944949533347
2022-06-10,0.021165555711393225
2022-06-13,0.007099832722962551
2022-06-14,-0.0014308435981548184
2022-06-15,-0.001724060587047438
2022-06-16,0.0064626901200863784
2022-06-17,0.011643625609023767
2022-06-20,0.010925486042817179
2022-06-21,-0.010163905999379552
2022-06-22,-0.012882583845717166
2022-06-23,0.02295985072383533
2022-06-24,0.012592209359120865
2022-06-27,0.010283230805137489
2022-06-28,0.010965503887370609
2022-06-29,-0.025245628548240084
2022-06-30,0.013699058306481993
2022-07-01,-0.00014706534660269277
2022-07-04,0.011697903991977565
2022-07-05,-0.0056978612010286644
2022-07-06,-0.011657444099646419
2022-07-07,0.01263828735089012
2022-07-08,-0.005833907731225718
2022-07-11,-0.015305483599339142
2022-07-12,-0.016548512739564147
2022-07-13,0.008163839421205799
2022-07-14,0.012578248374109924
2022-07-15,-0.009833614210691621
2022-07-18,0.014755334970820488
2022-07-19,0.00796556549539984
2022-07-20,0.014378048644606123
2022-07-21,-0.00489584941813026
2022-07-22,-0.0057519586146401736
2022-07-25,-0.01218103807644999
2022-07-26,0.011298191163481519
2022-07-27,0.010247660061932562
2022-07-28,0.007150500106804403
2022-07-29,-0.004582236743653767
2022-08-01,0.008854356656424756
2022-08-02,-0.030983067032637868
2022-08-03,-0.005937281900661451
2022-08-04,0.006309596594338274
2022-08-05,0.01863291526681321
2022-08-08,0.012144184373864775
2022-08-09,0.004360457379037896
2022-08-10,0.0006492081099858105
2022-08-11,0.01142682206086798
2022-08-12,-0.009000195119977072
2022-08-15,0.007562145737324499
2022-08-16,0.005645609940275964
2022-08-17,0.0005534348690698909
2022-08-18,0.003106128278193898
2022-08-19,-0.015919621595629985
2022-08-22,0.0074880240327153125
2022-08-23,0.002393375408855647
2022-08-24,-0.036491902178927615
2022-08-25,-0.003282178338148478
2022-08-26,-0.005148777938794757
2022-08-29,0.00589304261954382
2022-08-30,-0.006351089684798028
2022-08-31,-0.032390412930038304
2022-09-01,-0.004983570030492546
2022-09-02,0.008891738862131904
2022-09-05,0.002105011743844587
2022-09-06,0.018929841932198155
2022-09-07,0.006340381785982618
2022-09-08,-0.009538280038732139
2022-09-09,0.002389323187387271
2022-09-13,-0.0013743243550119466
2022-09-14,-0.010793563658577199
2022-09-15,-0.03080274054049681
2022-09-16,-0.020840106570158556
2022-09-19,-0.012565920599010849
2022-09-20,0.012864446074842162
2022-09-21,-0.0002358792084325989
2022-09-22,0.0010296110903149636
2022-09-23,-0.019051343408483357
2022-09-26,-0.012585635347829638
2022-09-27,0.020081426349655818
2022-09-28,-0.03099435924125904
2022-09-29,0.002844854230623639
2022-09-30,-0.01668302942464417
2022-10-10,-0.022916933713416965
2022-10-11,0.005550772087790534
2022-10-12,0.029069816714950125
2022-10-13,0.009619317625623847
2022-10-14,0.02466879577622194
2022-10-17,0.010301137884740186
2022-10-18,0.005570177270246335
2022-10-19,-0.007276265245477864
2022-10-20,-0.004866319229860472
2022-10-21,0.00040768593989115587
2022-10-24,-0.008378493905508932
2022-10-25,-0.00355164073780323
2022-10-26,0.021384194263286416
2022-10-27,-0.004633892343253065
2022-10-28,-0.034306961710996564
2022-10-31,0.008443602170254527
2022-11-01,0.02339299386482807
2022-11-02,0.013151185864243464
2022-11-03,0.006487487435078654
2022-11-04,0.02174611711722041
2022-11-07,0.0005950985839100476
2022-11-08,-0.0027825899149306332
2022-11-09,-0.0028302350954887423
2022-11-10,-0.010889636604534125
2022-11-11,0.006083783514222008
2022-11-14,-0.006595367004623487
2022-11-15,0.02315984044948949
2022-11-16,-0.007474506490006361
2022-11-17,0.0018595081707197814
2022-11-18,-0.008355494937190788
2022-11-21,0.00464449382400467
2022-11-22,-0.01585992512787615
2022-11-23,-0.002314941539667714
2022-11-24,0.002872140523161981
2022-11-25,-0.011340111557899824
2022-11-28,-0.0029867040007097723
2022-11-29,0.015649931800455708
2022-11-30,-0.000608978405287286
2022-12-01,0.010336362646066188
2022-12-02,0.0033213552781576894
2022-12-05,0.005063287160180119
2022-12-06,-0.0016106656070483671
2022-12-07,0.0002588030787975537
2022-12-08,-0.006404378825050405
2022-12-09,0.002706419802003257
2022-12-12,-0.0036976216545442364
2022-12-13,-0.009316292053199726
2022-12-14,-0.0035866534064691313
2022-12-15,0.0041905819349088436
2022-12-16,-0.011839909372425517
2022-12-19,-0.019735771319240203
2022-12-20,-0.007696521702392656
2022-12-21,-0.008270363648775314
2022-12-22,-0.01625158024486062
2022-12-23,-0.004231922736061766
2022-12-26,0.018630749712400974
2022-12-27,0.007983954297110296
2022-12-28,-0.009036589079164825
2022-12-29,-0.001058727958601846
2022-12-30,0.003160689850818743
2023-01-03,0.022618429583994848
2023-01-04,-0.000377445943820498
2023-01-05,0.009996781481165451
2023-01-06,0.002289965530325455
2023-01-09,0.005450346808294926
2023-01-10,0.0006811001762261348
2023-01-11,-0.008148969982695209
2023-01-12,0.000410873913073706
2023-01-13,0.004305832148945754
2023-01-16,0.011398887538885072
2023-01-17,0.0008630412280361544
2023-01-18,0.002350953042083548
2023-01-19,0.009538069304347863
2023-01-20,0.009102826399496777
2023-01-30,0.007362712388717663
2023-01-31,0.0027735549041596474
2023-02-01,0.016376236107175535
2023-02-02,0.002386289895424998
2023-02-03,-0.0011754557478201866
2023-02-06,-0.004861029684006368
2023-02-07,0.004775261619061277
2023-02-08,-0.006729410433337302
2023-02-09,0.017659532083335705
2023-02-10,-0.0033986256765629053
2023-02-13,0.011007563801588516
2023-02-14,0.0013148281056942768
2023-02-15,0.0003052914493895109
2023-02-16,-0.019593593344859772
2023-02-17,-0.008181088226231759
2023-02-20,0.013221601416555595
2023-02-21,0.004470841568225081
2023-02-22,0.0011379341012172084
2023-02-23,-0.0045214713734785805
2023-02-24,-0.0031524720450029076
2023-02-27,-0.00727564874214226
2023-02-28,0.008888188277500486
2023-03-01,0.006785550989129696
2023-03-02,-0.004350406369844073
2023-03-03,-0.0006262203458592408
2023-03-06,0.004176901638073938
2023-03-07,-0.020251536491607824
2023-03-08,0.005267730201995002
2023-03-09,0.00020328071184261276
2023-03-10,-0.013718231331233954
2023-03-13,0.005048660189055809
2023-03-14,-0.00918708940536872
2023-03-15,0.0049668315354325365
2023-03-16,-0.016710757378091246
2023-03-17,0.006963544674829958
2023-03-20,-0.0022137599624912907
2023-03-21,0.013083001603298783
2023-03-22,0.004542975816355321
2023-03-23,0.004167681359991127
2023-03-24,-0.00012846429769119982
2023-03-27,0.0027281786080015635
2023-03-28,-0.008902100720649564
2023-03-29,-0.002798670744210696
2023-03-30,0.00020032966314009748
2023-03-31,0.01001281706157231
2023-04-03,0.012565286324227598
2023-04-04,-0.0012700430760095305
2023-04-06,0.004266137426317096
2023-04-07,0.008572772851427768
2023-04-10,-0.010552187493930054
2023-04-11,0.0022342308987959303
2023-04-12,0.005279732360535361
2023-04-13,-0.007719409510557718
2023-04-14,0.007647120747316105
2023-04-17,-0.001042906218510442
2023-04-18,-0.0022389859189795303
2023-04-19,-0.004501283143955259
2023-04-20,-0.00024076976150011475
2023-04-21,-0.027339068377589593
2023-04-24,-0.00712208072972953
2023-04-25,-0.01814524756817959
2023-04-26,0.0032047151890870484
2023-04-27,0.0013725317690638228
2023-04-28,0.01353915733621247
2023-05-04,0.0015862586619421748
2023-05-05,-0.011927021824601702
2023-05-08,0.007341335433593166
2023-05-09,-0.01355661340629033
2023-05-10,0.002370774546641252
2023-05-11,-0.0007228119686664147
2023-05-12,-0.013073148230512976
2023-05-15,0.007644848359239953
2023-05-16,-0.010571295065638808
2023-05-17,0.0059376743995041
2023-05-18,0.004387198606641052
2023-05-19,0.0028219834136176125
2023-05-22,-0.0009592086560393787
2023-05-23,-0.01023821402609748
2023-05-24,-0.0023392370747294944
2023-05-25,-0.0018702994267763007
2023-05-26,0.006984802230659781
2023-05-29,-0.0018776250176756326
2023-05-30,0.004645157388222909
2023-05-31,-0.00042957018638190014
2023-06-01,0.001997805825843857
2023-06-02,0.007836304109523518
2023-06-05,0.0010075337300143872
2023-06-06,-0.021580771624643447
2023-06-07,-0.00019321054835608198
2023-06-08,-0.0071010391308243825
2023-06-09,0.008239371227414694
2023-06-12,0.005326204242252164
2023-06-13,0.0037971654173405422
2023-06-14,0.003534134710607706
2023-06-15,0.0054471619167704155
2023-06-16,0.008323340698921378
2023-06-19,0.003642807230721745
2023-06-20,9.198752364114604e-05
2023-06-21,-0.021737369913004678
2023-06-26,-0.019460306572899766
2023-06-27,0.013440362601765399
2023-06-28,-0.004881891535267968
2023-06-29,0.006877347789863597
2023-06-30,0.012576289225741277
2023-07-03,0.0016430080097094013
2023-07-04,0.003865590029065169
2023-07-05,-0.008138032763716718
2023-07-06,-0.0026341411347921007
2023-07-07,-0.0069517057271842875
2023-07-10,0.000831934546835722
2023-07-11,0.008046390634357747
2023-07-12,-0.014649245645802278
2023-07-13,0.01007655931177509
2023-07-14,-0.0005884874560589948
2023-07-17,-0.00426304125689958
2023-07-18,-0.0010014332715421181
2023-07-19,-0.0027166370756799285
2023-07-20,-0.012874986212616624
2023-07-21,-0.0011457755055821472
2023-07-24,-0.0011908301299798918
2023-07-25,0.016340064016452827
2023-07-26,-0.006311727209560858
2023-07-27,-0.007697916769103141
2023-07-28,0.009025327184146281
2023-07-31,0.007806552574519232
2023-08-01,-0.0012947200768292921
2023-08-02,-0.0017503424248938027
2023-08-03,0.0005422703142854424
2023-08-04,0.005504570104663431
2023-08-07,-0.0047954025830708735
2023-08-08,-0.005018171558733409
2023-08-09,-0.007783174080489341
2023-08-10,0.0009091140151760158
2023-08-11,-0.019010787646544958
2023-08-14,0.002343022088160618
2023-08-15,-0.009126488808531175
2023-08-16,-0.012030279219972462
2023-08-17,0.009892372189338028
2023-08-18,-0.020887008935317586
2023-08-21,-0.009798193178690906
2023-08-22,0.006937892522363764
2023-08-23,-0.020580372346854836
2023-08-24,0.0023930343269149557
2023-08-25,-0.018193071661074756
2023-08-28,0.007337081708829851
2023-08-29,0.031508291980612446
2023-08-30,0.005053006757231859
2023-08-31,-0.005754617157900488
2023-09-01,0.00047577973496792936
2023-09-04,0.014992583507504875
2023-09-05,-0.0050203893122342524
2023-09-06,0.0044977804402754895
2023-09-07,-0.018060788753844204
2023-09-08,0.003123043217976962
2023-09-11,0.013134806010197453
2023-09-12,0.0003174532161671628
2023-09-13,-0.01317286824738717
2023-09-14,-0.005640361669744576
2023-09-15,0.001705485138191687
2023-09-18,0.0008070322414150954
2023-09-19,-0.008699518071196066
2023-09-20,-0.008039042542833719
2023-09-21,-0.007169842972515772
2023-09-22,0.01940582899658394
2023-09-25,-0.004547386930899733
2023-09-26,-0.005190203434194074
2023-09-27,0.006329119623948332
2023-09-28,0.007438506789913868
2023-10-09,-0.0031222194496285383
2023-10-10,-0.0027200651700123313
2023-10-11,0.0026342100553429226
2023-10-12,0.007435453937743697
2023-10-13,-0.0037005755697339104
2023-10-16,-0.009455387851537211
2023-10-17,-0.0021561794603423
2023-10-18,-0.017194433787786623
2023-10-19,-0.011021685025901395
2023-10-20,-0.011735884535935659
2023-10-23,-0.023584387425705455
2023-10-24,0.014399527985861749
2023-10-25,0.010417684597513688
2023-10-26,0.005673549078019091
2023-10-27,0.018064722875784867
2023-10-30,0.015191091258079936
2023-10-31,-0.006196193091648872
2023-11-01,-0.0018299338990719338
2023-11-02,-0.012280273464542968
2023-11-03,0.014939084627682897
2023-11-06,0.020659475953041184
2023-11-07,0.0033112720194530265
2023-11-08,0.003626235333956229
2023-11-09,-0.006229872637410927
2023-11-10,-0.001989052751696474
2023-11-13,0.009210111365772766
2023-11-14,0.006077660012525188
2023-11-15,0.004090631421688862
2023-11-16,-0.010007188670029699
2023-11-17,0.008799996029389412
2023-11-20,0.008718472968520352
2023-11-21,-0.00658064710917261
2023-11-22,-0.012741952230516884
2023-11-23,0.010525943513440161
2023-11-24,-0.013250207256099045
2023-11-27,-0.0006610843510141962
2023-11-28,0.005225854311681877
2023-11-29,-0.004872868440528255
2023-11-30,-0.005368400975829135
2023-12-01,0.008141372807413783
2023-12-04,-0.002554367002819413
2023-12-05,-0.01991895319250514
2023-12-06,0.005206971671379401
2023-12-07,-0.0004935751889387774
2023-12-08,-0.0029376180401958774
2023-12-11,0.011983071868929995
2023-12-12,0.0006436623480619019
2023-12-13,-0.009777413843046423
2023-12-14,-0.0046001421600551096
2023-12-15,-0.006719446807046947
2023-12-18,-0.01589406129978188
2023-12-19,0.0011160481810739142
2023-12-20,-0.01743478630211559
2023-12-21,0.006526238822360142
2023-12-22,-0.011209533788407167
2023-12-25,0.0003168344722044303
2023-12-26,-0.014668989743860772
2023-12-27,0.007886685588898823
2023-12-28,0.019200038004546505
2023-12-29,0.014074157021848999
2024-01-02,-0.0055179723588407725
2024-01-03,-0.0052447334466612094
2024-01-04,-0.007044470895715249
2024-01-05,-0.01853814847980262
2024-01-08,-0.02329792945291287
2024-01-09,0.0017550048258574424
2024-01-10,-0.007425291990614258
2024-01-11,0.017968988992626
2024-01-12,-0.006526742127487051
2024-01-15,-0.00271174456308354
2024-01-16,-0.003579880187992268
2024-01-17,-0.027142016965112203
2024-01-18,-0.002912849470681933
2024-01-19,-0.012364127832907301
2024-01-22,-0.057688599227938564
2024-01-23,0.015756953000795715
2024-01-24,0.012555300517370194
2024-01-25,0.03359391413607127
2024-01-26,-0.00873376540928228
2024-01-29,-0.026285443566113065
2024-01-30,-0.028567464065505255
2024-01-31,-0.04004843018574711
2024-02-01,-0.007228394710839914
2024-02-02,-0.03700174208982865
2024-02-05,-0.06155629788488326
2024-02-06,0.06973446388417437
2024-02-07,0.04472589804244542
2024-02-08,0.0406972246043098
2024-02-19,0.007306376077120591
2024-02-20,0.0032658750985492535
2024-02-21,0.005443902918901067
2024-02-22,0.015384345201493899
2024-02-23,0.014390935919809333
2024-02-26,0.005688553181996792
2024-02-27,0.02638012334826434
2024-02-28,-0.044861098581836845
2024-02-29,0.037374099434052566
2024-03-01,0.010727490217612434
2024-03-04,0.004886430232815986
2024-03-05,-0.009801144203390844
2024-03-06,0.001177087437690183
2024-03-07,-0.014528049801812992
2024-03-08,0.012651668970085295
2024-03-11,0.017926803169813876
2024-03-12,0.00543474055524551
2024-03-13,0.0046264294449813725
2024-03-14,-0.006363468993480059
2024-03-15,0.012575642522305142
2024-03-18,0.016625884717383466
2024-03-19,-0.007177092072950142
2024-03-20,0.00921600119725885
2024-03-21,-0.0001545284004380587
2024-03-22,-0.011027133089256846
2024-03-25,-0.023199780667393255
2024-03-26,-0.0033503282024908154
2024-03-27,-0.03331978400470925
2024-03-28,0.022028222615241955
2024-03-29,0.01096644530452906
2024-04-01,0.02164855079621897
2024-04-02,-0.005037456271575036
2024-04-03,-0.005446667091661084
2024-04-08,-0.018362652516129008
2024-04-09,0.012777257152279509
2024-04-10,-0.018625116017157994
2024-04-11,0.002396753465282231
2024-04-12,-0.007648094385426463
2024-04-15,-0.009601033137001003
2024-04-16,-0.0417685332693839
2024-04-17,0.04357829504206512
2024-04-18,-0.00013940540747359176
2024-04-19,-0.004223810487229862
2024-04-22,-0.0034775734947100068
2024-04-23,-0.005271381776776662
2024-04-24,0.016706008976611786
2024-04-25,0.0015793104004617753
2024-04-26,0.019185579337243297
2024-04-29,0.02387337196019179
2024-04-30,-0.008620789461278977
2024-05-06,0.019902262335185883
2024-05-07,0.003298505882527447
2024-05-08,-0.015763841155935876
2024-05-09,0.016285308816838873
2024-05-10,-0.009346851744156726
2024-05-13,-0.00958485402114595
2024-05-14,0.005591812554541553
2024-05-15,-0.009806085374124307
2024-05-16,-0.0015078307823448434
2024-05-17,0.013533563638629342
2024-05-20,0.006029985093195078
2024-05-21,-0.010726262249639018
2024-05-22,0.0005264826460211758
2024-05-23,-0.022895991246538183
2024-05-24,-0.011586632684896125
2024-05-27,0.010188300335583822
2024-05-28,-0.010470031930854273
2024-05-29,0.000602670594942456
2024-05-30,-0.0031687161682002474
2024-05-31,0.003920686213164215
2024-06-03,-0.013180865235553174
2024-06-04,0.005503589697476219
2024-06-05,-0.013102507702718924
2024-06-06,-0.021589237749021217
2024-06-07,0.0044275928057648795
2024-06-11,0.008797038381056055
2024-06-12,0.003373602571147938
2024-06-13,-0.006944630154602227
2024-06-14,8.022800970231003e-05
2024-06-17,0.0006401704743186354
2024-06-18,0.008350051865677166
2024-06-19,-0.012867118649022347
2024-06-20,-0.020127191996037963
2024-06-21,-0.00015929152887284026
2024-06-24,-0.033144385011717126
2024-06-25,-0.00821772351725536
2024-06-26,0.028627154994668835
2024-06-27,-0.024526470976292014
2024-06-28,0.006558560699642335
2024-07-01,0.009040097717581741
2024-07-02,-0.007003171966843413
2024-07-03,-0.007851579781573026
2024-07-04,-0.02162764170427567
2024-07-05,0.010274518319281167
2024-07-08,-0.02428478592691319
2024-07-09,0.021964076083399675
2024-07-10,-0.004040326004446815
2024-07-11,0.024261243690637535
2024-07-12,-0.003182670929273046
2024-07-15,-0.010335588039367405
2024-07-16,0.001888328705121456
2024-07-17,-0.008496421871490356
2024-07-18,0.0035037570504907745
2024-07-19,0.0018694104468675032
2024-07-22,0.0011300813761878636
2024-07-23,-0.027330084396490872
2024-07-24,-0.013619179320770725
2024-07-25,0.000335909365451581
2024-07-26,0.015005353295830526
2024-07-29,-0.0034951128011433408
2024-07-30,0.00359517152566613
2024-07-31,0.0396788179134151
2024-08-01,-0.002207306580151336
2024-08-02,-0.01402128902162203
2024-08-05,-0.02725921477066906
2024-08-06,0.015211523408700467
2024-08-07,-0.0013761417865203462
2024-08-08,-0.0008257139905679667
2024-08-09,-0.007753571463008591
2024-08-12,-0.006090825288794455
2024-08-13,0.005024302316742446
2024-08-14,-0.01028345240655315
2024-08-15,0.009156668269209245
2024-08-16,-0.007715378301818454
2024-08-19,0.0017100079389544831
2024-08-20,-0.018077832845489028
2024-08-21,-0.006778256984505626
2024-08-22,-0.012405875085010343
2024-08-23,0.0007802371910372585
2024-08-26,0.003903839259105535
2024-08-27,-0.011791305488519366
2024-08-28,0.0024373945566187327
2024-08-29,0.016086074060550182
2024-08-30,0.019120857256382573
2024-09-02,-0.020911280804878474
2024-09-03,0.008799199649554224
2024-09-04,-0.0047299698604473805
2024-09-05,0.007913298710765293
2024-09-06,-0.017125996393156817
2024-09-09,-0.007252649882555917
2024-09-10,0.002691077026270472
2024-09-11,-0.00034960971687281184
2024-09-12,-0.0038481218462762534
2024-09-13,-0.01243228550197295
2024-09-18,-0.003184546533625432
2024-09-19,0.018899495927970467
2024-09-20,-0.004220736498384059
2024-09-23,0.0012942054970697114
2024-09-24,0.038805091618897336
2024-09-25,0.009413065560821998
2024-09-26,0.04009034158253
2024-09-27,0.05381649381230358
2024-09-30,0.11143611350490001
2024-10-08,0.08638547002082286
2024-10-09,-0.07652475286381677
2024-10-10,-0.012719637949638374
2024-10-11,-0.042049862395278303
2024-10-14,0.03673760479885613
2024-10-15,-0.01933497363480674
2024-10-16,0.0031011902688853343
2024-10-17,-0.0033741565785184724
2024-10-18,0.04428555291798575
2024-10-21,0.019330076328729406
2024-10-22,0.004819274353654812
2024-10-23,0.002507040975375796
2024-10-24,-0.007105250048093703
2024-10-25,0.019325113199277988
2024-10-28,0.017938199088100015
2024-10-29,-0.01615420639199261
2024-10-30,0.005934453689275365
2024-10-31,0.01616720165269747
2024-11-01,-0.030479248881972176
2024-11-04,0.020720892887848175
2024-11-05,0.03525966711071371
2024-11-06,0.004252903550974185
2024-11-07,0.017594279203214658
2024-11-08,0.002998820643770106
2024-11-11,0.024269149376385135
2024-11-12,-0.013228914510390877
2024-11-13,-0.002707682532779754
2024-11-14,-0.031231185015444196
2024-11-15,-0.023385527905870118
2024-11-18,-0.024643651863519134
2024-11-19,0.026065059612112584
2024-11-20,0.01965946182467726
2024-11-21,0.0018176065029982258
2024-11-22,-0.03699618617486311
2024-11-25,0.003588515437274342
2024-11-26,-0.011658509509224424
2024-11-27,0.022919350988442
2024-11-28,-0.005324430648548706
2024-11-29,0.016930817859730052
2024-12-02,0.020112705383550367
2024-12-03,-0.0016364494740461755
2024-12-04,-0.01559998374178706
2024-12-05,0.012998649077426094
2024-12-06,0.010185247688418997
2024-12-09,-0.00729949067354585
2024-12-10,0.009320270340225312
2024-12-11,0.013416194223712097
2024-12-12,0.006633878746052035
2024-12-13,-0.02082498766784191
2024-12-16,-0.01219075415134907
2024-12-17,-0.021277937920733736
2024-12-18,0.008451265731020063
2024-12-19,0.0018267820663764311
2024-12-20,0.010401975697136301
2024-12-23,-0.027962181292465416
2024-12-24,0.011150746099165332
2024-12-25,-0.011302697173534826
2024-12-26,0.010790579453256788
2024-12-27,0.0018040072969973675
2024-12-30,-0.004154100095157487
2024-12-31,-0.030623658461342185
2025-01-02,-0.026961367014869397
2025-01-03,-0.029649363672008544
2025-01-06,-0.0030531487807831104
2025-01-07,0.014979687000493458
2025-01-08,-0.005316493679507928
2025-01-09,0.001942905121716798
2025-01-10,-0.02253988503272719
2025-01-13,0.002625233732133525
2025-01-14,0.04525285447495242
2025-01-15,-0.006106223922009435
2025-01-16,0.0044556980505598975
2025-01-17,0.006940972644241761
2025-01-20,0.006432806321065909
2025-01-21,0.004911237586320949
2025-01-22,-0.00884967720337737
2025-01-23,-0.00456072216193093
2025-01-24,0.018716175027936544
2025-01-27,-0.015503449478144748
2025-02-05,0.006049877690453398
2025-02-06,0.027271755339503212
2025-02-07,0.015263710419570087
2025-02-10,0.012470153305615295
2025-02-11,-0.0032804195301892047
2025-02-12,0.015255920354676933
2025-02-13,-0.011474680523966274
2025-02-14,0.005849129773394912
2025-02-17,0.005237984779401739
2025-02-18,-0.022196344739396134
2025-02-19,0.023833883250425236
2025-02-20,0.007296666676738006
2025-02-21,0.018125369538901204
2025-02-24,0.002294166096999062
2025-02-25,-0.004423730823379657
2025-02-26,0.013826165791853251
2025-02-27,-0.0038126997528679096
2025-02-28,-0.03525047141484894
2025-03-03,0.0005185140271177779
2025-03-04,0.013382565761070664
2025-03-05,0.006387492617725865
2025-03-06,0.02137059005472919
2025-03-07,-0.004163231877184481
2025-03-10,0.0020295755938923854
2025-03-11,0.004717333189182993
2025-03-12,0.002325155411908364
2025-03-13,-0.015245544294498425
2025-03-14,0.01613146825450995
2025-03-17,0.0027993185445631674
2025-03-18,0.003393364858426562
2025-03-19,-0.007146117161045851
2025-03-20,-0.004511158942526516
2025-03-21,-0.019808747350293032
2025-03-24,-0.007067210294224857
2025-03-25,-0.007794723339684895
2025-03-26,0.00382578077985829
2025-03-27,-0.0009694221748487442
2025-03-28,-0.009550850074813155
2025-03-31,-0.006648127519434444
2025-04-01,0.005273302069003893
2025-04-02,0.0028388123634093265
2025-04-03,-0.011788006069470058
2025-04-07,-0.11394244990978131
2025-04-08,0.006108714641926527
2025-04-09,0.02211771825951625
2025-04-10,0.02339831414310667
2025-04-11,0.013415360993985326
2025-04-14,0.013022203520064668
2025-04-15,-0.004125198605674396
2025-04-16,-0.01330406146497154
2025-04-17,0.0007224761916513334
2025-04-18,-0.0013489020986653388
2025-04-21,0.020740225268266688
2025-04-22,-0.0005585927340375774
2025-04-23,0.0059285843844507635
2025-04-24,-0.010711806785277722
2025-04-25,0.0032133387346993114
2025-04-28,-0.010513591703250613
2025-04-29,0.004479214986631286
2025-04-30,0.007916768105708627
2025-05-06,0.025681041661551163
2025-05-07,0.001404654993056642
2025-05-08,0.007622161688566331
2025-05-09,-0.01234081598259884
2025-05-12,0.014037775914782724
2025-05-13,-0.0026673538862981294
2025-05-14,0.0015216851060781966
2025-05-15,-0.01677399328809759
2025-05-16,0.0018294097226470019
2025-05-19,0.0044858070869271405
2025-05-20,0.008314503501849035
2025-05-21,-0.002251165413383327
2025-05-22,-0.010775579043990735
2025-05-23,-0.012599175902565984
2025-05-26,0.006529719674950085
2025-05-27,-0.0033715244931314947
2025-05-28,-0.003995067022083187
2025-05-29,0.017565858161503245
2025-05-30,-0.010348418571809681
2025-06-03,0.007214148342629123
2025-06-04,0.008753686633333091
2025-06-05,0.0071601614326692875
2025-06-06,-0.002297756731542755
2025-06-09,0.010746102705080585
2025-06-10,-0.00920921921444895
2025-06-11,0.004028163108902083
2025-06-12,0.000922620018433129
2025-06-13,-0.013922583499940244
2025-06-16,0.006788674034393205
2025-06-17,-0.0009746464393424192
2025-06-18,-0.0009904146050804252
2025-06-19,-0.01420636009556242
2025-06-20,-0.008040855892199605
2025-06-23,0.013106059189297303
2025-06-24,0.0191575089453786
2025-06-25,0.013156060391310787
2025-06-26,-0.004520659866822485
2025-06-27,0.00466505681768159
2025-06-30,0.012624628256203918
2025-07-01,0.0027668499638295874
2025-07-02,-0.010085745356369191
2025-07-03,0.005254677177468636
2025-07-04,-0.004799485639886747
2025-07-07,0.0023672266481686854
2025-07-08,0.01273223174012772
2025-07-09,-0.0026892810921663735
2025-07-10,0.0025197225460336092
2025-07-11,0.008511890071808637
2025-07-14,0.00018656266827155044
2025-07-15,-0.0030130270389121527
2025-07-16,0.0029845561751242755
2025-07-17,0.011390836022489914
2025-07-18,0.0025097345394342607
2025-07-21,0.009185610400834765
2025-07-22,0.0037573543891331607
2025-07-23,-0.0045024911845957805
2025-07-24,0.014211725960388666
2025-07-25,0.0008192361873835541
2025-07-28,0.0034845027065686374
2025-07-29,0.006523839078844018
2025-07-30,-0.008178822894864046
2025-07-31,-0.008528072390877384
2025-08-01,0.0013940159787155793
2025-08-04,0.010377316627668831
2025-08-05,0.007090381675511237
2025-08-06,0.010877158160864653
2025-08-07,0.00012251306387001115
2025-08-08,-0.003500331681776103
2025-08-11,0.015473046219844466
2025-08-12,0.0028333207996167342
2025-08-13,0.014464176703724574
2025-08-14,-0.012435199304494882
2025-08-15,0.02021266432427482
2025-08-18,0.016874026668546094
2025-08-19,0.0007250467965782548
2025-08-20,0.00864465026706207
2025-08-21,-0.0071341696108909725
2025-08-22,0.015109819225560095
2025-08-25,0.015590023310798395
2025-08-26,-0.00016860736309209923
2025-08-27,-0.018720552937087742
2025-08-28,0.015076186972770023
2025-08-29,-0.0011324392800369232
2025-09-01,0.008398214160860062
2025-09-02,-0.02496496436418938
2025-09-03,-0.014630615335023744
2025-09-04,-0.022994901618812347
2025-09-05,0.02904532245451108
2025-09-08,0.00902157109897539
2025-09-09,-0.011627164709102855
2025-09-10,0.0005729427248113428
2025-09-11,0.023473535427490422
2025-09-12,0.0031080211052998408
2025-09-15,-0.0009852369518242865
2025-09-16,0.009177593887542912
2025-09-17,0.009512003816544379
2025-09-18,-0.010378881011275931
2025-09-19,-0.005111188510195208
2025-09-22,0.006895455610046675
2025-09-23,-0.010869822389767525
2025-09-24,0.017029160810608568
2025-09-25,-0.003677871304646918
2025-09-26,-0.014510466938015054
2025-09-29,0.013550549318133376
2025-09-30,0.010287282022955146
2025-10-09,0.009648786275935795
2025-10-10,-0.01493611648027049
2025-10-13,-0.0018657865217672764
2025-10-14,-0.019496809713539398
2025-10-15,0.014959246331575748
2025-10-16,-0.010905599810996258
2025-10-17,-0.02923049850797177
2025-10-20,0.007474297360950732
2025-10-21,0.014485374699318765
2025-10-22,-0.004335048627413407
2025-10-23,-0.0005621829788805544
2025-10-24,0.015207237471543955
2025-10-27,0.010263578111123994
2025-10-28,-0.0021562740402155667
2025-10-29,0.012019433574699923
2025-10-30,-0.011101981908854142
2025-10-31,0.002884376139599798
2025-11-03,0.004188698948000225
2025-11-04,-0.013582568316987564
2025-11-05,0.003917893315879439
2025-11-06,0.011650139817699579
2025-11-07,-0.0013178130508474384
2025-11-10,0.002834241020605255
2025-11-11,-0.002969952018664901
2025-11-12,-0.007216006914924522
2025-11-13,0.013918575776698194
2025-11-14,-0.011569556319458885
2025-11-17,0.002708217900761589
2025-11-18,-0.009966016825192603
2025-11-19,-0.008175547357999524
2025-11-20,-0.006334815192163834
2025-11-21,-0.03715170312379468
2025-11-24,0.012550824504085512
2025-11-25,0.013070606575910304
2025-11-26,-0.00020664978369289155
2025-11-27,0.0012423485526675826
2025-11-28,0.010576119393936212
2025-12-01,0.0071543359334271805
2025-12-02,-0.009950761242420447
2025-12-03,-0.008874937817731188
2025-12-04,5.2881554974293365e-05
2025-12-05,0.012945169859251093
2025-12-08,0.010970906827223903
2025-12-09,-0.005720387406453198
2025-12-10,0.0037477524642868243
2025-12-11,-0.012992133992992927
2025-12-12,0.008061602666259882
2025-12-15,-0.0083929711232551
2025-12-16,-0.01743824716593856
2025-12-17,0.014915631849081512
2025-12-18,-0.002241265786133928
2025-12-19,0.007893306343994322
2025-12-22,0.010715577358346495
2025-12-23,-0.0021500607530789972
2025-12-24,0.01541592520901558
2025-12-25,0.009724752328731823
2025-12-26,0.003450256235368876
2025-12-29,-0.0014952804274689369
2025-12-30,0.0004136732744877136
2025-12-31,-0.0002651600259513387
2026-01-05,0.020880784650002315
2026-01-06,0.014318431546529009
2026-01-07,0.0052786789472836215
2026-01-08,0.008242542449397039
2026-01-09,0.01976950968380997
2026-01-12,0.02802589106401121
2026-01-13,-0.01841304331463889
2026-01-14,0.006587593054541152
2026-01-15,-0.0019857283818588423
2026-01-16,-0.0009763401988728271
2026-01-19,0.003998297381161198
2026-01-20,-0.010028737983002411
2026-01-21,0.007934689749006463
2026-01-22,0.007476745156862252
2026-01-23,0.019423695651797024
2026-01-26,-0.012432119597337032
2026-01-27,0.001998557277568924
2026-01-28,0.002104530825032702
2026-01-29,-0.008046280850370291
2026-01-30,-0.009282823000538398
2026-02-02,-0.03385060314103694
2026-02-03,0.02929907852096192
2026-02-04,-0.00024128098801567965
2026-02-05,-0.016941825502423846
2026-02-06,-0.002045406930749616
2026-02-09,0.022629624403138537
2026-02-10,0.0020065879111659246
2026-02-11,-0.0013074797121621629
2026-02-12,0.009141219875494988
2026-02-13,-0.013229707750446296
2026-02-24,0.011571367955560463
2026-02-25,0.01524872284119172
2026-02-26,0.0076291682522717785
2026-02-27,0.00827101228552607
2026-03-02,-0.009797901568879386
2026-03-03,-0.03946119867193032
2026-03-04,-0.005887107397526847
2026-03-05,0.009463330263889791
2026-03-06,0.009513690376376172
2026-03-09,-0.005453870826635399
2026-03-10,0.017823408119634898
2026-03-11,0.0016091563855795687
2026-03-12,-0.003302243496289825
2026-03-13,-0.014589316834814348
2026-03-16,-0.0003580223085797307
2026-03-17,-0.02332074023817532
2026-03-18,0.009568487437724649
2026-03-19,-0.02314065414265265
2026-03-20,-0.015905433475399744
2026-03-23,-0.048092869542359584
2026-03-24,0.025880326087349692
2026-03-25,0.019777243799972144
2026-03-26,-0.014424215025093834
2026-03-27,0.013998119375244311
2026-03-30,0.0027906179005336984
2026-03-31,-0.0190629676237688
2026-04-01,0.01893766863110158
2026-04-02,-0.0181263441180477
2026-04-03,-0.01138818751193027
2026-04-07,0.009210612334615176
2026-04-08,0.04598357042765322
2026-04-09,-0.004314089887282324
2026-04-10,0.009693368502835975
2026-04-13,0.003418305445503478
2026-04-14,0.014851252229685308
2026-04-15,-0.004738947442811781
2026-04-16,0.015644735365970552
2026-04-17,0.009043222411939
2026-04-20,0.00606418146267762
2026-04-21,-0.0007966078306671509
2026-04-22,0.015576729736577644
2026-04-23,-0.013971955066898967
2026-04-24,-0.007007152990355925
