指标名称,制造业PMI,固定资产投资(不含农户)完成额:累计同比,社会消费品零售总额:当月同比,进出口金额(人民币计价):中国:当月同比,CPI:当月同比,PPI:当月同比,中债国债到期收益率:10年:月:平均值,中债中短期票据到期收益率(AA):3年:月:平均值,中债国开债到期收益率:3年:月:平均值,美国:美元指数:月:平均值,M2(货币和准货币):同比,社会融资规模增量:当月同比
2013-01,50.40,,,,2.03,-1.64,3.5935,5.1860,3.8891,79.8683,15.90,160.88
2013-02,50.10,21.20,,,3.22,-1.63,3.5874,4.9706,3.7735,80.6000,15.20,2.63
2013-03,50.90,20.90,12.60,,2.07,-1.92,3.5789,5.0226,3.8381,82.6390,15.70,36.36
2013-04,50.60,20.60,12.80,,2.39,-2.62,3.4602,4.8747,3.7670,82.5191,16.10,82.92
2013-05,50.80,20.40,12.89,,2.10,-2.87,3.4244,4.8805,3.7318,83.2130,15.80,3.84
2013-06,50.10,20.10,13.31,,2.67,-2.70,3.5146,5.1600,4.0043,81.8610,14.00,-41.72
2013-07,50.30,20.10,13.21,,2.67,-2.27,3.6344,5.3431,4.1166,82.8022,14.50,-22.15
2013-08,51.00,20.30,13.37,,2.57,-1.62,3.9130,5.7629,4.4116,81.4932,14.70,26.98
2013-09,51.10,20.20,13.30,,3.05,-1.34,4.0485,5.8750,4.7224,81.2248,14.20,-14.23
2013-10,51.40,20.10,13.32,,3.21,-1.51,4.1133,5.9738,4.8968,79.8787,14.30,-33.01
2013-11,51.40,19.90,13.72,,3.02,-1.42,4.4633,6.6612,5.3930,80.8000,14.20,9.67
2013-12,51.00,19.60,13.60,,2.50,-1.36,4.5492,7.1459,5.6138,80.3314,13.60,-23.03
2014-01,50.50,,,,2.49,-1.60,4.5624,7.1806,5.6831,80.7973,13.20,2.19
2014-02,50.20,17.90,,,1.95,-2.02,4.4823,6.8431,5.3443,80.4403,13.30,-12.47
2014-03,50.30,17.60,12.24,,2.38,-2.30,4.5048,6.6115,5.2257,79.8711,12.10,-17.92
2014-04,50.40,17.30,11.94,,1.80,-2.00,4.3862,6.5474,5.2131,79.8635,13.20,-13.44
2014-05,50.80,17.20,12.51,,2.48,-1.45,4.1830,6.2206,4.9102,79.9645,13.40,18.04
2014-06,51.00,17.30,12.43,,2.34,-1.11,4.0524,6.0200,4.6147,80.4256,14.70,89.62
2014-07,51.70,17.00,12.22,,2.29,-0.87,4.2070,6.0374,4.7762,80.5327,13.50,-66.59
2014-08,51.10,16.50,11.90,,1.99,-1.20,4.2466,5.8858,4.7214,81.8659,12.80,-39.54
2014-09,51.10,16.10,11.57,,1.63,-1.80,4.1561,5.7734,4.6228,84.3758,12.90,-19.58
2014-10,50.80,15.90,11.52,,1.60,-2.24,3.8414,5.5865,4.2488,85.6584,12.60,-21.26
2014-11,50.30,15.80,11.72,,1.44,-2.69,3.5851,5.0600,3.8064,87.7500,12.30,-6.91
2014-12,50.10,15.70,11.89,,1.51,-3.32,3.6827,5.6726,4.0586,89.1697,12.20,35.21
2015-01,49.80,,,,0.76,-4.32,3.5368,5.4184,3.8408,92.8467,10.80,-21.10
2015-02,49.90,13.90,,,1.43,-4.80,3.3936,5.1958,3.6469,94.4156,12.50,45.25
2015-03,50.10,13.50,10.20,,1.38,-4.56,3.4983,5.3230,3.8406,97.8490,11.60,-40.61
2015-04,50.10,12.00,10.00,,1.51,-4.57,3.5270,5.3601,3.8350,97.5815,10.10,-30.65
2015-05,50.20,11.40,10.13,,1.23,-4.61,3.4362,4.9867,3.5059,95.2719,10.80,-11.53
2015-06,50.20,11.40,10.63,,1.39,-4.81,3.6013,5.0034,3.5761,95.1915,11.80,-6.55
2015-07,50.00,11.20,10.51,,1.65,-5.37,3.4968,4.7974,3.4290,96.8877,13.30,174.41
2015-08,49.70,10.90,10.79,,1.96,-5.90,3.4710,4.6828,3.3105,96.3848,13.30,15.88
2015-09,49.80,10.30,10.90,,1.60,-5.90,3.3149,4.5807,3.3160,95.8005,13.10,19.52
2015-10,49.80,10.20,11.02,,1.27,-5.90,3.0824,4.3389,3.1653,95.7195,13.50,-17.83
2015-11,49.60,10.20,11.17,,1.49,-5.90,3.1162,4.3186,3.1690,99.0488,13.70,-10.51
2015-12,49.70,10.00,11.10,,1.64,-5.90,2.9387,4.2279,2.9005,98.3542,13.30,6.90
2016-01,49.40,,,-8.55,1.75,-5.30,2.8232,3.9824,2.7636,98.9966,14.00,69.41
2016-02,49.00,10.20,,-11.53,2.28,-4.90,2.8495,3.9267,2.8472,97.0880,13.30,-38.92
2016-03,50.20,10.70,10.50,-2.82,2.30,-4.30,2.8555,3.7536,2.7528,96.2765,13.40,92.48
2016-04,50.10,10.50,10.10,-2.97,2.33,-3.40,2.9063,3.9585,2.9251,94.4277,12.80,-26.20
2016-05,50.10,9.60,10.00,-2.93,2.04,-2.80,2.9277,4.2039,2.9885,94.6020,11.80,-45.39
2016-06,50.00,9.00,10.60,-7.16,1.88,-2.60,2.9465,4.1223,2.9445,94.6184,11.80,-10.36
2016-07,49.90,8.10,10.20,-11.69,1.77,-1.70,2.8137,3.7963,2.7711,96.5129,10.20,-36.21
2016-08,50.40,8.10,10.60,0.22,1.34,-0.80,2.7169,3.4256,2.7439,95.3766,11.40,31.60
2016-09,50.40,8.20,10.70,4.14,1.92,0.10,2.7502,3.2984,2.7865,95.4638,11.50,26.12
2016-10,51.20,8.30,10.00,-7.35,2.10,1.20,2.6895,3.1889,2.7350,97.6995,11.60,58.48
2016-11,51.70,8.30,10.80,-7.54,2.25,3.30,2.8271,3.4346,2.8669,99.7549,11.40,78.72
2016-12,51.40,8.10,10.90,-4.63,2.08,5.50,3.1478,4.4386,3.5259,102.0438,11.30,-9.48
2017-01,51.30,,,-1.26,2.55,6.90,3.2316,4.3864,3.5808,101.2309,10.70,8.52
2017-02,51.60,8.90,,24.33,0.80,7.80,3.3711,4.6131,3.8415,100.7041,10.40,33.00
2017-03,51.80,9.20,10.90,17.81,0.92,7.60,3.3288,4.7511,3.9519,100.7718,10.10,6.44
2017-04,51.20,8.90,10.70,-0.13,1.17,6.40,3.3830,4.8907,3.9999,100.0276,9.80,150.45
2017-05,51.20,8.60,10.70,7.67,1.52,5.50,3.6182,5.4698,4.2720,98.2466,9.10,163.12
2017-06,51.70,8.60,11.00,13.41,1.50,5.50,3.5699,5.3401,4.1940,96.9564,9.10,57.08
2017-07,51.40,8.30,10.40,9.25,1.41,5.50,3.5869,4.9099,4.0303,94.9285,8.90,342.23
2017-08,51.70,7.80,10.10,5.77,1.77,6.30,3.6243,5.0154,4.1529,93.1636,8.60,40.27
2017-09,52.40,7.50,10.30,8.34,1.63,6.90,3.6216,5.0928,4.2403,92.3346,9.00,48.63
2017-10,51.60,7.30,10.00,5.42,1.87,6.90,3.7382,5.0870,4.3218,93.7095,8.90,78.93
2017-11,51.80,7.20,10.20,1.88,1.73,5.80,3.9199,5.4473,4.5840,93.9674,9.10,25.25
2017-12,51.60,7.20,9.40,-9.14,1.85,4.90,3.8949,5.7147,4.7337,93.3865,8.10,10.40
2018-01,51.30,,,45.99,1.47,4.30,3.9375,5.7789,4.8377,90.7590,8.60,-16.71
2018-02,50.30,7.90,,-0.79,2.90,3.70,3.8726,5.7956,4.7446,89.7115,8.80,9.13
2018-03,51.50,7.50,10.10,-1.69,2.06,3.10,3.7932,5.6217,4.6288,89.8771,8.20,-32.90
2018-04,51.40,7.00,9.40,8.55,1.80,3.40,3.6489,5.1736,4.2306,90.2913,8.30,13.72
2018-05,51.90,6.10,8.50,18.24,1.75,4.10,3.6638,5.3531,4.2472,93.3565,8.30,-36.93
2018-06,51.50,6.00,9.00,-1.35,1.85,4.70,3.6077,5.5041,4.2052,94.3699,8.00,-21.30
2018-07,51.20,5.50,8.80,20.63,2.06,4.60,3.5085,5.2352,3.8257,94.5902,8.50,-13.24
2018-08,51.30,5.30,9.00,14.11,2.30,4.10,3.5677,4.9044,3.6637,95.4772,8.20,17.54
2018-09,50.80,5.40,9.20,8.94,2.47,3.60,3.6401,5.0505,3.7208,94.7736,8.30,-9.35
2018-10,50.20,5.70,8.60,16.37,2.54,3.30,3.5661,4.8970,3.5816,95.8711,8.00,-39.87
2018-11,50.00,5.90,8.10,-0.73,2.18,2.70,3.4298,4.7044,3.4295,96.7700,8.00,-29.75
2018-12,49.40,5.90,8.16,-22.13,1.86,0.90,3.2963,4.4842,3.3342,96.8929,8.10,6.67
2019-01,49.50,,,-4.83,1.74,0.10,3.1205,4.2143,3.0678,95.9668,8.40,48.93
2019-02,49.20,6.10,,-21.95,1.49,0.10,3.1182,4.1055,3.0130,96.5017,8.00,-19.89
2019-03,50.50,6.30,8.70,-5.38,2.28,0.40,3.1349,4.2037,3.1618,96.7727,8.60,73.20
2019-04,50.10,6.10,7.20,6.99,2.54,0.90,3.3374,4.3183,3.3769,97.3607,8.50,-24.88
2019-05,49.40,5.60,8.60,-16.21,2.74,0.60,3.3064,4.1752,3.3110,97.7379,8.50,52.43
2019-06,49.40,5.80,9.80,-7.05,2.68,0.00,3.2352,4.1221,3.2675,96.8043,8.50,28.81
2019-07,49.70,5.70,7.60,-11.57,2.78,-0.30,3.1681,4.0855,3.1380,97.3207,8.10,-29.97
2019-08,49.50,5.50,7.50,-12.57,2.84,-0.80,3.0470,3.9675,3.0720,97.9476,8.20,-8.81
2019-09,49.80,5.40,7.80,-15.71,3.02,-1.20,3.0887,3.9463,3.0759,98.5762,8.40,9.02
2019-10,49.30,5.20,7.20,-15.13,3.76,-1.60,3.2011,3.9643,3.1351,98.1627,8.40,-8.99
2019-11,50.20,5.20,8.00,-0.07,4.49,-1.40,3.2193,3.9521,3.1313,98.0725,8.20,23.62
2019-12,50.20,5.40,8.00,21.98,4.46,-0.50,3.1718,3.8287,2.9917,97.3917,8.70,13.99
2020-01,50.00,,,-29.06,5.38,0.10,3.0916,3.7224,2.9703,97.4059,8.40,8.00
2020-02,35.70,-24.50,,-2.60,5.17,-0.40,2.8305,3.4673,2.7374,98.8797,8.80,-9.60
2020-03,52.00,-16.10,-15.80,2.13,4.27,-1.50,2.6518,3.3314,2.5534,98.8031,10.10,75.11
2020-04,50.80,-10.30,-7.50,-4.33,3.30,-3.10,2.5423,3.1346,1.8711,99.8839,11.10,85.68
2020-05,50.60,-6.30,-2.80,-1.43,2.44,-3.70,2.6810,3.2117,2.0068,99.5914,11.10,86.09
2020-06,50.90,-3.10,-1.80,8.56,2.48,-3.00,2.8270,3.6470,2.6499,97.0943,11.10,32.15
2020-07,51.10,-1.60,-1.10,1.04,2.70,-2.40,2.9492,3.9871,3.0145,95.5898,10.70,31.51
2020-08,51.00,-0.30,0.50,-8.48,2.38,-2.00,2.9861,3.9351,3.1396,93.0284,10.40,63.30
2020-09,51.50,0.80,3.30,8.94,1.72,-2.10,3.1126,4.0436,3.2860,93.4080,10.90,37.99
2020-10,51.40,1.80,4.30,-4.33,0.50,-2.10,3.1926,4.0455,3.2971,93.4073,10.50,60.47
2020-11,52.10,2.60,5.00,-5.20,-0.50,-1.50,3.2550,4.2178,3.3026,92.6039,10.70,7.11
2020-12,51.90,2.90,4.60,-0.81,0.20,-0.40,3.2428,4.4080,3.1552,90.4764,10.10,-25.15
2021-01,51.30,,,41.81,-0.30,0.30,3.1478,4.3318,3.0328,90.2277,9.40,2.67
2021-02,50.60,35.00,,28.68,-0.20,1.70,3.2413,4.4015,3.2431,90.6294,10.10,97.36
2021-03,51.90,25.60,34.20,16.19,0.40,4.40,3.2346,4.3632,3.2197,92.0086,9.40,-34.87
2021-04,51.10,19.90,17.70,12.56,0.90,6.80,3.1846,4.2331,3.1456,91.6391,8.10,-40.15
2021-05,51.00,15.40,12.40,12.46,1.30,9.00,3.1162,4.1040,3.0769,90.3015,8.30,-38.74
2021-06,50.90,12.60,12.10,10.15,1.10,8.80,3.0953,4.0086,3.0905,91.0590,8.60,6.74
2021-07,50.40,10.30,8.50,7.61,1.00,9.00,2.9613,3.8239,2.8504,92.5059,8.30,-36.48
2021-08,50.10,8.90,2.50,18.71,0.80,9.50,2.8546,3.7169,2.7519,92.8003,8.20,-16.62
2021-09,49.60,7.30,4.40,3.43,0.70,10.70,2.8673,3.7970,2.7916,92.9687,8.30,-16.33
2021-10,49.20,6.10,4.90,15.33,1.50,13.50,2.9730,3.9713,2.9158,93.9548,8.70,16.13
2021-11,50.10,5.20,3.90,21.29,2.30,12.90,2.9000,3.8506,2.7870,95.3279,8.50,21.67
2021-12,50.30,4.90,1.70,15.46,1.50,10.30,2.8328,3.7475,2.6808,96.1784,9.00,43.12
2022-01,50.10,,,13.94,0.90,9.10,2.7536,3.5344,2.5076,95.9379,9.80,19.03
2022-02,50.20,12.20,,-1.39,0.90,8.80,2.7779,3.4730,2.5146,96.0059,9.20,-29.42
2022-03,49.50,9.30,-3.53,-22.28,1.50,8.30,2.8068,3.5975,2.6625,98.4644,9.70,37.92
2022-04,47.40,6.80,-11.10,-27.53,2.10,8.00,2.7980,3.4574,2.5632,100.7194,10.50,-49.77
2022-05,49.60,6.20,-6.70,-24.43,2.10,6.40,2.7850,3.2594,2.5372,103.0765,11.10,45.55
2022-06,50.20,6.10,3.10,-13.33,2.50,6.10,2.7830,3.2770,2.5996,103.8740,11.40,40.28
2022-07,49.00,5.70,2.70,-21.49,2.70,4.20,2.7993,3.2468,2.5741,106.9303,12.00,-27.59
2022-08,49.40,5.80,5.40,-28.67,2.50,2.30,2.6670,2.9828,2.3891,107.1356,12.20,-17.33
2022-09,50.10,5.90,2.50,-24.53,2.80,0.95,2.6655,2.9435,2.3277,110.7042,12.10,22.00
2022-10,49.20,5.80,-0.50,-27.13,2.10,-1.30,2.7138,2.9520,2.3387,111.9436,11.80,-43.53
2022-11,48.00,5.30,-5.90,-31.54,1.60,-1.30,2.7751,3.2529,2.5223,108.0963,12.40,-23.65
2022-12,47.00,5.10,-1.80,-20.80,1.80,-0.70,2.8666,3.9656,2.6775,104.5128,11.80,-44.60
2023-01,50.10,,,-51.80,2.10,-0.80,2.8830,3.9268,2.6746,102.7629,12.60,-2.92
2023-02,52.60,5.50,,-17.74,1.00,-1.40,2.9025,3.8940,2.7390,103.6794,12.90,159.74
2023-03,51.90,5.10,10.60,-7.51,0.70,-2.50,2.8688,3.7053,2.7357,103.7932,12.70,15.68
2023-04,49.20,4.70,18.40,1.34,0.10,-3.60,2.8278,3.6090,2.6872,101.7789,12.40,31.33
2023-05,48.80,4.00,12.70,-3.57,0.20,-4.60,2.7165,3.4963,2.5414,102.7625,11.60,-45.24
2023-06,49.00,3.80,3.10,-13.05,0.00,-5.40,2.6661,3.4233,2.4300,103.1012,11.30,-18.61
2023-07,49.30,3.40,2.50,-8.01,-0.30,-4.40,2.6367,3.3578,2.3732,101.4248,10.70,-31.07
2023-08,49.70,3.20,4.60,-3.03,0.10,-3.00,2.5985,3.2459,2.3509,103.0900,10.60,26.57
2023-09,50.20,3.10,5.50,-0.74,0.00,-2.50,2.6453,3.3589,2.4527,105.2529,10.30,16.70
2023-10,49.50,2.90,7.60,4.54,-0.20,-2.60,2.6945,3.3965,2.5179,106.3677,10.30,101.89
2023-11,49.40,2.90,10.10,6.75,-0.50,-3.00,2.6683,3.2833,2.5252,104.4885,10.00,23.78
2023-12,49.00,3.00,7.40,2.03,-0.30,-2.70,2.6174,3.2180,2.4914,102.6303,9.70,47.94
2024-01,49.20,,,51.12,-0.80,-2.50,2.5059,2.9829,2.3874,102.8798,8.70,7.97
2024-02,49.10,4.20,,5.39,0.70,-2.70,2.4077,2.8119,2.2815,104.0999,8.70,-52.68
2024-03,50.80,4.50,3.10,20.81,0.10,-2.80,2.3084,2.7496,2.2302,103.6619,8.30,-10.27
2024-04,50.40,4.20,2.30,18.81,0.30,-2.50,2.2830,2.5925,2.1164,105.4218,7.20,-105.37
2024-05,49.50,4.00,3.70,20.87,0.30,-1.40,2.3041,2.4655,2.0814,104.9509,7.00,32.54
2024-06,49.50,3.90,2.00,6.11,0.20,-0.80,2.2564,2.3279,2.0048,105.1823,6.20,-21.96
2024-07,49.40,3.60,2.70,25.19,0.50,-0.80,2.2390,2.2316,1.9280,104.6193,6.30,43.63
2024-08,49.10,3.40,2.10,16.19,0.60,-1.80,2.1743,2.2107,1.8710,102.2230,6.30,-3.06
2024-09,49.80,3.40,3.20,10.45,0.40,-2.80,2.1045,2.2979,1.8011,101.0844,6.80,-8.93
2024-10,50.10,3.40,4.80,14.63,0.30,-2.90,2.1470,2.5796,1.8638,103.2787,7.50,-23.43
2024-11,50.30,3.30,3.00,-1.66,0.20,-2.50,2.0888,2.4591,1.8089,105.8519,7.10,-5.16
2024-12,50.10,3.20,3.70,1.14,0.10,-2.30,1.8002,2.1395,1.5235,107.2374,7.30,47.66
2025-01,49.10,,,-5.54,0.50,-2.30,1.6379,2.0701,1.4903,108.5864,7.00,8.98
2025-02,50.20,4.10,,17.59,-0.70,-2.20,1.6715,2.1722,1.6018,107.3141,7.00,49.28
2025-03,50.50,4.20,5.90,-2.12,-0.10,-2.50,1.8140,2.3371,1.7359,104.1309,7.00,21.98
2025-04,49.00,4.00,5.10,17.10,-0.10,-2.70,1.6675,2.1531,1.6557,100.6778,8.00,"1,862.77"
2025-05,49.50,3.70,6.40,13.75,-0.10,-3.30,1.6820,2.1327,1.6131,100.0904,7.90,11.04
2025-06,49.70,2.80,4.80,20.40,0.10,-3.60,1.6503,2.0732,1.5962,98.3862,8.30,28.09
2025-07,49.30,1.60,3.70,8.87,0.00,-3.60,1.6768,2.0333,1.6087,97.9498,8.80,46.71
2025-08,49.40,0.50,3.40,4.22,-0.40,-2.90,1.7501,2.0818,1.6714,98.2251,8.80,-15.38
2025-09,49.80,-0.50,3.00,2.71,-0.30,-2.30,1.8588,2.1278,1.7481,97.6931,8.40,-6.21
2025-10,49.00,-1.70,2.90,-4.16,0.20,-2.10,1.8326,2.1601,1.7711,98.7468,8.20,-42.08
2025-11,49.20,-2.60,1.30,7.79,0.70,-2.20,1.8168,2.0632,1.7257,99.7380,8.00,7.03
2025-12,50.10,-3.80,0.90,14.75,0.80,-1.90,1.8442,2.1121,1.7129,98.5220,8.50,-22.64
2026-01,49.30,,,39.35,0.20,-1.40,1.8470,2.1107,1.7106,98.2201,9.00,2.32
2026-02,49.00,1.80,,42.47,1.30,-0.90,1.8054,2.0101,1.6718,97.4414,9.00,6.74
2026-03,50.40,1.70,1.70,69.88,1.00,0.50,1.8094,1.9690,1.6139,99.4725,8.50,-11.35
2026-04,50.30,,,,,,1.7820,1.8810,1.5629,98.7944,,
2026-05,,,,,,,,,,98.2092,,
,,,,,,,,,,,,
数据来源：同花顺iFinD,,,,,,,,,,,,
