trade_date,沪深300,中证1000
2017-01-04,0.0078045262751738065,0.012237154941713957
2017-01-05,-0.00015512222339753023,9.365683480599962e-05
2017-01-06,-0.0059750473693545025,-0.007019302988069964
2017-01-09,0.0048496168898546355,0.005104392345623987
2017-01-10,-0.0016735924542854441,-0.005118359617829138
2017-01-11,-0.007079891930122706,-0.010419623048271265
2017-01-12,-0.0050596261131443665,-0.008988907662052514
2017-01-13,0.0006896803046494426,-0.018597056499817466
2017-01-16,-0.00014057600679928672,-0.04275590050113309
2017-01-17,0.0020819139823202715,0.012190688818043416
2017-01-18,0.003910885914416351,-0.004921225001748075
2017-01-19,-0.003017399743597937,-0.004224346733865181
2017-01-20,0.007689329232477782,0.01664036228410981
2017-01-23,0.002739792501635918,0.010056737131434845
2017-01-24,0.00011001519345188449,-0.005572529459118902
2017-01-25,0.003404210773294336,0.0033248123430411614
2017-01-26,0.0035713098730705273,0.006781700630789533
2017-02-03,-0.00692696957573824,-0.0028750270568487224
2017-02-06,0.0025896329143033636,0.011944069124510959
2017-02-07,-0.00222939304817249,0.00028583305026197436
2017-02-08,0.005230109330793153,0.0072514225358235596
2017-02-09,0.0038437758679588097,0.008130385066640988
2017-02-10,0.005062697192974364,-0.0035046236555009713
2017-02-13,0.0066759303126644465,0.006225048358529328
2017-02-14,-0.00013700882496314737,-0.001081660903978765
2017-02-15,-0.004101252335624972,-0.009468501610697344
2017-02-16,0.005617069414732612,0.006410261634292258
2017-02-17,-0.005664510013286939,-0.008710266042569526
2017-02-20,0.014599312646519147,0.008748528470539974
2017-02-21,0.003292741938782706,0.009808468695709394
2017-02-22,0.001990827555692576,0.0036201675181291026
2017-02-23,-0.0047089529192678725,0.00028195228533034467
2017-02-24,0.00015204457194828436,0.0036115313620592726
2017-02-27,-0.00795339075643331,-0.007788681493325789
2017-02-28,0.0019115130919569179,0.003678169668123399
2017-03-01,0.0016297738685500107,0.0021609560853164123
2017-03-02,-0.006749088085325039,-0.0064541938596756054
2017-03-03,-0.0021057633813643672,0.0040148546173968125
2017-03-06,0.005432306100465967,0.012074867370945874
2017-03-07,0.0021681516583276217,0.001894901087849954
2017-03-08,-0.001512815809926904,-0.0040113442857571124
2017-03-09,-0.006317540598190341,-0.006322959706827613
2017-03-10,0.00027657296276628607,0.0002605571238514237
2017-03-13,0.008811947262276298,0.007114003624572041
2017-03-14,-0.00040617703720369214,-0.0019543949090482515
2017-03-15,0.002010649830846978,-0.0008953340458873749
2017-03-16,0.005157285813124801,0.010607730924935055
2017-03-17,-0.010254612184276812,-0.007053160545412385
2017-03-20,0.0011049667318676626,0.003600532932570788
2017-03-21,0.004851037475918307,0.000546935203934229
2017-03-22,-0.004701376100048504,-0.005446893723740409
2017-03-23,0.003457340997530922,-0.00018009876418390025
2017-03-24,0.007978530887340796,0.0013187932277791692
2017-03-27,-0.0033130447598330726,-0.001787826306432927
2017-03-28,-0.002366046264295263,-0.0033584139878762853
2017-03-29,-0.0013303324767732772,-0.008162457618959063
2017-03-30,-0.008205978004170777,-0.02040143388886695
2017-03-31,0.0056121204926271595,0.0028984688754492005
2017-04-05,0.013844638330137604,0.021928336020778705
2017-04-06,0.0028978337581750946,0.0025408560314024164
2017-04-07,0.0009722408656527293,0.00012687766359675834
2017-04-10,-0.003503718048637028,-0.011187013494957654
2017-04-11,0.003477408258137027,0.007726108243132579
2017-04-12,-0.0022429810356042745,-0.008226287780262687
2017-04-13,0.0014610598555262477,0.0030694210763761998
2017-04-14,-0.007984399326437575,-0.01471746068040869
2017-04-17,-0.0018823437629293949,-0.0149772487507146
2017-04-18,-0.004942266705215137,-0.010248293180762591
2017-04-19,-0.004870936274246729,-0.012647643450568902
2017-04-20,0.00454804512559237,-0.00570757268442279
2017-04-21,0.0015133113418241972,-0.00529076709262255
2017-04-24,-0.010248049598670206,-0.03110044944301038
2017-04-25,0.002831497374418346,0.003340302504786452
2017-04-26,0.0012231710071186619,0.0036179055114893277
2017-04-27,0.0004461301216145408,0.006085931398808864
2017-04-28,-0.002021399938410995,0.005508363704380681
2017-05-02,-0.0038306238849127316,0.00043170931781721933
2017-05-03,-0.003924733508073319,-0.0018903015572889759
2017-05-04,-0.002561228142558547,-0.0033276984153588485
2017-05-05,-0.006414136773663426,-0.013365857827445926
2017-05-08,-0.007017693336820341,-0.01882817117739055
2017-05-09,-0.0018697381887199382,0.006310683781561188
2017-05-10,-0.004424028832652027,-0.019885119242413096
2017-05-11,0.005676123086770568,-0.008672093856177177
2017-05-12,0.0085599735140367,-0.0021458604067976506
2017-05-15,0.004080784226591749,0.002754438917544899
2017-05-16,0.008665407917177514,0.021397178480333956
2017-05-17,-0.005449230718885811,0.0027383501703477364
2017-05-18,-0.0034759588190567126,-0.006769396246885995
2017-05-19,0.0016881429506443446,-0.001208254903469319
2017-05-22,0.002170924610878755,-0.01828421498795274
2017-05-23,0.0037978286304034548,-0.031813153500913516
2017-05-24,-7.914271212383639e-06,0.004749729355491006
2017-05-25,0.01795800315691376,0.00843378331971345
2017-05-26,-0.0014985979261707971,9.776524900417805e-05
2017-05-31,0.0035771395784061077,-0.002853813669217997
2017-06-01,0.0013895964782115744,-0.02722862650051039
2017-06-02,-0.003210874959137855,0.011134551752603583
2017-06-05,-0.0050920872848283505,0.009317157858293124
2017-06-06,0.00695575454216435,0.005179828027469302
2017-06-07,0.011735353411349347,0.020837422649405468
2017-06-08,0.007670566883609009,-0.0006961731463401843
2017-06-09,0.004266158746362603,0.0008224194264985218
2017-06-12,-0.0004979908255487997,-0.01385423036429323
2017-06-13,0.0022040128028579797,0.014663697099513762
2017-06-14,-0.013111444444376286,0.0013435919819297926
2017-06-15,-0.0018403254016413628,0.012567392839166969
2017-06-16,-0.002842757038200583,-0.0016678408510913956
2017-06-19,0.009919457163488632,0.006288780641533487
2017-06-20,-0.002018000963681099,0.0018746127295956594
2017-06-21,0.011690700731482817,5.2173560526558305e-05
2017-06-22,0.0006654208316436705,-0.01762088396403283
2017-06-23,0.009063369302510837,0.0006380391260034646
2017-06-26,0.01247868030850885,0.011581181540119445
2017-06-27,0.001805652688254611,0.0015996980365757807
2017-06-28,-0.007768928596153524,-0.006765383652512447
2017-06-29,0.0062151027328263275,0.004472801540390536
2017-06-30,-0.0005533647408209053,0.0012190961493157015
2017-07-03,-0.004350226356910847,0.009556117263470831
2017-07-04,-0.008453437220843796,-0.0017793036213102909
2017-07-05,0.010965628274444583,0.008558533843848526
2017-07-06,0.00011399905374220864,0.0018052376046819862
2017-07-07,-0.00113860379699815,0.0028407800467609157
2017-07-10,-0.000613387135248944,-0.005976666282803689
2017-07-11,0.004686170692025371,-0.012372915427276143
2017-07-12,-0.003264948218765662,-0.0012994687828590257
2017-07-13,0.007679216893648588,-4.468626223497196e-06
2017-07-14,0.0043867232830216984,-0.005501505525701722
2017-07-17,-0.010676612583963574,-0.05174695361861026
2017-07-18,0.0009889840680814554,0.008663473795236243
2017-07-19,0.01706103547065463,0.013109781140992371
2017-07-20,0.004862984525543901,0.005844250711594334
2017-07-21,-0.0051460233177422765,0.0010775717645141736
2017-07-24,0.003988362809652646,0.0055070884427819156
2017-07-25,-0.006387017644544968,-0.0018930845220361814
2017-07-26,-0.0038097527153085897,0.00151596897358508
2017-07-27,0.0018368654686780062,0.012789981900107161
2017-07-28,0.0026121205334408426,0.00041891533367466316
2017-07-31,0.004293999550873506,0.007953946380359733
2017-08-01,0.008697352280435888,0.0010713560582993331
2017-08-02,-0.0025276743783151367,-0.008509884175269877
2017-08-03,-0.008781546205281932,0.004681947914867202
2017-08-04,-0.005431261498657691,-0.0047091993055973225
2017-08-07,0.005182680366458081,0.0075833396432647415
2017-08-08,0.0014538230009335518,0.003426834588644345
2017-08-09,-0.00031319220830094974,0.003305516504070738
2017-08-10,-0.0040533427105121644,-0.007224616183301502
2017-08-11,-0.018453165094369006,-0.01516347451125899
2017-08-14,0.012977311227824861,0.01995555238069313
2017-08-15,0.00307834249708705,0.0043677666620047795
2017-08-16,-0.0012508983268091356,0.00494128954340689
2017-08-17,0.00536450774158137,0.009255238364627827
2017-08-18,0.000913073657241803,-0.005011352389303614
2017-08-21,0.004381402639500154,0.007351504568090084
2017-08-22,0.0030216299993630624,-0.0061110230287941825
2017-08-23,0.0010101543107716715,-0.00667773905836222
2017-08-24,-0.0057087580792827275,-0.006424202246828381
2017-08-25,0.016362622661565407,0.009784535596498722
2017-08-28,0.012371058570069815,0.011024928149814706
2017-08-29,-0.0021272216634298236,-0.0025372494341391327
2017-08-30,-6.183274875182221e-05,0.004081878410206574
2017-08-31,-0.003183814101163973,0.003331272550347153
2017-09-01,0.0022096533082609504,0.007817097448642008
2017-09-04,0.003936261386552342,0.00752894224687739
2017-09-05,0.0029722414064035085,0.0003024808895759623
2017-09-06,-0.0019695122153573497,0.007403015592233331
2017-09-07,-0.00508607736393718,-0.004439352917835815
2017-09-08,-0.0010135588629308634,0.001968032003275555
2017-09-11,-8.996365515379079e-05,0.01044733158570943
2017-09-12,0.0032122162501577733,-0.002684980592095876
2017-09-13,0.0012173215793360725,0.003712612698888673
2017-09-14,-0.003292218788701784,-0.0015242627748053295
2017-09-15,0.0003501607355531622,-0.0045598869877728765
2017-09-18,0.0030919820483745752,0.0077553181964180595
2017-09-19,-0.0028691882071100183,-0.004530236394360121
2017-09-20,0.0026928202932055,0.008814495354936724
2017-09-21,-0.001201763891769403,-0.011143593257347706
2017-09-22,-2.2721246575096998e-05,-0.004664772539019868
2017-09-25,-0.005195492627621756,-0.015023300493335667
2017-09-26,0.0007832014922763975,0.0018677157060122962
2017-09-27,0.0001095063900014015,0.008261493626874561
2017-09-28,0.0003503088035172741,-0.005359480906718006
2017-09-29,0.003652729628420337,0.009552950017141404
2017-10-09,0.011913536950971526,0.012571656688601607
2017-10-10,0.001972099585812792,0.00670920408759379
2017-10-11,0.0032965422413129275,-0.0041715140863684
2017-10-12,0.00263070047025038,-0.0026344063762763215
2017-10-13,0.002056783908707782,0.004065647426563457
2017-10-16,-0.0019269310696804487,-0.01917025338631828
2017-10-17,-9.643674161152749e-05,-0.001856620007035903
2017-10-18,0.007946141912966054,-0.009583068211794332
2017-10-19,-0.0032739775991994513,-0.00960068466417141
2017-10-20,-0.0011186010961654613,0.012457106340017843
2017-10-23,0.001004901636221689,0.005432379685394784
2017-10-24,0.0072751637892569665,-0.00521113860925293
2017-10-25,0.004433429518896359,0.006039695864405337
2017-10-26,0.004180641994654843,0.003892048420841343
2017-10-27,0.007109519309915546,-0.007585223177955069
2017-10-30,-0.0030447286547012897,-0.025230362718209887
2017-10-31,-0.0007491542181304878,0.007509068268035213
2017-11-01,-0.0025197181962822723,0.0005112602927217491
2017-11-02,0.00012815822641831787,-0.012190582302244901
2017-11-03,-0.0011098951566376192,-0.008667545163316137
2017-11-06,0.0070608146937438665,0.009946808745401547
2017-11-07,0.008295900489284858,0.005934671496158783
2017-11-08,-0.0015393242616106306,0.002811509735059836
2017-11-09,0.006890825277247048,0.005138598436557729
2017-11-10,0.00883520247480063,0.0017374398367540067
2017-11-13,0.003930556671554619,0.0015207228293301345
2017-11-14,-0.006957797963519807,-0.007048161062692571
2017-11-15,-0.006264747761291822,-0.009317923378105775
2017-11-16,0.007693947491470565,-0.0027568209505952623
2017-11-17,0.0038583563771137364,-0.03489221427059175
2017-11-20,0.005577149262477654,0.002722526680761561
2017-11-21,0.017826030361162593,-0.0004318298252331543
2017-11-22,0.0023389753874236696,0.0011090492019207865
2017-11-23,-0.029608049226238053,-0.023068024954836286
2017-11-24,0.00044042548202205545,0.0014725374459534368
2017-11-27,-0.013219593356411208,-0.010324512635770833
2017-11-28,0.0014508830052735178,0.015720720880734174
2017-11-29,-0.0005105251744805805,0.002257165963751584
2017-11-30,-0.011755427914710848,-0.005497920464190287
2017-12-01,-0.0019876691523846857,0.008695375632245206
2017-12-04,0.005182564427202552,-0.010536178682388209
2017-12-05,0.005303323673787608,-0.027058669066900576
2017-12-06,-0.00602680025575153,0.01010683465665796
2017-12-07,-0.011146960704997544,-0.0005781867209335712
2017-12-08,0.008139470376261837,0.009310697891088404
2017-12-11,0.016516172137778007,0.01164520952428294
2017-12-12,-0.013142500047364614,-0.009054043074033014
2017-12-13,0.00848512492342235,0.006218492245878782
2017-12-14,-0.005911247414164156,0.0009427262433385764
2017-12-15,-0.011250396035757948,-0.003316528111379724
2017-12-18,0.0011142327737669877,-0.006582080491715936
2017-12-19,0.012555669078552212,0.0056510260921582844
2017-12-20,-0.0011993072981849595,-0.010448714688571559
2017-12-21,0.009269022340659516,0.0013973017509707475
2017-12-22,-0.003257274699389634,-0.001977170605145573
2017-12-25,-0.003220614894930085,-0.013767334320705982
2017-12-26,0.0029895286700236667,0.004356249849614802
2017-12-27,-0.015397314757289782,-0.004046396414179809
2017-12-28,0.006937724986736393,0.002008443827007822
2017-12-29,0.002975318553790407,0.008749866976601073
2018-01-02,0.014028364057460774,0.01065124116917504
2018-01-03,0.005869573067601053,0.00955727508827553
2018-01-04,0.004236861355368049,0.0020935000017736627
2018-01-05,0.002407133151306917,0.0002791550781793273
2018-01-08,0.005172817254869511,0.001591599589007453
2018-01-09,0.007004106453130099,-0.0016066406664193567
2018-01-10,0.004419714550245368,-0.005289392055023989
2018-01-11,-0.0005292297671388724,0.005129335106371702
2018-01-12,0.004616407467372685,-0.006629625098715675
2018-01-15,5.6402353514339865e-05,-0.027851527842703283
2018-01-16,0.007865519001491794,0.004527162607643742
2018-01-17,-0.002431998512142708,-0.002559262480955171
2018-01-18,0.0054848779567340245,0.00178154170692979
2018-01-19,0.0032724973128355206,-0.002432744155766442
2018-01-22,0.011948116801368203,0.0109876729810221
2018-01-23,0.010610968866973991,0.0007737491153385623
2018-01-24,0.001659375392246032,0.007468844155871901
2018-01-25,-0.0056506943359090345,-0.0013815807129403668
2018-01-26,0.003715900333909339,-0.0009375820648019895
2018-01-29,-0.018095429949597563,-0.011838724850476101
2018-01-30,-0.010673130361771421,-0.002472090594003995
2018-01-31,0.004651321687043186,-0.023612850306801048
2018-02-01,-0.007016256185308212,-0.04190198882658003
2018-02-02,0.005966888793225378,-0.00285647205053019
2018-02-05,0.0006821918338044686,-0.004015849831449314
2018-02-06,-0.029306623657065156,-0.0493893447362016
2018-02-07,-0.02371441622781789,0.002537871124764335
2018-02-08,-0.009492661789767376,0.012984760916294302
2018-02-09,-0.04271996102139575,-0.029688031727122643
2018-02-12,0.012875910388877365,0.024901832480194397
2018-02-13,0.01170348992672321,0.002056561999410844
2018-02-14,0.007960347109653876,0.0022766310634643183
2018-02-22,0.02162153632248609,0.018684962376715353
2018-02-23,0.004529214999891895,0.002967331841046583
2018-02-26,0.01162580851525985,0.022182446505266684
2018-02-27,-0.014432238626738925,0.0034196806947703884
2018-02-28,-0.0087063978576295,0.0052726749581426535
2018-03-01,0.006323823829732289,0.014438357394875423
2018-03-02,-0.008057447429559605,-0.003935810200441869
2018-03-05,0.00040732376089303024,0.0063184037962409345
2018-03-06,0.012062351904396529,0.009226766769190098
2018-03-07,-0.007355372951523331,-0.007024226292850266
2018-03-08,0.010143674453512608,0.005477648644396593
2018-03-09,0.007667524826674432,0.016645466250983176
2018-03-12,0.004575715942202185,0.016137452131936625
2018-03-13,-0.008821667798621813,-0.005152170573067938
2018-03-14,-0.004377289472641488,-0.011116032420375843
2018-03-15,0.005601784695510759,-0.001577784887109357
2018-03-16,-0.009701787480267843,-0.0026561786645367125
2018-03-19,0.004394339978285311,0.0021416631413073706
2018-03-20,0.0008483038059614589,0.0002570632048528587
2018-03-21,-0.004084136462966903,-0.007504776756435683
2018-03-22,-0.010022333631827585,-0.000940119320246624
2018-03-23,-0.028707333617056685,-0.05348314715036906
2018-03-26,-0.006413038064265075,0.017547989909373563
2018-03-27,0.008602273310114539,0.025416181983355157
2018-03-28,-0.018029274706882537,-0.006731260704860742
2018-03-29,0.01335886042044998,0.007294021339859569
2018-03-30,0.0011422298708148038,0.01711376250466512
2018-04-02,-0.0029700671620249697,0.005472571658297065
2018-04-03,-0.006287576517225557,-0.00970126046490083
2018-04-04,-0.001972075140539209,-0.00895717268394769
2018-04-09,-0.0005015224278428487,0.0014499199938518004
2018-04-10,0.019269417148905843,0.00031619450653574965
2018-04-11,0.0028444125798485764,0.005808572307679505
2018-04-12,-0.010082411807969871,-0.004758579225534132
2018-04-13,-0.007051467290324243,-0.0008891373232001731
2018-04-16,-0.016088602018788145,-0.0005551899962136231
2018-04-17,-0.01581096510953528,-0.02281047508808176
2018-04-18,0.004705918507218021,0.01471499370747309
2018-04-19,0.012097076108480431,0.002371717327539935
2018-04-20,-0.013376390370747115,-0.021135958928215737
2018-04-23,0.0014548290264793096,-0.0106250137604047
2018-04-24,0.02048758024299402,0.021660078423032747
2018-04-25,-0.003847312048746554,0.0038499019137561152
2018-04-26,-0.01912068621698515,-0.018317846696027096
2018-04-27,0.0003681006981210988,0.0010014231858050948
2018-05-02,0.0018019224214584906,-0.004640102650060873
2018-05-03,0.007799351804092414,0.009012097047390366
2018-05-04,-0.004851568551237362,-0.0021360908323151406
2018-05-07,0.015787005244346286,0.0176520948501957
2018-05-08,0.011603239977010071,0.004748439341124344
2018-05-09,-0.0018205951529808306,-0.00048446090124409924
2018-05-10,0.0055380762013745866,0.004239997624537084
2018-05-11,-0.005193400095785949,-0.009912324108550363
2018-05-14,0.009412993049567886,-0.006785879738485878
2018-05-15,0.0037869248643993547,0.010528115812019845
2018-05-16,-0.007964455521301317,-0.005777909593941533
2018-05-17,-0.00739652000457669,-0.004739257058369528
2018-05-18,0.010096399615046492,0.004478615984361056
2018-05-21,0.004657469464308228,0.011534828394024643
2018-05-22,-0.003833989235196733,0.004069525634523563
2018-05-23,-0.013216295363270514,-0.01072304103813948
2018-05-24,-0.00709947186238713,-0.0035762108111784263
2018-05-25,-0.0028007296163243822,-0.013133087196287363
2018-05-28,0.004391958282173869,-0.0078033008493514355
2018-05-29,-0.007630737482736238,-0.008263321264645906
2018-05-30,-0.021197871414247005,-0.031748333500989934
2018-05-31,0.021218264388488173,0.01327838257002023
2018-06-01,-0.008359720563135276,-0.011312486638329289
2018-06-04,0.009809872945317766,-0.004504245361724113
2018-06-05,0.009911365967778751,0.016218926916005127
2018-06-06,-0.0020714290246701683,0.0006419460140310029
2018-06-07,-0.0016517383567012933,-0.007213066843185123
2018-06-08,-0.013416008424717352,-0.01098476118394398
2018-06-11,9.680877890261286e-05,-0.008704122718761975
2018-06-12,0.01216185749889065,0.007674995700135856
2018-06-13,-0.009831353408538579,-0.01722975314181563
2018-06-14,-0.003952550076628647,-0.005287915021877088
2018-06-15,-0.005282207620756596,-0.02179098935638113
2018-06-19,-0.03525230683434455,-0.06841075239886163
2018-06-20,0.003956514407738254,0.011904220831015833
2018-06-21,-0.01168457131338796,-0.023506290855667356
2018-06-22,0.004436336006612862,0.015478300404597078
2018-06-25,-0.013418725449267921,-0.00522272976981053
2018-06-26,-0.00824791010487158,0.008395693727330622
2018-06-27,-0.020347447568346166,-0.008958655147886962
2018-06-28,-0.010330700295880901,-0.011811054924207198
2018-06-29,0.025546472488666927,0.0302518855638374
2018-07-02,-0.0293423966981341,-0.012560033939695847
2018-07-03,0.0003862423656024738,0.011465716967813622
2018-07-04,-0.013355546820573605,-0.01801723960333701
2018-07-05,-0.0063350180912817855,-0.02690679931195228
2018-07-06,0.0067869024582325466,0.0040951600868510685
2018-07-09,0.02795172966501336,0.021019093193903604
2018-07-10,0.0024086029313794555,0.006788713992143203
2018-07-11,-0.017299360305671252,-0.023256995096458066
2018-07-12,0.021577566880781607,0.026879135231617557
2018-07-13,0.003342031939217005,0.0036678900606388343
2018-07-16,-0.005899121241718097,0.0009483096787226142
2018-07-17,-0.006540333578728519,0.001529470440731595
2018-07-18,-0.00523416211963823,-0.005552066066490502
2018-07-19,-0.000868382329648032,-0.011498094712857454
2018-07-20,0.01882857112021763,0.011028474261778554
2018-07-23,0.009406670194209932,0.007416302105909489
2018-07-24,0.01587049428883258,0.016107086192142406
2018-07-25,-0.0011038036988912925,0.0023561314607996042
2018-07-26,-0.011601306541017542,-0.003941282255117251
2018-07-27,-0.004247074920361915,-0.00581837649205319
2018-07-30,-0.0017458403489988283,-0.014420359448371833
2018-07-31,0.0007332409048854682,-0.0011702750673527884
2018-08-01,-0.019975968093305818,-0.01557732502374265
2018-08-02,-0.022170494172951027,-0.023900126633795593
2018-08-03,-0.01651578027717282,-0.013175575792217842
2018-08-06,-0.01267194643571845,-0.02111811162385857
2018-08-07,0.029205234589674056,0.02624085458698322
2018-08-08,-0.01613657044299266,-0.01664040951869905
2018-08-09,0.025048155721475895,0.02237775079455795
2018-08-10,0.0022043368096433813,0.006420537521071079
2018-08-13,-0.004309814297370651,0.005078390552475165
2018-08-14,-0.005141189061015905,-0.003381729463952432
2018-08-15,-0.023996374410646726,-0.020357282623587047
2018-08-16,-0.0046319900266587055,-0.012180092793203645
2018-08-17,-0.014376477312303959,-0.018158765760719953
2018-08-20,0.011651526288017022,0.003821107205115748
2018-08-21,0.0181801526164298,0.011441258634067974
2018-08-22,-0.0056195891306715096,-0.011558813638745002
2018-08-23,0.0036491432998853046,0.006069623398147872
2018-08-24,0.0015990840070905232,-0.00334864581438854
2018-08-27,0.024430262613865716,0.022130359981807235
2018-08-28,-0.0018796013061217476,0.0007919896753734168
2018-08-29,-0.003998887702837295,-0.005692363548412849
2018-08-30,-0.010476488684610374,-0.017188769316332397
2018-08-31,-0.004950800845884951,-0.011004804345053354
2018-09-03,-0.0038023050867301844,-0.0007670446142898912
2018-09-04,0.012665809467133915,0.01168204832147235
2018-09-05,-0.01954791500242692,-0.01577216412732385
2018-09-06,-0.010690991640988634,-0.00397271575848368
2018-09-07,0.004524529366809915,0.0019501410201872016
2018-09-10,-0.014515213642190106,-0.01964046480521875
2018-09-11,-0.0018131196676627326,0.0003363971614196437
2018-09-12,-0.00688131014726201,-0.0011156679225696742
2018-09-13,0.010787361796823047,0.007796872953742762
2018-09-14,0.0017067471074745377,-0.01013086535566543
2018-09-17,-0.011464147419464221,-0.015560742123218785
2018-09-18,0.020128256459501115,0.01775557856720167
2018-09-19,0.013167547548551095,0.010709344609649785
2018-09-20,-0.0007114000277074206,-0.0037076570438864254
2018-09-21,0.030319028962585204,0.012138739658891895
2018-09-25,-0.008996167583877224,-0.0031916972373534636
2018-09-26,0.011076676835993338,0.004276301810332672
2018-09-27,-0.003994772040241901,-0.014224969524969877
2018-09-28,0.010363968024117653,0.008407723515746923
2018-10-08,-0.04302759901966491,-0.03405450437871582
2018-10-09,-0.0006710020982717557,0.0002696664049504083
2018-10-10,-0.0021567246246879668,-0.0013086013258214457
2018-10-11,-0.04799000657545549,-0.07393743476913905
2018-10-12,0.014920166643092037,-0.006491034751897828
2018-10-15,-0.013963551945923358,-0.015541184950928377
2018-10-16,-0.008149110640318091,-0.022413130562079275
2018-10-17,0.0055700244871463855,0.0072804833955231185
2018-10-18,-0.023684626836565137,-0.03325856586482001
2018-10-19,0.02974443039821617,0.02212086621143139
2018-10-22,0.04316748090198064,0.04986836966179764
2018-10-23,-0.026556649762472517,-0.016547373369398932
2018-10-24,0.0015003020174146897,-0.0003436813936008587
2018-10-25,0.0019153743655750954,-0.007361125312354888
2018-10-26,-0.006471948669702576,0.003255750297831428
2018-10-29,-0.030484318455020865,-0.014399763421021672
2018-10-30,0.010845890470728481,0.009297998300555887
2018-10-31,0.014006190156740983,0.014749519657997645
2018-11-01,0.007359448217677533,0.0063907457260730105
2018-11-02,0.0356344021269146,0.030582244633029054
2018-11-05,-0.008330806926109324,0.007454574889304899
2018-11-06,-0.006033004855194757,0.0010672651963827828
2018-11-07,-0.006549279984054968,-0.002231774414359733
2018-11-08,-0.0028357091651936006,-0.004454198283391664
2018-11-09,-0.014109148117092851,-0.002441902169026622
2018-11-12,0.011901235702905133,0.029845812061213284
2018-11-13,0.010059339984669124,0.019820192504877987
2018-11-14,-0.01002031795874092,0.00016234389091196455
2018-11-15,0.011678461521324568,0.0166686358912862
2018-11-16,0.004719385178410196,0.010859398979172985
2018-11-19,0.011336188233719513,0.0037582761706358436
2018-11-20,-0.02312736851367614,-0.026425981598472648
2018-11-21,0.002511863320233232,0.007305749017063379
2018-11-22,-0.0037392005769237846,0.0006384520222573187
2018-11-23,-0.02207301437490905,-0.042888246289940035
2018-11-26,-0.0007099785613069454,-0.001806438704443858
2018-11-27,-0.0012740496327027229,0.008181851023993492
2018-11-28,0.013289159491812086,0.012186716543185039
2018-11-29,-0.01298498747661403,-0.02352243092894002
2018-11-30,0.011166240052839616,0.00667816200913407
2018-12-03,0.027818727956403055,0.03315479979846758
2018-12-04,0.002072800743783132,0.009136509842079032
2018-12-05,-0.004806241191268601,-0.006020817059741668
2018-12-06,-0.02162700225377956,-0.01786982563972095
2018-12-07,-3.407012599965231e-05,0.00020907170387918228
2018-12-10,-0.011567107579710911,-0.01168384323436622
2018-12-11,0.004786592668935663,0.009377316512534817
2018-12-12,0.003415832024132648,-0.00034901191601866
2018-12-13,0.015480684279853829,0.009514027622615995
2018-12-14,-0.016703924884252985,-0.0255742748094151
2018-12-17,-0.0014890817047313876,-0.0031581760878726106
2018-12-18,-0.01036635937163799,-0.006616963477184878
2018-12-19,-0.011923246398788612,-0.013752221746025861
2018-12-20,-0.007669892406503731,0.0037942633915712953
2018-12-21,-0.012395380621395113,-0.007211690649928548
2018-12-24,0.0029058606452490032,0.008972903017539613
2018-12-25,-0.006884541202234362,-0.009586848866645292
2018-12-26,-0.005053820798622821,-0.004456634476785681
2018-12-27,-0.00383973165915219,-0.015539979719646047
2018-12-28,0.006737288613092973,0.0012138126715515174
2019-01-02,-0.013657599133955478,-0.004852931038429209
2019-01-03,-0.0015804493046437385,-0.007183127817892543
2019-01-04,0.023958105559820586,0.027653420437518506
2019-01-07,0.0060703768973817684,0.02139999630493672
2019-01-08,-0.002160722102554913,-0.0019841980717991703
2019-01-09,0.010096913955048414,0.002116887939180412
2019-01-10,-0.001880638402918744,-0.0026673335163689416
2019-01-11,0.0071897346894886915,0.008538602698083375
2019-01-14,-0.008722337516788747,-0.005933147810715855
2019-01-15,0.01962520509507759,0.010878152386423867
2019-01-16,0.0002114136923181409,-0.0015007214211790743
2019-01-17,-0.005508730805669382,-0.008993946515273965
2019-01-18,0.018241561207742896,0.006728944971506001
2019-01-21,0.005511850217565506,0.006202991522870738
2019-01-22,-0.013284409984767764,-0.011150691267156732
2019-01-23,-0.0007202264130463654,0.0014054127704301589
2019-01-24,0.005644125989333837,0.005656606124834651
2019-01-25,0.008132217557167642,-0.0059974149151744705
2019-01-28,-0.00021727323130982246,-0.008148014273087756
2019-01-29,0.0032012599372122086,-0.017580083595323592
2019-01-30,-0.007979693483639028,-0.01490310400023942
2019-01-31,0.010462483480658813,-0.015237968631076404
2019-02-01,0.014293955169316641,0.029214213836977754
2019-02-11,0.018191615678907702,0.028740781282508454
2019-02-12,0.007216996360925432,0.013869115464755444
2019-02-13,0.02002570131602055,0.017972100468630847
2019-02-14,0.0015050510628762392,0.004247739665083516
2019-02-15,-0.018645791885772645,-0.00136603342216024
2019-02-18,0.032060367603040874,0.03547941533390997
2019-02-19,-0.001781037295623178,0.004223290331849094
2019-02-20,0.003581658350699124,0.0006624627088975821
2019-02-21,-0.0026714641412060036,-0.0039020024685125776
2019-02-22,0.022485977308080107,0.022606898051563018
2019-02-25,0.059476667573264974,0.052324818383569616
2019-02-26,-0.012009599936248505,-9.19754456923938e-05
2019-02-27,-0.001710155810788594,-0.002532590985456995
2019-02-28,-0.0024526477207256203,0.003778467572627342
2019-03-01,0.02189585499179514,0.006383627518488755
2019-03-04,0.011838155242920756,0.021984405575898203
2019-03-05,0.005774538599890855,0.03137503366516814
2019-03-06,0.008405919560236397,0.021694511110453174
2019-03-07,-0.010197421822455532,0.01736622215938266
2019-03-08,-0.03971558657197738,-0.04151205620460874
2019-03-11,0.019787843270097527,0.04314034283201473
2019-03-12,0.006809010490369083,0.022094663653000612
2019-03-13,-0.008296905544324606,-0.02323349468608804
2019-03-14,-0.006903050515009501,-0.03028703021202994
2019-03-15,0.012577904179056354,0.015496391039021784
2019-03-18,0.028502738981656783,0.024101156762052378
2019-03-19,-0.004617462113758797,0.004321064111286521
2019-03-20,0.00038526719066056536,-0.0026488122460989194
2019-03-21,0.0003784702963782749,0.010878713475880097
2019-03-22,-0.0008053394684388593,0.003990776542587504
2019-03-25,-0.023729998735197877,-0.00883039233269467
2019-03-26,-0.011324707336051953,-0.02903247239913742
2019-03-27,0.011606461374256583,0.006593767605915346
2019-03-28,-0.004005061938813781,-0.013500941469935634
2019-03-29,0.038608003824057935,0.028418994786828078
2019-04-01,0.02623394859936412,0.038320636078026604
2019-04-02,-0.0006650346961495357,0.0060623194559463744
2019-04-03,0.012809807767017123,0.01005253134191264
2019-04-04,0.009963386308728062,0.003696238714154365
2019-04-08,-0.001231416953674458,-0.004769212226797159
2019-04-09,0.004486190401004286,0.002442644866494925
2019-04-10,0.002556024700313353,-0.0015572181146600306
2019-04-11,-0.021603647909478774,-0.02064830952758423
2019-04-12,-0.0022416074053643875,-0.0009407806168638677
2019-04-15,-0.0032824411710846713,-0.00805611416565366
2019-04-16,0.02773588812585337,0.021108260379433252
2019-04-17,0.000355059931997026,0.008788325345373549
2019-04-18,-0.0037102056013449403,-0.005015326243233753
2019-04-19,0.011918369977097276,0.008448897512315812
2019-04-22,-0.023054098960837655,-0.010088786191187804
2019-04-23,-0.00164089380819199,-0.018390544238142015
2019-04-24,0.002757747047509529,0.012359328329626607
2019-04-25,-0.021903413689132956,-0.041194151419449265
2019-04-26,-0.013329186344568034,-0.01110685341673523
2019-04-29,0.002843486400086803,-0.03631801398380574
2019-04-30,0.003301537850387559,0.010627206008788637
2019-05-06,-0.05841601692318665,-0.07662579009174164
2019-05-07,0.009784355322919991,0.0125153857189082
2019-05-08,-0.014301462608170112,-0.003717668681538777
2019-05-09,-0.01847527935839144,-0.010376712020125467
2019-05-10,0.03632280366911678,0.03965417245930691
2019-05-13,-0.016546469860094448,-0.007329209067068687
2019-05-14,-0.006425991805601217,-0.0069161420824881414
2019-05-15,0.02247973149419935,0.022010555883907212
2019-05-16,0.004526638634626767,0.007452737790164754
2019-05-17,-0.025428292770482308,-0.03551276107100232
2019-05-20,-0.008487401846473563,-0.0033459474469105244
2019-05-21,0.013539693432934374,0.019742754819359387
2019-05-22,-0.0047443855449916805,-0.004174088393096298
2019-05-23,-0.01792496456109971,-0.023650256303024086
2019-05-24,0.0027760597858583758,-0.012728702953130555
2019-05-27,0.012043471603479405,0.029584058065203367
2019-05-28,0.009640225436229555,-2.028149823118941e-05
2019-05-29,-0.002274212300570677,0.004106264954873318
2019-05-30,-0.006202583088171676,-0.006422788006165692
2019-05-31,-0.003129202531495845,-0.0014475156338559225
2019-06-03,0.0006125424415130976,-0.014842580332368183
2019-06-04,-0.009236228716931527,-0.017905895401619243
2019-06-05,-0.0003783833925261604,-0.0004866714284266216
2019-06-06,-0.009014804961211875,-0.024748582194564217
2019-06-10,0.012922822926661137,0.013544126824349245
2019-06-11,0.03005818607718891,0.03739719698118349
2019-06-12,-0.007576797408334279,-0.004676740463401274
2019-06-13,-0.0015449071125410718,0.005551193215747041
2019-06-14,-0.008279550516358758,-0.02286388889544755
2019-06-17,-1.5075734773106753e-05,-0.002396237358929354
2019-06-18,0.0035004961113320743,3.985914549198277e-05
2019-06-19,0.013174652707199419,0.014221804067729993
2019-06-20,0.030296575715295315,0.01586364782914651
2019-06-21,0.0014156912871488014,0.016687009032762656
2019-06-24,0.0019112461981978246,-0.0004147028138896669
2019-06-25,-0.010401805300695233,-0.00964290283162128
2019-06-26,-0.0018358935122835263,-5.5832832463575954e-05
2019-06-27,0.010670181383753752,0.008629569396069403
2019-06-28,-0.002406868311741084,-0.014105992710202742
2019-07-01,0.02881238653212792,0.03006248448373805
2019-07-02,0.0003449098020851249,0.00038428078505226004
2019-07-03,-0.011082836142344066,-0.01003020872560767
2019-07-04,-0.0052477259670076215,-0.004445157387632737
2019-07-05,0.0051897937412903605,0.0036760343954858055
2019-07-08,-0.023223246157886734,-0.03318139651483265
2019-07-09,-0.0025402403924675854,0.0030657101858351243
2019-07-10,-0.0016848092486791977,-0.008687531527171055
2019-07-11,-0.00040087262417609626,-0.0015812392642482465
2019-07-12,0.006211024402538179,0.00245665021607544
2019-07-15,0.004058228211490267,0.010466377456971987
2019-07-16,-0.004535054476142664,0.002164315667664285
2019-07-17,-0.0005796138424237762,0.0007937972034890439
2019-07-18,-0.009524295396902915,-0.017926846633822713
2019-07-19,0.010496014238821072,0.004894619735715144
2019-07-22,-0.006899214751770577,-0.028102171036538448
2019-07-23,0.0021763589292727037,0.011385828157314926
2019-07-24,0.007894375425718803,0.012420676567563627
2019-07-25,0.008176798328198842,0.0031294196594344736
2019-07-26,0.0019481096989626412,0.0010585126040336679
2019-07-29,-0.0011139881709508748,0.0004564849093906531
2019-07-30,0.004163485779306031,0.003972996195369838
2019-07-31,-0.009032514540925463,-0.007562162552218199
2019-08-01,-0.008314606489630005,-0.005166367649664827
2019-08-02,-0.014731681553688869,-0.01588284639792381
2019-08-05,-0.019146281249917463,-0.01147522561740677
2019-08-06,-0.010708062195914136,-0.02639291543515654
2019-08-07,-0.004096961636225971,-0.002933987665373894
2019-08-08,0.013216488178291907,0.007755022930278077
2019-08-09,-0.009746835194654357,-0.01087362309566764
2019-08-12,0.018047217779648683,0.01692571124797837
2019-08-13,-0.009016560142241947,-0.004796296188226523
2019-08-14,0.004542042743486574,0.0067537664061232405
2019-08-15,0.003149873798389491,0.004770655033944138
2019-08-16,0.004476988985870678,0.005648690111706323
2019-08-19,0.02171005578543239,0.03183236800895095
2019-08-20,-0.0008868678718806366,0.0023367847136708253
2019-08-21,-0.0015773289580858219,0.00026162596273771044
2019-08-22,0.00310654471033156,0.004228224236438427
2019-08-23,0.007211718995258742,-0.002112660102078223
2019-08-26,-0.014382428392239466,-0.005554272792588466
2019-08-27,0.013551941821240865,0.01895617633091784
2019-08-28,-0.003762563152912346,-0.0019899716668516643
2019-08-29,-0.0032603352604086977,0.0009079221717289698
2019-08-30,0.0024799833739059807,-0.014825099255845298
2019-09-02,0.01282600160970171,0.025965455424033612
2019-09-03,0.0013748337651147136,0.007433333797834507
2019-09-04,0.008405260251256319,0.007027361629661
2019-09-05,0.010118833725527354,0.009429243627220307
2019-09-06,0.005906392926136261,0.004202458499188877
2019-09-09,0.006189908465413785,0.02446438705192122
2019-09-10,-0.003444142390573335,0.0022016187234765727
2019-09-11,-0.007366291470765285,-0.00857897433957433
2019-09-12,0.010757996253479396,0.004763089333565285
2019-09-16,-0.0036916156986898097,0.0061351834433009955
2019-09-17,-0.016801258625114834,-0.023992741586490007
2019-09-18,0.0048475532408749356,-0.0011550151355850247
2019-09-19,0.003656852665327781,0.011762636826755823
2019-09-20,0.002871483749175008,0.0010936855227487996
2019-09-23,-0.011431272451971175,-0.00994565333980657
2019-09-24,0.0026767169881853903,0.0050312705477342234
2019-09-25,-0.007713795256170108,-0.019401388657754537
2019-09-26,-0.007709900715934359,-0.032748135443606
2019-09-27,0.0029977047431870574,0.009031008433400878
2019-09-30,-0.009895829196573946,-0.011159428388804793
2019-10-08,0.0060691385110220875,0.0009164269497294875
2019-10-09,0.0014488183756689033,0.009159067541213428
2019-10-10,0.008170165416714115,0.015472807929948207
2019-10-11,0.00957152370655634,0.000694755324901708
2019-10-14,0.01061316856784389,0.015817868441760252
2019-10-15,-0.004298068235706665,-0.014678038357019196
2019-10-16,-0.003446021134126287,-0.004188127501056238
2019-10-17,0.0006465468783196648,-0.0010738059897977825
2019-10-18,-0.014226941989720965,-0.012480187777409335
2019-10-21,0.002962259280090418,-0.006293721443693778
2019-10-22,0.00387573328844959,0.012417857250803799
2019-10-23,-0.006364696620987598,-0.008044467698796631
2019-10-24,-0.00010772174249451538,-0.00194848969751249
2019-10-25,0.006749352140217324,0.007726999064256557
2019-10-28,0.007645442124282642,0.02370899325319553
2019-10-29,-0.004166215681056129,-0.010874027430140543
2019-10-30,-0.004859182052392885,-0.009938558023076305
2019-10-31,-0.0011496635186010185,-0.011204749125073299
2019-11-01,0.016886928131430334,0.009537596882426724
2019-11-04,0.006511102960762516,0.006239208007631225
2019-11-05,0.006206748431219378,0.00280636434522874
2019-11-06,-0.0044796499101831255,-0.008823311244023468
2019-11-07,0.0017549580394056186,0.006660523720789735
2019-11-08,-0.004725649092861106,-0.003444309115863242
2019-11-11,-0.017627035336199692,-0.025970042830987028
2019-11-12,0.00018204046894121362,0.002535722911179761
2019-11-13,-0.0009496914815545487,-0.0029293504481445742
2019-11-14,0.001506545607972809,0.006784049583245633
2019-11-15,-0.007365297807881865,-0.012283760150228362
2019-11-18,0.007954395271586812,0.00713984380241639
2019-11-19,0.010007883715188237,0.018652925503880757
2019-11-20,-0.00992518645368412,-0.00504698240806245
2019-11-21,-0.004674190179745463,-0.0016740661135474788
2019-11-22,-0.010181823417227176,-0.013247026805176088
2019-11-25,0.0073276202866559,-0.005740257207081045
2019-11-26,0.003467376321232729,-0.0007066471891237214
2019-11-27,-0.004120279676506633,-0.00034213150569994966
2019-11-28,-0.0034357611969350055,-0.0028835396729127716
2019-11-29,-0.008707835939019803,-0.000879689543531903
2019-12-02,0.0019297298649822991,0.0021786112028003846
2019-12-03,0.003917666644795315,0.006534471528432562
2019-12-04,-0.0003293355619333749,0.0016123816804574087
2019-12-05,0.007674334819377293,0.011281708048258565
2019-12-06,0.005934349338414746,0.007136057824603137
2019-12-09,-0.0017780151027115831,0.003558272226126924
2019-12-10,0.0012675054373736394,0.006059254688289606
2019-12-11,0.000606324869064867,-0.0040326219727243595
2019-12-12,-0.003004292461324498,-8.64298255698337e-05
2019-12-13,0.01983973782532633,0.013489364875713505
2019-12-16,0.004870015937368022,0.01878949805677177
2019-12-17,0.013605659861412489,0.01253057245839706
2019-12-18,-0.002230936932152705,-0.0003302066485572075
2019-12-19,-0.0013968270940268868,0.004387975223434815
2019-12-20,-0.0024575198909303486,-0.012024809841323258
2019-12-23,-0.012485273829052401,-0.02255358076913816
2019-12-24,0.006519100797202748,0.01760222687129076
2019-12-25,-0.0005236719113080879,0.005972766884889902
2019-12-26,0.00880029304909713,0.0071301831649086544
2019-12-27,-0.0009836343522046098,-0.00807027582820996
2019-12-30,0.014819788167550696,0.005650322152033649
2019-12-31,0.0036624308297750208,0.006697454994588625
2020-01-02,0.013586618952418972,0.019673837033119757
2020-01-03,-0.0017522827674155694,0.0051943273581338545
2020-01-06,-0.0037803697686318305,0.010285515158506175
2020-01-07,0.00749086635942775,0.015200616215834017
2020-01-08,-0.011516245482157905,-0.01365033725107423
2020-01-09,0.012657705490228155,0.015887104354663117
2020-01-10,-0.0002845088417582353,-0.002095654567070837
2020-01-13,0.00980100595580069,0.012787213053526925
2020-01-14,-0.0033544574802931715,-0.0021274997501993242
2020-01-15,-0.005525639335979937,-0.00010062370974939228
2020-01-16,-0.004245770980747077,-0.0019254528353511713
2020-01-17,0.001400226375072533,-0.0038494057350600963
2020-01-20,0.0074557150397378535,0.012833715126041367
2020-01-21,-0.017086669350005135,-0.008901643274371818
2020-01-22,0.004283247111877886,0.003003850295500987
2020-01-23,-0.030985463431372318,-0.037262515104516614
2020-02-03,-0.07880901060173484,-0.08753205360308047
2020-02-04,0.026374827301190784,0.0022956206136948154
2020-02-05,0.011329557800250134,0.026139329636806652
2020-02-06,0.018609741103576383,0.03128078524838962
2020-02-07,2.415523910603845e-05,0.012320308513184441
2020-02-10,0.004137548917344525,0.01396351150437014
2020-02-11,0.009310278750396028,-0.0067655356107459985
2020-02-12,0.008088169196113881,0.02329594089804088
2020-02-13,-0.0061523692520829565,-0.008120091667079943
2020-02-14,0.007024234941383156,0.00355609006946378
2020-02-17,0.02249144388811075,0.03642804217046214
2020-02-18,-0.004883794158179411,0.022860438892545076
2020-02-19,-0.0015280550824411376,-0.008916514564844213
2020-02-20,0.023040790231171338,0.019331426348117242
2020-02-21,0.0011663693882828507,0.017783403984227952
2020-02-24,-0.004012902500338367,0.021932678135519357
2020-02-25,-0.0021739294549790733,0.004189210591255543
2020-02-26,-0.012328054364093344,-0.028922155854978926
2020-02-27,0.0029120195770446777,0.0016480668484457617
2020-02-28,-0.0354544675396381,-0.05794567439585663
2020-03-02,0.03289740979857925,0.041295535263155214
2020-03-03,0.0053309777593060215,0.013491714960899515
2020-03-04,0.005790468527408166,0.00494545458066864
2020-03-05,0.02227740769473563,0.014342154775378146
2020-03-06,-0.016216391225563953,-0.003023574919603922
2020-03-09,-0.034160795950771816,-0.03924530135720261
2020-03-10,0.021415101951211213,0.02591681320339223
2020-03-11,-0.01330055625749571,-0.013453627283285252
2020-03-12,-0.019242687887578214,-0.020132553653865126
2020-03-13,-0.014072273101766286,-0.009029709201694547
2020-03-16,-0.04299346640403301,-0.048388111643758
2020-03-17,-0.004870810167325379,-0.002625749660904564
2020-03-18,-0.019792989275469575,-0.01538398886760528
2020-03-19,-0.012970454642019846,0.010994494311683978
2020-03-20,0.017868388238297284,0.009484485031567624
2020-03-23,-0.03364647318769587,-0.044775857243604444
2020-03-24,0.026855690518368114,0.0185882182136341
2020-03-25,0.026869081600896072,0.02344825376212456
2020-03-26,-0.006573749097418702,-0.009065928441646998
2020-03-27,0.0032485523711001107,-0.007474148606149922
2020-03-30,-0.00968978807757992,-0.024884974863747078
2020-03-31,0.003278153723616617,0.002164508039990354
2020-04-01,-0.0030056521495799293,-0.004390790244955256
2020-04-02,0.01617784318897586,0.025040424347848145
2020-04-03,-0.005706821628399528,-0.005684699610226773
2020-04-07,0.022838167096181694,0.03414674900688075
2020-04-08,-0.0046542391783258585,0.004031364197118137
2020-04-09,0.003297583064189036,0.012440504569309896
2020-04-10,-0.006230814853523614,-0.026209373812349224
2020-04-13,-0.004224156873240847,-0.010408030351439668
2020-04-14,0.019301238289969103,0.020281021772205587
2020-04-15,-0.0074069599462226465,-0.005982553516462041
2020-04-16,0.0013215225737086556,0.007602084444675583
2020-04-17,0.009758754817968507,0.0015949768744227821
2020-04-20,0.0036379859174420215,0.016348148624111936
2020-04-21,-0.011783632823436863,-0.005237307268438407
2020-04-22,0.008228889167713582,0.009276221499714188
2020-04-23,-0.0025084496640789267,-0.006363600914680356
2020-04-24,-0.00855940429570845,-0.019686062743751287
2020-04-27,0.006794071518197331,-0.005259985816956414
2020-04-28,0.006900103040492489,-0.014959978525083795
2020-04-29,0.004646614515711578,-0.002440067945077118
2020-04-30,0.01177781823372559,0.0235303993622209
2020-05-06,0.006051433311015542,0.021882576940603027
2020-05-07,-0.00288581486067252,-0.0011282708709041689
2020-05-08,0.009867042034708451,0.011541749024132963
2020-05-11,-0.0008682463313792743,-0.0018699022040190583
2020-05-12,1.451954094111585e-05,0.0030251869180095703
2020-05-13,0.002023893615681338,0.008096132102417775
2020-05-14,-0.01084487331943984,-0.009090781877141407
2020-05-15,-0.0031595190248938643,0.004560672327658555
2020-05-18,0.0025801878386355614,-0.005082193279304481
2020-05-19,0.00849822849696058,0.013064153952325297
2020-05-20,-0.0053150085706170636,-0.01191894510917968
2020-05-21,-0.0054449532961546865,-0.012649677594408826
2020-05-22,-0.022926827361341773,-0.018586099322951743
2020-05-25,0.001375630742581846,-0.0021154130961592577
2020-05-26,0.011345499708891316,0.024079173025565836
2020-05-27,-0.007012190060029733,-0.006277816113994472
2020-05-28,0.0028653165483218945,-0.0022793328911591137
2020-05-29,0.002694267672490591,0.009979845030509304
2020-06-01,0.026976047105173873,0.030497385126673437
2020-06-02,0.0030789354183256012,0.0015100640992262715
2020-06-03,2.008250041796167e-05,-0.0013657710439313187
2020-06-04,-0.0003671509405813733,0.002022974599065863
2020-06-05,0.004787773426202513,0.0014254928043795356
2020-06-08,0.005174381841438702,-0.002310082074668207
2020-06-09,0.0062343811960696716,0.006815673893803442
2020-06-10,-0.001809771923321657,0.001156291343183291
2020-06-11,-0.01084745022600786,-0.0036224720720768877
2020-06-12,0.0018014283996088398,0.0006242151996169731
2020-06-15,-0.012014390209106107,-0.0003673084442027408
2020-06-16,0.015065000318711386,0.02035674304849744
2020-06-17,0.0007532313172651239,0.004300577459624755
2020-06-18,0.00666819477856162,-0.004670029155856348
2020-06-19,0.013432279752255027,0.006150141710687285
2020-06-22,0.0008140123128999033,0.006611812607382639
2020-06-23,0.004814304978888684,0.0017470892256188364
2020-06-24,0.004171751021836423,-0.0018156734785704787
2020-06-29,-0.007072523377988582,-0.002599409050333623
2020-06-30,0.013199767263746054,0.017415530423160464
2020-07-01,0.020129810449596164,0.0031351412388824773
2020-07-02,0.02073104714494045,0.011765130864375584
2020-07-03,0.019315960247190622,0.010040907696222234
2020-07-06,0.056679259448064734,0.038226114815987255
2020-07-07,0.006002340552008878,0.013658764778963217
2020-07-08,0.016150651033995267,0.02290038010432882
2020-07-09,0.013985534407363831,0.029850917480359618
2020-07-10,-0.018104119442786226,-0.004421027279347678
2020-07-13,0.02100254583644845,0.035335161858856434
2020-07-14,-0.009534590962730127,-0.007847822158805973
2020-07-15,-0.012944770187186094,-0.02907070939098666
2020-07-16,-0.04810138172057077,-0.052348763302949464
2020-07-17,0.0062989161015154504,0.002129565140871703
2020-07-20,0.029837806480853546,0.03412829842285592
2020-07-21,0.002294273753037146,0.007870676664933463
2020-07-22,0.004988848427615045,0.009460232197276541
2020-07-23,-0.0004262855605453586,-0.0008276532486123367
2020-07-24,-0.04389345832347369,-0.047057847939071196
2020-07-27,0.005073563496869715,0.00027920442054174544
2020-07-28,0.008790557475515826,0.010522860802628209
2020-07-29,0.024243466480524223,0.029541220867885132
2020-07-30,-0.004885095302252118,-0.0016363349931556304
2020-07-31,0.008353595779311718,0.013138167922221555
2020-08-03,0.016243631425820748,0.032450635656587457
2020-08-04,0.000941376529066007,-0.006394916323687827
2020-08-05,0.0002735665947990462,0.013786130260106555
2020-08-06,-0.0030027994547079384,0.0007508627994945449
2020-08-07,-0.011513901947948546,-0.012506057805479975
2020-08-10,0.0035989306714281355,0.002595529942302388
2020-08-11,-0.009118981630329426,-0.01976077279340205
2020-08-12,-0.007291900307141552,-0.01678673596910396
2020-08-13,-0.002567321950563861,0.0030419656094484715
2020-08-14,0.01486636596065094,0.009843856061720668
2020-08-17,0.0235081883612156,0.021678174575124887
2020-08-18,-0.0005128938805177841,0.009611818521081839
2020-08-19,-0.014976448839172596,-0.020796880684489483
2020-08-20,-0.012977889409245602,-0.014452632830012746
2020-08-21,0.008482024016988943,0.00601474341378383
2020-08-24,0.007842176401245515,0.008251826383037342
2020-08-25,0.0012829675357024506,-0.005508613682352781
2020-08-26,-0.011722191916014757,-0.024357157725712897
2020-08-27,0.005357884063641016,0.010773833664943666
2020-08-28,0.023866384212810843,0.012788938958056217
2020-08-31,-0.005790331214732047,0.0026738076279786416
2020-09-01,0.005379119990752912,0.004822976066956919
2020-09-02,0.0003644476307422817,0.001892452606234274
2020-09-03,-0.005531053882966264,-0.011380169878980384
2020-09-04,-0.009731217269693948,-0.0010786440004135756
2020-09-07,-0.0211418595246885,-0.017391989504804473
2020-09-08,0.005358691284903516,0.006502881839357544
2020-09-09,-0.023389772480314486,-0.03174455306843171
2020-09-10,-0.0005695603620887724,-0.035435592231129465
2020-09-11,0.009887674044667394,0.016305561046300765
2020-09-14,0.005136513598715586,0.01576657719746577
2020-09-15,0.008048052454040278,0.004851848733505415
2020-09-16,-0.006638437775155714,-0.0099794294506943
2020-09-17,-0.005291454486302749,0.0017967208292666292
2020-09-18,0.02252988107921694,0.015327833558705706
2020-09-21,-0.0096389582065457,-0.00037193168624771733
2020-09-22,-0.011865747233768764,-0.016083405134936557
2020-09-23,0.003573631322824067,0.006923421937073293
2020-09-24,-0.01918644030053518,-0.027366260255861752
2020-09-25,0.001524391814038406,-0.006106707565811331
2020-09-28,0.00260105991621562,-0.012664271731083088
2020-09-29,0.0021586637969746025,0.010787606175890252
2020-09-30,-0.0009591011523520931,-0.000584954154501216
2020-10-09,0.020435539967528005,0.031011195182609086
2020-10-12,0.03033802953860909,0.0313543191263288
2020-10-13,0.003326285530197648,0.002500726485218596
2020-10-14,-0.006633099141779786,-0.00925194110791172
2020-10-15,-0.0017403416499099933,-0.008837652688286624
2020-10-16,-0.0014712415629606346,-0.0029534220061072647
2020-10-19,-0.007552284419898192,-0.006954792854609648
2020-10-20,0.007986415021684623,0.009481631151303072
2020-10-21,-0.00013326470659891232,-0.015641396876400426
2020-10-22,-0.0030971065018727817,-0.006351417547828531
2020-10-23,-0.012452196109049796,-0.01926784006390736
2020-10-26,-0.005775621220704075,0.0010828856368088058
2020-10-27,0.0017145375273071028,0.005116416117208589
2020-10-28,0.008084771809259594,0.00043267994481621663
2020-10-29,0.007525006270486578,-0.0015985959913717984
2020-10-30,-0.016255458555997415,-0.024507884702115068
2020-11-02,0.005430391338737017,0.00040390665383793767
2020-11-03,0.012016845422966105,0.020539078660192223
2020-11-04,0.007555236136398191,-0.002240335761537038
2020-11-05,0.014844308372321757,0.018434065784125764
2020-11-06,0.00012405038509055721,-0.009813130357229083
2020-11-09,0.019573766622378308,0.0244176029039469
2020-11-10,-0.005515392745865544,-0.010579812554712187
2020-11-11,-0.009886703654811146,-0.01707501420423807
2020-11-12,0.0007268040899768291,0.0019045037053417868
2020-11-13,-0.010514839370287521,0.0014932249862760205
2020-11-16,0.00974299954375768,0.009185702308508237
2020-11-17,-0.0019137992642833668,-0.009793858318931759
2020-11-18,-0.000636268878762114,6.007432154397918e-05
2020-11-19,0.007424353670839157,0.005437402186801554
2020-11-20,0.003104532029098994,0.007085301207946815
2020-11-23,0.012489480180419177,0.006156758426857145
2020-11-24,-0.0061421842793943915,4.1115102088262745e-05
2020-11-25,-0.012782840872322287,-0.017056924845476718
2020-11-26,0.001810576903496397,-0.007275884263150845
2020-11-27,0.012434732381828795,-0.00021242823810729838
2020-11-30,-0.004118463729969268,-0.002923044619378312
2020-12-01,0.021540518940177167,0.013721862142421992
2020-12-02,9.15711463500557e-06,0.0033488647037775987
2020-12-03,-0.001990154336820038,-0.003543663980882905
2020-12-04,0.0017512150290159845,0.0051828686276313984
2020-12-07,-0.008622566464432158,-0.002019897491036038
2020-12-08,-0.0024603587354959933,0.00020347535913400883
2020-12-09,-0.013409506569680207,-0.01957946487066653
2020-12-10,-0.0004397800019607656,0.00040513340019465716
2020-12-11,-0.010301678673859116,-0.01619217247524163
2020-12-14,0.009245281830368768,0.012092045058791356
2020-12-15,0.002080069462096823,0.0029933785133509083
2020-12-16,0.0017728660694424914,-0.008055874453479328
2020-12-17,0.012840756524145736,0.008328623216711906
2020-12-18,-0.0034899203552125613,-0.00370665662543046
2020-12-21,0.009374420371267123,0.017979239856807272
2020-12-22,-0.016261047805046114,-0.021163734458024885
2020-12-23,0.008530259602821166,0.007828051837921679
2020-12-24,-0.0014195974994424265,-0.015893522112328307
2020-12-25,0.008399634129127032,0.009997805067014864
2020-12-28,0.004442867737546985,-0.006371246539296771
2020-12-29,-0.004241082390034179,-0.006474405271568506
2020-12-30,0.014034363830229823,0.007660150584930081
2020-12-31,0.019081643358574762,0.018323460441312056
2021-01-04,0.01082833928691529,0.02291303801933453
2021-01-05,0.019132914496696296,0.0012770997035873588
2021-01-06,0.00915763344092313,-0.012118625203859423
2021-01-07,0.01771779025871223,-0.01611875133290963
2021-01-08,-0.0033056464450236245,-0.0047144945153007045
2021-01-11,-0.009875895803324264,-0.016613202861675447
2021-01-12,0.028522272546270155,0.01370926801403849
2021-01-13,-0.0032845322020012002,-0.007783329698254016
2021-01-14,-0.019274893697459272,-0.0010459743100014185
2021-01-15,-0.002262169610970144,0.0033248464520372334
2021-01-18,0.011073360359680873,0.01893786299711353
2021-01-19,-0.014677321575592539,-0.005716303467113049
2021-01-20,0.007155868055666703,0.008675111380348488
2021-01-21,0.016166670951693662,0.011041080508978007
2021-01-22,0.0008637424109418923,-0.0034383138536615565
2021-01-25,0.010080692652630896,-0.009616959400880476
2021-01-26,-0.02007766476442474,-0.018502322640460256
2021-01-27,0.002727315040729872,0.0005596029309204997
2021-01-28,-0.027290269032757664,-0.02120411753651541
2021-01-29,-0.00468243106138877,-0.014847088895648564
2021-02-01,0.012272839024383586,0.006614105151361294
2021-02-02,0.015402088478093212,0.01129038729183085
2021-02-03,-0.002888644917104277,-0.017151736756198965
2021-02-04,-0.002051574848453974,-0.022139695398269543
2021-02-05,0.0017293735462386994,-0.019853215111010014
2021-02-08,0.01479877317306344,0.007199265809438415
2021-02-09,0.021868460513817967,0.02713050069958567
2021-02-10,0.021361863394614655,0.00788214105270102
2021-02-18,-0.00677334756083503,0.016069106207497574
2021-02-19,0.0018134376482108472,0.019213018453360764
2021-02-22,-0.03140928580501068,0.0010612400656193621
2021-02-23,-0.0031558960216890863,-0.006827132217450349
2021-02-24,-0.02546742878846142,-0.008031603885477634
2021-02-25,0.005883162883673521,-0.005978731955099126
2021-02-26,-0.024279382408641914,-0.011554617154195035
2021-03-01,0.015369397568476328,0.026836528370058677
2021-03-02,-0.012761830666907725,-0.004391703263808999
2021-03-03,0.019175606178827076,0.013448160345980398
2021-03-04,-0.0314563491426646,-0.018112498847960623
2021-03-05,-0.003391592086042672,0.003323302606072387
2021-03-08,-0.03472891728005101,-0.01992320932965863
2021-03-09,-0.021461549615330644,-0.03182322383132086
2021-03-10,0.006560592222159656,-0.007841426720877398
2021-03-11,0.02490270978439768,0.02326645541377781
2021-03-12,0.0035417777676896023,0.00013093955967224957
2021-03-15,-0.02153640620221764,-0.00687080650186056
2021-03-16,0.008701800466805576,0.00902025922691263
2021-03-17,0.004231968169863265,0.007077670951123105
2021-03-18,0.00802021918625817,0.0033937114698345816
2021-03-19,-0.02619281876987034,-0.007631667296328248
2021-03-22,0.009998081320955476,0.01740341143051327
2021-03-23,-0.00947294050089853,-0.011101169535783106
2021-03-24,-0.016082380783103423,-0.014745457513984928
2021-03-25,-0.0004744470092258313,-0.0008965075262249433
2021-03-26,0.022662431669194794,0.017870222358914445
2021-03-29,0.0017640765814159742,0.004009923982217556
2021-03-30,0.009481466886464451,-0.003955436287175207
2021-03-31,-0.00910124936770429,-0.001300085654643457
2021-04-01,0.012363637170378805,0.006737082109708581
2021-04-02,0.009935886849920639,0.0040184720099603055
2021-04-06,-0.004110213335050017,0.00946909582178912
2021-04-07,-0.007119954552438523,0.00019853657567292515
2021-04-08,0.0016587434617589825,-0.0029011351923582396
2021-04-09,-0.015036788600527706,-0.0007193172454192931
2021-04-12,-0.01739535865064379,-0.021270761199688515
2021-04-13,-0.001637533568569105,-0.0051505100481301636
2021-04-14,0.008296974773768229,0.014271515094013143
2021-04-15,-0.006355383424648142,-0.0037117959758402597
2021-04-16,0.003476882208779175,0.011472461905047027
2021-04-19,0.024331653954383636,0.017042647914551567
2021-04-20,-0.0007177291443816181,-0.0030503962399658358
2021-04-21,0.0030254563246623345,1.320918168534746e-05
2021-04-22,-0.0018634782061758282,0.0042579304409342544
2021-04-23,0.009079915315508336,-0.004920225265755418
2021-04-26,-0.011336136357502635,-0.0034422220250792668
2021-04-27,0.0026160487439903513,-0.0046934820741396654
2021-04-28,0.00564237107823673,0.005677650624569486
2021-04-29,0.008776123324974128,-0.0049934236635672535
2021-04-30,-0.007877394876992128,-0.0035856411235115626
2021-05-06,-0.012172291186728357,0.0025541603905550048
2021-05-07,-0.012857162728503457,-0.012219311546284639
2021-05-10,-0.0007267137114067568,0.0028987131195334914
2021-05-11,0.006136800935498066,0.0008344464255245487
2021-05-12,0.004277990336367665,0.012054879434890697
2021-05-13,-0.010223770093499618,-0.007059193090356741
2021-05-14,0.023556362342618486,0.013719434816057197
2021-05-17,0.014557066511751815,-0.0008045832090002314
2021-05-18,0.0005045337351294865,0.004575411727742562
2021-05-19,-0.00295498807897987,0.00032795722835921026
2021-05-20,0.002733808276131011,-0.0009420786161531414
2021-05-21,-0.010077043628620386,-0.0003797257983920721
2021-05-24,0.0041758045828166335,0.008870321236547074
2021-05-25,0.03159494432011889,0.011908642053372498
2021-05-26,0.0003976137534085211,0.004389080235495779
2021-05-27,0.0033154576932754587,0.009073944230566289
2021-05-28,-0.0032116058480700094,-0.00159572379311812
2021-05-31,0.0019697097319522072,0.017928174817742004
2021-06-01,0.0018962896029717236,0.00592432475457616
2021-06-02,-0.009679764032280547,-0.013899095947361051
2021-06-03,-0.006557329511058474,-0.0007972975352020795
2021-06-04,0.005136105355265652,0.004698470908584218
2021-06-07,-0.0008803210857621924,0.011206734766192383
2021-06-08,-0.008623307243514677,-0.007576090775050726
2021-06-09,0.0008281161170626827,0.001988747440808014
2021-06-10,0.006687126713897484,0.010962089277596121
2021-06-11,-0.008870985625801353,-0.006557255516039251
2021-06-15,-0.011128536875684714,-0.005523748759078573
2021-06-16,-0.016658822310714805,-0.02081755377202743
2021-06-17,0.004212486631951284,0.017146651570361993
2021-06-18,0.00011237006880038258,0.011203729398448603
2021-06-21,-0.002367541637761428,0.015236747280146457
2021-06-22,0.0062417474323259725,0.004585841161777182
2021-06-23,0.004926731764615555,0.006560149736328125
2021-06-24,0.0016668629472258445,-0.010151962600415287
2021-06-25,0.0162907344486507,0.003697351061172638
2021-06-28,0.0022503952504753233,0.009005290060980053
2021-06-29,-0.011656262917097315,-0.008376477138589578
2021-06-30,0.00645336919854933,0.011335331038477614
2021-07-01,0.001076408090977754,-0.01611701580178504
2021-07-02,-0.028404691834707174,-0.008694960217986547
2021-07-05,0.0009201126083060451,0.01415094298658448
2021-07-06,-0.0005285508704603314,-0.003944410518978092
2021-07-07,0.011289479147614578,0.01584771616313385
2021-07-08,-0.010161152150109265,0.0013746630552875505
2021-07-09,-0.003698811101625621,0.006125705789234326
2021-07-12,0.012481210681401178,0.019786810941226474
2021-07-13,0.0018295018022451703,0.0065197927590086024
2021-07-14,-0.01147667496334337,-0.011990368489341985
2021-07-15,0.013452008247983427,-0.0003027547827622046
2021-07-16,-0.011004622260093577,-0.0018310812116140163
2021-07-19,0.0036747076076621976,-0.0031950940594005495
2021-07-20,-0.0008801026382251331,0.0066629723325482
2021-07-21,0.006860195826023707,0.020064325965357233
2021-07-22,0.0014986072821943086,0.006443307816972332
2021-07-23,-0.012136357425766464,-0.008956001930146562
2021-07-26,-0.03221101384292413,-0.012689113600176105
2021-07-27,-0.03532496199723101,-0.02638951517245569
2021-07-28,0.001929908637886113,-0.020913959286762096
2021-07-29,0.018861953197770287,0.037718461140218595
2021-07-30,-0.008062450732170823,0.007617139443389043
2021-08-02,0.025475406759208896,0.019273439585876906
2021-08-03,0.00014640021273937265,-0.012617445577211672
2021-08-04,0.008995840536335953,0.023156784116602935
2021-08-05,-0.006061161257808201,-0.0040474674197312766
2021-08-06,-0.005477350147978122,0.004596479396703934
2021-08-09,0.013003588066210048,0.003329072673092348
2021-08-10,0.011550411350758738,0.005657271059126723
2021-08-11,-0.00551389727210061,0.00746607215898365
2021-08-12,-0.008372252923360746,0.006785414119992783
2021-08-13,-0.0055029296243706005,-0.00203850412903539
2021-08-16,-0.0009937963999026023,-0.009654580253287026
2021-08-17,-0.0209801217858262,-0.027497439462449424
2021-08-18,0.011749071826426594,0.006175597310501102
2021-08-19,-0.006558528084778303,0.008545975702120234
2021-08-20,-0.019100974357090683,-0.00018900026238588552
2021-08-23,0.013966588330393215,0.02480094340154504
2021-08-24,0.01085883428577672,0.00816909774243224
2021-08-25,0.001997999259551797,0.007071041140607637
2021-08-26,-0.019711045615277367,-0.012883321500075207
2021-08-27,0.005296953142419181,0.0013755604940601796
2021-08-30,-0.0028532994514468557,0.0062066165707350684
2021-08-31,-0.0015915166866901087,8.751582317922946e-05
2021-09-01,0.013286305240880925,-0.015727337963455046
2021-09-02,-9.734141497186322e-06,0.011040632169255549
2021-09-03,-0.005411105855855691,-0.007803757783152121
2021-09-06,0.018720345209675582,0.013662753017809282
2021-09-07,0.011979424395297755,0.018519373687185592
2021-09-08,-0.004145344922059424,0.002018544799641253
2021-09-09,-0.0004261954086340891,0.0007582606057299213
2021-09-10,0.008754222046045701,0.004102876654024756
2021-09-13,-0.004360627206993817,0.001869488475681358
2021-09-14,-0.014924514687479462,-0.00384841426237037
2021-09-15,-0.01013653872720921,0.0069896712044721365
2021-09-16,-0.012249228718061889,-0.02725530144786925
2021-09-17,0.01003440773669273,-0.0031880295660051683
2021-09-22,-0.007037298358822497,0.005023942450101515
2021-09-23,0.006517983291396856,0.00485794929041683
2021-09-24,-0.0007763956438022745,-0.014241965256502453
2021-09-27,0.005761937640600401,-0.029601236942958242
2021-09-28,0.001324115304933482,0.00012252575310545133
2021-09-29,-0.010217374567654813,-0.03609091491397309
2021-09-30,0.0067138979580601,0.028653668500051577
2021-10-08,0.013060687008045635,0.0027285940001342546
2021-10-11,0.00126794623440607,-0.005497848220755608
2021-10-12,-0.010606334219022684,-0.023882780672565662
2021-10-13,0.011522088299058542,0.01122147506136173
2021-10-14,-0.005363565973211748,0.007256011557773112
2021-10-15,0.0037642571026614835,0.0011111709776769896
2021-10-18,-0.011624460646485368,0.010776632697735877
2021-10-19,0.00983592002691891,0.01001785338954364
2021-10-20,-0.0025470861331388095,0.0025995147023518683
2021-10-21,0.0036314316981076455,-0.002661917532832181
2021-10-22,0.006434598137230019,-0.008669741137852904
2021-10-25,0.00399177341552015,0.012622470239419536
2021-10-26,-0.003298528463617112,-0.003144294800286329
2021-10-27,-0.013083359378891268,-0.010007433255388998
2021-10-28,-0.006946765608765504,-0.022290210113588005
2021-10-29,0.009175747069676055,0.01616080275508147
2021-11-01,-0.003684222245405211,0.0095196611313908
2021-11-02,-0.010395148933224019,-0.011670486273390956
2021-11-03,-0.003870743234644869,0.0022527346070180254
2021-11-04,0.00987946369799042,0.013336525483658379
2021-11-05,-0.005421544321336902,-0.01257476874082597
2021-11-08,0.0012047260234906432,0.004509061440595374
2021-11-09,-0.0002960080170300028,0.014691226012580882
2021-11-10,-0.005271971841551926,0.0004340969333300748
2021-11-11,0.016066647411402846,0.007764012021454603
2021-11-12,-0.002098127834286867,0.013705607052343138
2021-11-15,-0.001226828981549688,-0.002770074214112017
2021-11-16,0.00019312311704200447,-0.011372822771339552
2021-11-17,0.0004983903780553245,0.017908519092717956
2021-11-18,-0.009852296300444485,-0.0013327737024868558
2021-11-19,0.010839837825161291,0.011531865921131423
2021-11-22,0.004568760183290443,0.018402545971862194
2021-11-23,0.00019271643040386088,-0.000731436784314532
2021-11-24,0.0006741231336522269,-0.00035068682423766706
2021-11-25,-0.0041117971620519,-0.0016392330215937445
2021-11-26,-0.0074166308855802,0.0018961714234049243
2021-11-29,-0.0017907970090903502,0.007435571136207519
2021-11-30,-0.0039982083607221774,0.006807304517390422
2021-12-01,0.0024472136532378563,0.00018999811578690462
2021-12-02,0.0025417792578672493,-0.010872349728439312
2021-12-03,0.009236613350910972,0.006993819835885873
2021-12-06,-0.001713236078018543,-0.014607132928846522
2021-12-07,0.006025523048393211,-0.01584906569081934
2021-12-08,0.014999345299969935,0.018134197653041584
2021-12-09,0.01656554501626495,0.0011618352561608702
2021-12-10,-0.00464153148466373,0.002189729349356462
2021-12-13,0.00567415133322724,0.004500419914146736
2021-12-14,-0.0067086422172292215,-0.00038470115709532404
2021-12-15,-0.008673038153411139,-0.003288244452789857
2021-12-16,0.005759804467493357,0.00633440827259224
2021-12-17,-0.015884102353728058,-0.01397353816434499
2021-12-20,-0.01500417810356458,-0.018007440845023703
2021-12-21,0.006775546962393353,0.01252351859611922
2021-12-22,0.00019723270567206796,0.01041899113043554
2021-12-23,0.006976257628924287,0.000233280036979977
2021-12-24,-0.005535551693786167,-0.019672489243711122
2021-12-27,-0.00041068042193104226,-2.2529107297941664e-05
2021-12-28,0.007448300109864636,0.011200343417170577
2021-12-29,-0.014625609497921244,-0.0010301480509409267
2021-12-30,0.007787581168545277,0.008796234726471397
2021-12-31,0.003832644158118237,0.010826639190790965
2022-01-04,-0.004576172411910662,-0.0034025841777801658
2022-01-05,-0.010095052726489362,-0.0252271316701973
2022-01-06,-0.010247980318974226,0.008075225114049234
2022-01-07,0.0008586344891088338,-0.02062833291728905
2022-01-10,0.004494927793682546,0.006701969111811756
2022-01-11,-0.009552264490683582,-0.011312540756548861
2022-01-12,0.009964038527454422,0.01737097285399125
2022-01-13,-0.016439646310976275,-0.017319363652044673
2022-01-14,-0.008222422407463847,0.004000556039015057
2022-01-17,0.008577702855442348,0.01729107364156368
2022-01-18,0.009664008978544247,-0.00633718677871653
2022-01-19,-0.00684945395171177,-0.012040824659608873
2022-01-20,0.009022444750399039,-0.022514173435192353
2022-01-21,-0.009162395899698916,-0.01386235329627139
2022-01-24,0.0015532563228422003,0.004961289565806215
2022-01-25,-0.022622213036657346,-0.03936967991766638
2022-01-26,0.007237395299482863,0.005322059042126126
2022-01-27,-0.01961551390847327,-0.029412696970165686
2022-01-28,-0.012144155801567469,0.0018535340305561032
2022-02-07,0.01540784684248031,0.01270756745178514
2022-02-08,-0.00546320864426908,0.0026902748836512558
2022-02-09,0.009392521814212351,0.018474630060898223
2022-02-10,-0.0026221496799407884,-0.004966116359253481
2022-02-11,-0.008290590507800566,-0.019756586510169427
2022-02-14,-0.010802701519689095,-0.003948931875359163
2022-02-15,0.010636647794692866,0.016952958198336088
2022-02-16,0.003888348140068665,0.008176580418428392
2022-02-17,0.0024200142689805304,0.005220694368722745
2022-02-18,0.0047677929986897905,0.004318986163849514
2022-02-21,-0.0036381083926126934,0.011417715314323118
2022-02-22,-0.012981726896759138,-0.007547209993107762
2022-02-23,0.01068914905267615,0.02351404896846665
2022-02-24,-0.020273990322182578,-0.02218439337980227
2022-02-25,0.009737843806935098,0.01054754479447495
2022-02-28,0.0017976025712198584,0.007861129539558753
2022-03-01,0.008302758622179773,0.0012955282294448978
2022-03-02,-0.008893569437681714,-0.0020370974772375705
2022-03-03,-0.005890970138540341,-0.00966984285399386
2022-03-04,-0.012127132613179437,-0.013762265983358724
2022-03-07,-0.03194814481826358,-0.021518960859621128
2022-03-08,-0.020076031912956815,-0.030273712315041723
2022-03-09,-0.009153838417157889,-0.010941419109228856
2022-03-10,0.01573252527839486,0.023025337713982852
2022-03-11,0.0031877051760684783,0.005502709492229529
2022-03-14,-0.030596385941814686,-0.027204897263153116
2022-03-15,-0.04573815146205973,-0.0481007933026798
2022-03-16,0.04324225139138105,0.033905360990726496
2022-03-17,0.019637393977643747,0.018762741734367427
2022-03-18,0.006655999548433877,0.008919953125482216
2022-03-21,-0.0016774413718910752,0.010907938477294765
2022-03-22,-0.000810308969126261,-0.0044522712336479975
2022-03-23,0.00498729230288375,0.0062844312988969975
2022-03-24,-0.005895287600139243,-0.009494251475171467
2022-03-25,-0.018049017924162136,-0.011736874353209581
2022-03-28,-0.006254027057418177,-0.007707161811056795
2022-03-29,-0.0034524084238070074,-0.0061434544332645835
2022-03-30,0.029015631071011683,0.020677710214153988
2022-03-31,-0.007405116980237492,-0.01350135385875606
2022-04-01,0.012684422059904055,7.95916731575197e-05
2022-04-06,-0.0028803659733809273,-0.0012278733193945568
2022-04-07,-0.012838494380102428,-0.020800798806875243
2022-04-08,0.005147680271206712,-0.007292500193663898
2022-04-11,-0.030891940655014438,-0.03759807638399515
2022-04-12,0.01948805609503812,0.01364609833666064
2022-04-13,-0.009625828417491822,-0.019981187383062315
2022-04-14,0.01252045721745132,0.011685406956951194
2022-04-15,-0.0006730654806922365,-0.013308126097544393
2022-04-18,-0.00533878005337729,0.008119762759713156
2022-04-19,-0.007556359898044818,0.00312384178841163
2022-04-20,-0.01550527791265277,-0.017576183351027286
2022-04-21,-0.018413850936854104,-0.04056094048436998
2022-04-22,0.00435949477330122,-0.014975797492229326
2022-04-25,-0.04942057182685222,-0.07810851551297071
2022-04-26,-0.008071718128700556,-0.03038812871599228
2022-04-27,0.029443121753174983,0.05205793582384999
2022-04-28,0.006564231300539181,-0.00844832852237376
2022-04-29,0.024261947639127257,0.0437913452310581
2022-05-05,-0.001501603115948491,0.017862956361391458
2022-05-06,-0.025284260660451197,-0.012375722085732122
2022-05-09,-0.00802765032369146,0.013218104509626905
2022-05-10,0.010943312958015206,0.018794600864094457
2022-05-11,0.014427703746380915,0.008799147470416324
2022-05-12,-0.0044469865392342545,0.005254764586979599
2022-05-13,0.007542854544627886,0.006147013524254952
2022-05-16,-0.008038509349721168,0.0018470379627026912
2022-05-17,0.012474441669684033,0.005848428522013505
2022-05-18,-0.003491480826723903,0.0015275746310687843
2022-05-19,0.0019267733924355213,0.008548348383750515
2022-05-20,0.01950230803172648,0.013471600580577947
2022-05-23,-0.0057920102899750026,0.01277635917573261
2022-05-24,-0.02339137001165492,-0.041274730639420554
2022-05-25,0.006068038624715166,0.01753261614876611
2022-05-26,0.0024769666354889086,0.006274775303092062
2022-05-27,0.002067144454134029,-0.002730918346991462
2022-05-30,0.006927525632427045,0.011636169032360977
2022-05-31,0.015512390749120364,0.011300124790775135
2022-06-01,-0.0020384612301312943,0.003143445593116301
2022-06-02,0.0015652027053834061,0.010922975727149398
2022-06-06,0.018710239384197136,0.025150359297499092
2022-06-07,0.00313087707043902,-0.0010811545883158136
2022-06-08,0.009734972255579288,0.0016758982556535074
2022-06-09,-0.010459588699231803,-0.017932944949533347
2022-06-10,0.015163753057679585,0.021165555711393225
2022-06-13,-0.011710539029829992,0.007099832722962551
2022-06-14,0.007867253573565103,-0.0014308435981548184
2022-06-15,0.013240709815955487,-0.001724060587047438
2022-06-16,-0.006581338612541177,0.0064626901200863784
2022-06-17,0.01387815244269186,0.011643625609023767
2022-06-20,0.004963606316054525,0.010925486042817179
2022-06-21,-0.0011239292294292769,-0.010163905999379552
2022-06-22,-0.012701922432943324,-0.012882583845717166
2022-06-23,0.017153329887934055,0.02295985072383533
2022-06-24,0.011716304838296443,0.012592209359120865
2022-06-27,0.011261470816133157,0.010283230805137489
2022-06-28,0.010407280269742802,0.010965503887370609
2022-06-29,-0.015401256951149023,-0.025245628548240084
2022-06-30,0.014396892175863707,0.013699058306481993
2022-07-01,-0.004078674682344241,-0.00014706534660269277
2022-07-04,0.006562402340206219,0.011697903991977565
2022-07-05,-0.0014439404467536665,-0.0056978612010286644
2022-07-06,-0.01460473118137795,-0.011657444099646419
2022-07-07,0.004408664815026553,0.01263828735089012
2022-07-08,-0.003306557284373235,-0.005833907731225718
2022-07-11,-0.016745984956131332,-0.015305483599339142
2022-07-12,-0.009414904416271463,-0.016548512739564147
2022-07-13,0.0018182646847018091,0.008163839421205799
2022-07-14,0.00014173445063736523,0.012578248374109924
2022-07-15,-0.017016575050932792,-0.009833614210691621
2022-07-18,0.010370299374091285,0.014755334970820488
2022-07-19,-0.005415314004905691,0.00796556549539984
2022-07-20,0.0033875492842558863,0.014378048644606123
2022-07-21,-0.011145447945116738,-0.00489584941813026
2022-07-22,0.0005137559737735664,-0.0057519586146401736
2022-07-25,-0.006037892055089422,-0.01218103807644999
2022-07-26,0.007912299071265005,0.011298191163481519
2022-07-27,-0.004931752083937924,0.010247660061932562
2022-07-28,0.00015090996745903418,0.007150500106804403
2022-07-29,-0.013150898343229911,-0.004582236743653767
2022-08-01,0.004454687306322258,0.008854356656424756
2022-08-02,-0.019494072402407303,-0.030983067032637868
2022-08-03,-0.00975124567083141,-0.005937281900661451
2022-08-04,0.008498035173755802,0.006309596594338274
2022-08-05,0.01350089101970009,0.01863291526681321
2022-08-08,-0.0021257370647161933,0.012144184373864775
2022-08-09,0.001980702082840846,0.004360457379037896
2022-08-10,-0.011200708362386624,0.0006492081099858105
2022-08-11,0.020391936000386357,0.01142682206086798
2022-08-12,-0.000570114605721983,-0.009000195119977072
2022-08-15,-0.0013057507816466307,0.007562145737324499
2022-08-16,-0.0018736265371875893,0.005645609940275964
2022-08-17,0.009364080025141996,0.0005534348690698909
2022-08-18,-0.008740659678280971,0.003106128278193898
2022-08-19,-0.006943805836588046,-0.015919621595629985
2022-08-22,0.007304784607780279,0.0074880240327153125
2022-08-23,-0.004858233367727727,0.002393375408855647
2022-08-24,-0.018904408595811772,-0.036491902178927615
2022-08-25,0.008284327468061514,-0.003282178338148478
2022-08-26,-0.0021121462414384062,-0.005148777938794757
2022-08-29,-0.004388265449524531,0.00589304261954382
2022-08-30,-0.0033565793349121797,-0.006351089684798028
2022-08-31,0.0007474617765859115,-0.032390412930038304
2022-09-01,-0.008605559001796603,-0.004983570030492546
2022-09-02,-0.004977175211212326,0.008891738862131904
2022-09-05,-0.0020346638199384426,0.002105011743844587
2022-09-06,0.009178053917262785,0.018929841932198155
2022-09-07,0.0006669825053065015,0.006340381785982618
2022-09-08,-0.004266133791436366,-0.009538280038732139
2022-09-09,0.01389497082721114,0.002389323187387271
2022-09-13,0.004232535377875157,-0.0013743243550119466
2022-09-14,-0.011129707041727888,-0.010793563658577199
2022-09-15,-0.00940640174705365,-0.03080274054049681
2022-09-16,-0.023450017091624642,-0.020840106570158556
2022-09-19,-0.0011906630858030676,-0.012565920599010849
2022-09-20,0.0012311608647870287,0.012864446074842162
2022-09-21,-0.007399571011871053,-0.0002358792084325989
2022-09-22,-0.008809717299443687,0.0010296110903149636
2022-09-23,-0.0034431676273807277,-0.019051343408483357
2022-09-26,-0.005016543996179346,-0.012585635347829638
2022-09-27,0.014496319510634903,0.020081426349655818
2022-09-28,-0.01633617184720071,-0.03099435924125904
2022-09-29,-0.00040911954204525536,0.002844854230623639
2022-09-30,-0.00581585210525426,-0.01668302942464417
2022-10-10,-0.022063424618870897,-0.022916933713416965
2022-10-11,0.0018141131943532063,0.005550772087790534
2022-10-12,0.015188964244232217,0.029069816714950125
2022-10-13,-0.008359127580155779,0.009619317625623847
2022-10-14,0.02392878420072253,0.02466879577622194
2022-10-17,0.0010259286878455676,0.010301137884740186
2022-10-18,-0.0021176099210798993,0.005570177270246335
2022-10-19,-0.016083613991700996,-0.007276265245477864
2022-10-20,-0.005721278521691908,-0.004866319229860472
2022-10-21,-0.0032048559986613823,0.00040768593989115587
2022-10-24,-0.02926068229203127,-0.008378493905508932
2022-10-25,-0.0016290921717292406,-0.00355164073780323
2022-10-26,0.008118227929659216,0.021384194263286416
2022-10-27,-0.007043638322671297,-0.004633892343253065
2022-10-28,-0.02473470625572416,-0.034306961710996564
2022-10-31,-0.009212952367183003,0.008443602170254527
2022-11-01,0.03575959142058016,0.02339299386482807
2022-11-02,0.012006004556964989,0.013151185864243464
2022-11-03,-0.008132160129964427,0.006487487435078654
2022-11-04,0.032697746970130614,0.02174611711722041
2022-11-07,0.0021561251766775147,0.0005950985839100476
2022-11-08,-0.006879458572942476,-0.0027825899149306332
2022-11-09,-0.009349602679159519,-0.0028302350954887423
2022-11-10,-0.007695158650807943,-0.010889636604534125
2022-11-11,0.027878156279349087,0.006083783514222008
2022-11-14,0.001472479942726812,-0.006595367004623487
2022-11-15,0.01896551810480762,0.02315984044948949
2022-11-16,-0.008169406063560758,-0.007474506490006361
2022-11-17,-0.004101278276369302,0.0018595081707197814
2022-11-18,-0.0044768013106154525,-0.008355494937190788
2022-11-21,-0.008533766824568079,0.00464449382400467
2022-11-22,0.00011827672875641682,-0.01585992512787615
2022-11-23,0.001049455817631495,-0.002314941539667714
2022-11-24,-0.004430998497507055,0.002872140523161981
2022-11-25,0.005049020069749721,-0.011340111557899824
2022-11-28,-0.011264967914943247,-0.0029867040007097723
2022-11-29,0.030852537193941654,0.015649931800455708
2022-11-30,0.0011989588253098482,-0.000608978405287286
2022-12-01,0.010830990051612588,0.010336362646066188
2022-12-02,-0.006116126998761184,0.0033213552781576894
2022-12-05,0.01961486021588832,0.005063287160180119
2022-12-06,0.00540224738254369,-0.0016106656070483671
2022-12-07,-0.0024587987408591916,0.0002588030787975537
2022-12-08,0.00018666440112813376,-0.006404378825050405
2022-12-09,0.009866791096479144,0.002706419802003257
2022-12-12,-0.011205143497738379,-0.0036976216545442364
2022-12-13,-0.001963351795129964,-0.009316292053199726
2022-12-14,0.0023327783721405204,-0.0035866534064691313
2022-12-15,-0.0007325622583731484,0.0041905819349088436
2022-12-16,0.0005664237130245109,-0.011839909372425517
2022-12-19,-0.015428122866997795,-0.019735771319240203
2022-12-20,-0.0164910763985201,-0.007696521702392656
2022-12-21,0.0003972559747902338,-0.008270363648775314
2022-12-22,0.0014331144676684726,-0.01625158024486062
2022-12-23,-0.0020357515638571577,-0.004231922736061766
2022-12-26,0.003988774100372572,0.018630749712400974
2022-12-27,0.011542976567096463,0.007983954297110296
2022-12-28,-0.004267032661205872,-0.009036589079164825
2022-12-29,-0.003762000859460879,-0.001058727958601846
2022-12-30,0.0038719883033704328,0.003160689850818743
2023-01-03,0.00420117212531812,0.022618429583994848
2023-01-04,0.0012985161755223462,-0.000377445943820498
2023-01-05,0.019427566417087982,0.009996781481165451
2023-01-06,0.003102017745297392,0.002289965530325455
2023-01-09,0.008096382898211019,0.005450346808294926
2023-01-10,0.0010849664186434183,0.0006811001762261348
2023-01-11,-0.0018526070251561055,-0.008148969982695209
2023-01-12,0.0019546732171065173,0.000410873913073706
2023-01-13,0.014064171128318481,0.004305832148945754
2023-01-16,0.015606581540854814,0.011398887538885072
2023-01-17,-0.00017450609711644471,0.0008630412280361544
2023-01-18,-0.0016745212547623067,0.002350953042083548
2023-01-19,0.00622068882263993,0.009538069304347863
2023-01-20,0.006140267738194982,0.009102826399496777
2023-01-30,0.004739489048342094,0.007362712388717663
2023-01-31,-0.010588799539195337,0.0027735549041596474
2023-02-01,0.00940022533366447,0.016376236107175535
2023-02-02,-0.0035233878365843463,0.002386289895424998
2023-02-03,-0.009451324782877246,-0.0011754557478201866
2023-02-06,-0.013220392666958292,-0.004861029684006368
2023-02-07,0.001799809091433735,0.004775261619061277
2023-02-08,-0.0044189956435068956,-0.006729410433337302
2023-02-09,0.013423333161847628,0.017659532083335705
2023-02-10,-0.005942302764571972,-0.0033986256765629053
2023-02-13,0.009074887848814717,0.011007563801588516
2023-02-14,0.00041418350438560125,0.0013148281056942768
2023-02-15,-0.005210950007794479,0.0003052914493895109
2023-02-16,-0.007323951394689221,-0.019593593344859772
2023-02-17,-0.014408398354498475,-0.008181088226231759
2023-02-20,0.024534001304248543,0.013221601416555595
2023-02-21,0.0026282877305414676,0.004470841568225081
2023-02-22,-0.009025050372149734,0.0011379341012172084
2023-02-23,-0.0008045628793293957,-0.0045214713734785805
2023-02-24,-0.010381157849788436,-0.0031524720450029076
2023-02-27,-0.004235682449966083,-0.00727564874214226
2023-02-28,0.00633414579453162,0.008888188277500486
2023-03-01,0.014125416729256823,0.006785550989129696
2023-03-02,-0.002230174573591648,-0.004350406369844073
2023-03-03,0.00311180578597825,-0.0006262203458592408
2023-03-06,-0.005215066569927429,0.004176901638073938
2023-03-07,-0.014640581812135567,-0.020251536491607824
2023-03-08,-0.003641575529102492,0.005267730201995002
2023-03-09,-0.0035341644448412257,0.00020328071184261276
2023-03-10,-0.013113746394299963,-0.013718231331233954
2023-03-13,0.010473754461405749,0.005048660189055809
2023-03-14,-0.005984604431477081,-0.00918708940536872
2023-03-15,0.0005537185826691715,0.0049668315354325365
2023-03-16,-0.01197709399428426,-0.016710757378091246
2023-03-17,0.004993183174900162,0.006963544674829958
2023-03-20,-0.004986941308815385,-0.0022137599624912907
2023-03-21,0.010992727484128828,0.013083001603298783
2023-03-22,0.004285002363662915,0.004542975816355321
2023-03-23,0.009913081140029867,0.004167681359991127
2023-03-24,-0.0029818106283606705,-0.00012846429769119982
2023-03-27,-0.003617689265358992,0.0027281786080015635
2023-03-28,-0.003230523110025918,-0.008902100720649564
2023-03-29,0.0016575260993538787,-0.002798670744210696
2023-03-30,0.00808300949741203,0.00020032966314009748
2023-03-31,0.003070427408695009,0.01001281706157231
2023-04-03,0.009785886717201375,0.012565286324227598
2023-04-04,0.0030650025194547403,-0.0012700430760095305
2023-04-06,-0.0015756846790083712,0.004266137426317096
2023-04-07,0.006502865763162058,0.008572772851427768
2023-04-10,-0.0044789828602225246,-0.010552187493930054
2023-04-11,-0.0011362031262920347,0.0022342308987959303
2023-04-12,-0.0006976089813736097,0.005279732360535361
2023-04-13,-0.0069092050067462996,-0.007719409510557718
2023-04-14,0.005657488589396742,0.007647120747316105
2023-04-17,0.014023660026488916,-0.001042906218510442
2023-04-18,0.0030482599873389304,-0.0022389859189795303
2023-04-19,-0.009003558838567405,-0.004501283143955259
2023-04-20,-0.002797802208619249,-0.00024076976150011475
2023-04-21,-0.019560326876178924,-0.027339068377589593
2023-04-24,-0.01238027725861579,-0.00712208072972953
2023-04-25,-0.005016040981228764,-0.01814524756817959
2023-04-26,-0.0008664621679678186,0.0032047151890870484
2023-04-27,0.007371681626258786,0.0013725317690638228
2023-04-28,0.010196347248915716,0.01353915733621247
2023-05-04,0.00028822915610282607,0.0015862586619421748
2023-05-05,-0.0033173400211615744,-0.011927021824601702
2023-05-08,0.01139815718547954,0.007341335433593166
2023-05-09,-0.00856261155246374,-0.01355661340629033
2023-05-10,-0.007697829977560855,0.002370774546641252
2023-05-11,-0.0015526651545665349,-0.0007228119686664147
2023-05-12,-0.013256316236319288,-0.013073148230512976
2023-05-15,0.015522775854773574,0.007644848359239953
2023-05-16,-0.005171888819469617,-0.010571295065638808
2023-05-17,-0.004534808584795491,0.0059376743995041
2023-05-18,-0.0010340225722917928,0.004387198606641052
2023-05-19,-0.0029144579617028654,0.0028219834136176125
2023-05-22,0.006283976867976104,-0.0009592086560393787
2023-05-23,-0.014143327092897784,-0.01023821402609748
2023-05-24,-0.0138236898496219,-0.0023392370747294944
2023-05-25,-0.002226921944233795,-0.0018702994267763007
2023-05-26,0.00011725751120716943,0.006984802230659781
2023-05-29,-0.004416960786648327,-0.0018776250176756326
2023-05-30,0.0009941465983727138,0.004645157388222909
2023-05-31,-0.01021683755528724,-0.00042957018638190014
2023-06-01,0.0021914979304962223,0.001997805825843857
2023-06-02,0.01443858874115378,0.007836304109523518
2023-06-05,-0.004553406844007846,0.0010075337300143872
2023-06-06,-0.009387086560361468,-0.021580771624643447
2023-06-07,-0.004942304332621772,-0.00019321054835608198
2023-06-08,0.008139909680356716,-0.0071010391308243825
2023-06-09,0.004323322731844437,0.008239371227414694
2023-06-12,0.002014698767634604,0.005326204242252164
2023-06-13,0.005325883737739678,0.0037971654173405422
2023-06-14,-0.0002283883955408461,0.003534134710607706
2023-06-15,0.015909499750351053,0.0054471619167704155
2023-06-16,0.00964246740172725,0.008323340698921378
2023-06-19,-0.00818575009343725,0.003642807230721745
2023-06-20,-0.0016968599035352971,9.198752364114604e-05
2023-06-21,-0.01534193507187398,-0.021737369913004678
2023-06-26,-0.014062020133734365,-0.019460306572899766
2023-06-27,0.00938059050482809,0.013440362601765399
2023-06-28,-0.0012052737670609215,-0.004881891535267968
2023-06-29,-0.004935197591459217,0.006877347789863597
2023-06-30,0.005392188350988203,0.012576289225741277
2023-07-03,0.013124563494827157,0.0016430080097094013
2023-07-04,0.0015749770587709655,0.003865590029065169
2023-07-05,-0.007747575521222183,-0.008138032763716718
2023-07-06,-0.0067335255477053435,-0.0026341411347921007
2023-07-07,-0.004438456610306063,-0.0069517057271842875
2023-07-10,0.0048692019350817795,0.000831934546835722
2023-07-11,0.0065445006770885605,0.008046390634357747
2023-07-12,-0.006731953372309585,-0.014649245645802278
2023-07-13,0.014306466173543697,0.01007655931177509
2023-07-14,0.00017437820817223226,-0.0005884874560589948
2023-07-17,-0.00818849936935484,-0.00426304125689958
2023-07-18,-0.0031639634400812966,-0.0010014332715421181
2023-07-19,-0.0010565665716188999,-0.0027166370756799285
2023-07-20,-0.007055996724685154,-0.012874986212616624
2023-07-21,-0.0004667213746620824,-0.0011457755055821472
2023-07-24,-0.004366664835121714,-0.0011908301299798918
2023-07-25,0.028879873205787554,0.016340064016452827
2023-07-26,-0.002069543137082075,-0.006311727209560858
2023-07-27,-0.0011945187382031985,-0.007697916769103141
2023-07-28,0.023163452095916304,0.009025327184146281
2023-07-31,0.005483080080193492,0.007806552574519232
2023-08-01,-0.0041421250739887006,-0.0012947200768292921
2023-08-02,-0.007030013249121336,-0.0017503424248938027
2023-08-03,0.008838747624307475,0.0005422703142854424
2023-08-04,0.0038939732067337918,0.005504570104663431
2023-08-07,-0.007567591256503525,-0.0047954025830708735
2023-08-08,-0.0026116541743724797,-0.005018171558733409
2023-08-09,-0.003057240886710888,-0.007783174080489341
2023-08-10,0.002054509400374771,0.0009091140151760158
2023-08-11,-0.023005362102520133,-0.019010787646544958
2023-08-14,-0.007298107039246493,0.002343022088160618
2023-08-15,-0.0024301421655470445,-0.009126488808531175
2023-08-16,-0.007331766087599334,-0.012030279219972462
2023-08-17,0.0033436050038371246,0.009892372189338028
2023-08-18,-0.012293333550503327,-0.020887008935317586
2023-08-21,-0.014389203308939669,-0.009798193178690906
2023-08-22,0.007687807258506707,0.006937892522363764
2023-08-23,-0.016388897839622385,-0.020580372346854836
2023-08-24,0.007248594457784918,0.0023930343269149557
2023-08-25,-0.0038345296364294956,-0.018193071661074756
2023-08-28,0.011719040771505762,0.007337081708829851
2023-08-29,0.009989635506334471,0.031508291980612446
2023-08-30,-0.0004213601690948865,0.005053006757231859
2023-08-31,-0.006134839776179013,-0.005754617157900488
2023-09-01,0.006964551100455463,0.00047577973496792936
2023-09-04,0.015155118914689902,0.014992583507504875
2023-09-05,-0.0074395061907376325,-0.0050203893122342524
2023-09-06,-0.002169741184331997,0.0044977804402754895
2023-09-07,-0.014048557824190344,-0.018060788753844204
2023-09-08,-0.004917446832422567,0.003123043217976962
2023-09-11,0.007364800471401978,0.013134806010197453
2023-09-12,-0.0018399819298390296,0.0003174532161671628
2023-09-13,-0.006369587147258882,-0.01317286824738717
2023-09-14,-0.0008412880270631806,-0.005640361669744576
2023-09-15,-0.006624092405112747,0.001705485138191687
2023-09-18,0.005105295368828644,0.0008070322414150954
2023-09-19,-0.0019338677274068905,-0.008699518071196066
2023-09-20,-0.003981263711690941,-0.008039042542833719
2023-09-21,-0.00897133915526327,-0.007169842972515772
2023-09-22,0.018104533524915034,0.01940582899658394
2023-09-25,-0.006506937126736667,-0.004547386930899733
2023-09-26,-0.005844741930343789,-0.005190203434194074
2023-09-27,0.0020586029467195566,0.006329119623948332
2023-09-28,-0.002966576093198392,0.007438506789913868
2023-10-09,-0.001298272847189863,-0.0031222194496285383
2023-10-10,-0.007490730928465972,-0.0027200651700123313
2023-10-11,0.002849888214130125,0.0026342100553429226
2023-10-12,0.00949792535792926,0.007435453937743697
2023-10-13,-0.010526195241204572,-0.0037005755697339104
2023-10-16,-0.01004888777954005,-0.009455387851537211
2023-10-17,0.0035307477764554562,-0.0021561794603423
2023-10-18,-0.00792028514136578,-0.017194433787786623
2023-10-19,-0.021335151251599238,-0.011021685025901395
2023-10-20,-0.006496479667936761,-0.011735884535935659
2023-10-23,-0.010352992342680722,-0.023584387425705455
2023-10-24,0.0037091236947734973,0.014399527985861749
2023-10-25,0.004968956995067275,0.010417684597513688
2023-10-26,0.0027642508786522857,0.005673549078019091
2023-10-27,0.013727465072014056,0.018064722875784867
2023-10-30,0.006003477838485205,0.015191091258079936
2023-10-31,-0.003143671145579119,-0.006196193091648872
2023-11-01,-0.0004139391691926342,-0.0018299338990719338
2023-11-02,-0.004715142434663311,-0.012280273464542968
2023-11-03,0.008425973082072158,0.014939084627682897
2023-11-06,0.013524038873074185,0.020659475953041184
2023-11-07,-0.0035371552848911803,0.0033112720194530265
2023-11-08,-0.0023998833292590005,0.003626235333956229
2023-11-09,0.00048572829738136036,-0.006229872637410927
2023-11-10,-0.007289860572593843,-0.001989052751696474
2023-11-13,-0.0019727369603472766,0.009210111365772766
2023-11-14,0.0007387521885215964,0.006077660012525188
2023-11-15,0.007031431983353542,0.004090631421688862
2023-11-16,-0.009669788476270536,-0.010007188670029699
2023-11-17,-0.001202453019836347,0.008799996029389412
2023-11-20,0.0023135206064570646,0.008718472968520352
2023-11-21,0.0013265299588547386,-0.00658064710917261
2023-11-22,-0.010234713817450003,-0.012741952230516884
2023-11-23,0.004825674817759751,0.010525943513440161
2023-11-24,-0.006601590713898431,-0.013250207256099045
2023-11-27,-0.0073675059080550165,-0.0006610843510141962
2023-11-28,0.0018738348328264376,0.005225854311681877
2023-11-29,-0.008587665415990431,-0.004872868440528255
2023-11-30,0.002263418707405762,-0.005368400975829135
2023-12-01,-0.003810276680746294,0.008141372807413783
2023-12-04,-0.006530024436951165,-0.002554367002819413
2023-12-05,-0.019039963145978556,-0.01991895319250514
2023-12-06,0.0015735107396550596,0.005206971671379401
2023-12-07,-0.0024460833310291363,-0.0004935751889387774
2023-12-08,0.0024119195267229276,-0.0029376180401958774
2023-12-11,0.005881225080981878,0.011983071868929995
2023-12-12,0.0021489390647888573,0.0006436623480619019
2023-12-13,-0.01669135926401366,-0.009777413843046423
2023-12-14,-0.005235361414765216,-0.0046001421600551096
2023-12-15,-0.0031062983703374902,-0.006719446807046947
2023-12-18,-0.0036468087565426632,-0.01589406129978188
2023-12-19,0.0014043215498977801,0.0011160481810739142
2023-12-20,-0.01095937266762037,-0.01743478630211559
2023-12-21,0.010119053142709111,0.006526238822360142
2023-12-22,0.0019089007922195034,-0.011209533788407167
2023-12-25,0.0030632308292022348,0.0003168344722044303
2023-12-26,-0.006769509502574378,-0.014668989743860772
2023-12-27,0.0034790165105755833,0.007886685588898823
2023-12-28,0.023433671910189968,0.019200038004546505
2023-12-29,0.004852659082688282,0.014074157021848999
